split,image_id,object_index,object_id,class_name,class_id,difficult,polygon_area_px,bbox_width_px,bbox_height_px,oriented_long_side_px,oriented_short_side_px,orientation_abs_deg,x1,y1,x2,y2,x3,y3,x4,y4,image_width,image_height,image_source,gsd,relative_area_image,aspect_ratio,tile_id,label_index,tile_x,tile_y,tile_size,retained_fraction,clipped_polygon_area_px,tile_x1,tile_y1,tile_x2,tile_y2,tile_x3,tile_y3,tile_x4,tile_y4,tile_instances_for_object,matched_iou,matched_confidence,matched_prediction_index,edge_margin_px,edge_margin_normalized,center_margin_normalized,relative_area_tile,log_aspect_ratio,tile_object_count,is_negative_tile,very_small,detected_iou40,detected_iou50,detected_iou60,size_group,orientation_group,small_area_threshold_train_q25,propensity_score,predicted_outcome_control,predicted_outcome_treated,aipw_score,cate_g_computation,cate_effect_forest,cate_quartile
val,P0027,0,val:P0027:0,harbor,7,0,608.5,35.0,50.0,51.4781494140625,10.770329475402832,60.94539590092286,871.0,315.0,859.0,310.0,884.0,265.0,894.0,269.0,2346,1774,GoogleEarth,0.223671878369,0.0001462106336579,4.779626243712206,P0027__x0_y0,0,0,0,1024,1.0,608.5,871.0,315.0,859.0,310.0,884.0,265.0,894.0,269.0,1,0.0,0.0,-1,130.0,0.126953125,0.1435546875,0.0005803108215332,1.7543390168758863,1,False,0,0,0,0,petit,60-75,0.0005035400390625,0.05,0.3513311994151576,0.4113558951978003,0.4298470109564928,0.0600246957826427,-0.3307239571206524,Q2
val,P0027,1,val:P0027:1,harbor,7,0,683.5,27.0,69.0,68.4105224609375,9.848857879638672,74.74488129694222,1174.0,537.0,1164.0,534.0,1182.0,468.0,1191.0,472.0,2346,1774,GoogleEarth,0.223671878369,0.0001642316649222,6.946036108650529,P0027__x1024_y0,0,1024,0,1024,1.0,683.5,150.0,537.0,140.0,534.0,158.0,468.0,167.0,472.0,1,0.0,0.277847409248352,2,140.0,0.13671875,0.150146484375,0.0006518363952636,2.07267320163712,7,False,0,0,0,0,petit,60-75,0.0005035400390625,0.05,0.3372512481750561,0.3526999519866842,0.3704500176801082,0.0154487038116281,-0.2106507030084454,Q3
val,P0027,2,val:P0027:2,harbor,7,0,1637.0,94.0,86.0,113.35784149169922,13.45362377166748,42.479172092289815,515.0,1108.0,524.0,1118.0,441.0,1194.0,430.0,1183.0,2346,1774,GoogleEarth,0.223671878369,0.000393339042396,8.425822173682603,P0027__x0_y750,0,0,750,1024,1.0,1637.0,515.0,358.0,524.0,368.0,441.0,444.0,430.0,433.0,1,0.4362916946411133,0.7195543646812439,0,358.0,0.349609375,0.391357421875,0.001561164855957,2.2434529628114466,8,False,0,1,0,0,moyen,30-45,0.0005035400390625,0.05,0.3541361346625323,0.3774713241477772,0.3961100680773841,0.0233351894852448,-0.08814508924116671,Q4
val,P0027,23,val:P0027:23,harbor,7,0,989.0,69.0,66.0,84.89994049072266,10.0,40.60129464500449,1939.0,872.0,1932.0,860.0,1995.0,806.0,2001.0,814.0,2346,1774,GoogleEarth,0.223671878369,0.0002376373322722,8.489994049072266,P0027__x1024_y0,1,1024,0,1024,1.0,989.0,915.0,872.0,908.0,860.0,971.0,806.0,977.0,814.0,1,0.0,0.2787535786628723,1,47.0,0.0458984375,0.079345703125,0.0009431838989257,2.2502379855481167,7,False,0,0,0,0,moyen,30-45,0.0005035400390625,0.05,0.3365084879334821,0.3379090882333001,0.3556200612824308,0.0014006002998179,-0.183055545390111,Q3
val,P0027,24,val:P0027:24,harbor,7,0,1395.0,93.0,107.0,132.007568359375,10.0,49.916566006010015,1875.0,838.0,1867.0,832.0,1952.0,731.0,1960.0,739.0,2346,1774,GoogleEarth,0.223671878369,0.0003351911815164,13.2007568359375,P0027__x1024_y0,2,1024,0,1024,1.0,1395.0,851.0,838.0,843.0,832.0,928.0,731.0,936.0,739.0,1,0.3781555593013763,0.5919775366783142,0,88.0,0.0859375,0.13134765625,0.0013303756713867,2.6532952614923686,7,False,0,0,0,0,moyen,45-60,0.0005035400390625,0.05,0.3351532238275981,0.3471389967001609,0.3647786400595082,0.0119857728725627,-0.08437951880153335,Q4
val,P0027,25,val:P0027:25,harbor,7,0,1272.0,48.0,99.0,102.52804565429688,12.369317054748535,69.44395478041653,1828.0,831.0,1816.0,828.0,1852.0,732.0,1864.0,736.0,2346,1774,GoogleEarth,0.223671878369,0.0003056366902429,8.288901092961858,P0027__x1024_y0,3,1024,0,1024,1.0,1272.0,804.0,831.0,792.0,828.0,828.0,732.0,840.0,736.0,1,0.0,0.0,-1,184.0,0.1796875,0.203125,0.0012130737304687,2.2288202565891804,7,False,0,0,0,0,moyen,60-75,0.0005035400390625,0.05,0.3407579374759293,0.3642285332254448,0.3821631615136516,0.0234705957495154,-0.053906023413706844,Q4
val,P0027,26,val:P0027:26,harbor,7,0,1007.5,39.0,96.0,98.08159637451172,9.219544410705566,73.4126614430726,1777.0,794.0,1768.0,792.0,1796.0,698.0,1807.0,701.0,2346,1774,GoogleEarth,0.223671878369,0.0002420825199841,10.6384428563109,P0027__x1024_y0,4,1024,0,1024,1.0,1007.5,753.0,794.0,744.0,792.0,772.0,698.0,783.0,701.0,1,0.0,0.0,-1,230.0,0.224609375,0.2548828125,0.0009608268737792,2.4543136581235654,7,False,0,0,0,0,moyen,60-75,0.0005035400390625,0.05,0.3386257151505011,0.3631851389785742,0.3810075450391269,0.0245594238280731,-0.07175200407733033,Q4
val,P0027,27,val:P0027:27,harbor,7,0,1674.0,44.0,91.0,90.8019790649414,18.439088821411133,73.3611943295737,1687.0,795.0,1669.0,791.0,1695.0,704.0,1713.0,709.0,2346,1774,GoogleEarth,0.223671878369,0.0004022294178197,4.924428747233096,P0027__x1024_y0,5,1024,0,1024,1.0,1674.0,663.0,795.0,645.0,791.0,671.0,704.0,689.0,709.0,1,0.0,0.0,-1,229.0,0.2236328125,0.267822265625,0.001596450805664,1.7790842684039716,7,False,0,0,0,0,moyen,60-75,0.0005035400390625,0.05,0.3497165276529817,0.360809388196785,0.3792155212311525,0.0110928605438033,-0.04924753005809842,Q4
val,P0027,28,val:P0027:28,harbor,7,0,993.0,32.0,93.0,95.34149169921876,10.0,77.27564431457763,1625.0,776.0,1615.0,776.0,1636.0,683.0,1647.0,686.0,2346,1774,GoogleEarth,0.223671878369,0.0002385984539396,9.534149169921877,P0027__x1024_y0,6,1024,0,1024,1.0,993.0,601.0,776.0,591.0,776.0,612.0,683.0,623.0,686.0,1,0.0,0.0,-1,248.0,0.2421875,0.286865234375,0.0009469985961914,2.3546222817661246,7,False,0,0,0,0,moyen,75-90,0.0005035400390625,0.05,0.3428634642873339,0.3668392881922895,0.3848847336810966,0.0239758239049556,-0.20638298749128975,Q3
val,P0027,29,val:P0027:29,harbor,7,0,1954.0,99.0,84.0,113.0707778930664,17.029386520385742,39.217607677635954,477.0,1034.0,488.0,1047.0,401.0,1118.0,389.0,1105.0,2346,1774,GoogleEarth,0.223671878369,0.0004695079345399,6.639744641282896,P0027__x0_y750,7,0,750,1024,1.0,1954.0,477.0,284.0,488.0,297.0,401.0,368.0,389.0,355.0,1,0.0,0.4507675766944885,5,284.0,0.27734375,0.318359375,0.0018634796142578,2.0333641787039864,8,False,0,0,0,0,moyen,30-45,0.0005035400390625,0.05,0.344242847178475,0.3626469826347118,0.3807650272230526,0.0184041354562368,-0.0891257869255205,Q4
val,P0027,3,val:P0027:3,harbor,7,0,1532.5,95.0,82.0,112.0446319580078,13.45362377166748,40.266561669424505,562.0,1160.0,572.0,1170.0,487.0,1242.0,477.0,1233.0,2346,1774,GoogleEarth,0.223671878369,0.0003682297388344,8.328212075765567,P0027__x0_y750,1,0,750,1024,1.0,1532.5,562.0,410.0,572.0,420.0,487.0,492.0,477.0,483.0,1,0.4239798486232757,0.3512753248214721,7,410.0,0.400390625,0.440673828125,0.0014615058898925,2.233043364744799,8,False,0,1,0,0,moyen,30-45,0.0005035400390625,0.05,0.3561319382277705,0.3794623867487072,0.3982061729712215,0.0233304485209367,-0.08217071250863797,Q4
val,P0027,4,val:P0027:4,harbor,7,0,1708.5,105.0,98.0,130.96946716308594,12.04159450531006,42.21483357788563,608.0,1172.0,618.0,1182.0,521.0,1270.0,513.0,1261.0,2346,1774,GoogleEarth,0.223671878369,0.0004105190922013,10.87642231311904,P0027__x0_y750,2,0,750,1024,1.0,1708.5,608.0,422.0,618.0,432.0,521.0,520.0,513.0,511.0,1,0.4793601632118225,0.5731045603752136,2,406.0,0.396484375,0.4482421875,0.00162935256958,2.474555116484744,8,False,0,1,0,0,moyen,30-45,0.0005035400390625,0.05,0.3574667551586895,0.3774713241477772,0.3962853638929713,0.0200045689890877,-0.08226836848690812,Q4
val,P0027,5,val:P0027:5,harbor,7,0,1126.0,63.0,80.0,91.8368148803711,12.206555366516112,55.06068979532297,650.0,1236.0,660.0,1243.0,609.0,1316.0,597.0,1311.0,2346,1774,GoogleEarth,0.223671878369,0.0002705557493817,7.523565176486177,P0027__x0_y750,3,0,750,1024,1.0,1126.0,650.0,486.0,660.0,493.0,609.0,566.0,597.0,561.0,1,0.0,0.6066686511039734,1,364.0,0.35546875,0.3857421875,0.0010738372802734,2.1428347012606856,8,False,0,0,0,0,moyen,45-60,0.0005035400390625,0.05,0.3496066345176608,0.3789722843208951,0.3973726335060351,0.0293656498032343,-0.049108924488590146,Q4
val,P0027,6,val:P0027:6,harbor,7,0,915.5,57.0,76.0,85.21150207519531,10.630146026611328,54.07149757717716,657.0,1251.0,666.0,1258.0,616.0,1327.0,609.0,1319.0,2346,1774,GoogleEarth,0.223671878369,0.0002199767216332,8.016023661563846,P0027__x0_y750,4,0,750,1024,1.0,915.5,657.0,501.0,666.0,508.0,616.0,577.0,609.0,569.0,1,0.0,0.5687472820281982,3,358.0,0.349609375,0.3779296875,0.0008730888366699,2.1990034011310864,8,False,0,0,0,0,petit,45-60,0.0005035400390625,0.05,0.3500264524848234,0.3789722843208951,0.3973947291885173,0.0289458318360716,-0.051838609696269765,Q4
val,P0027,7,val:P0027:7,harbor,7,0,1555.5,62.0,120.0,127.76932525634766,10.198039054870604,65.28920053776979,800.0,1327.0,813.0,1334.0,761.0,1447.0,751.0,1445.0,2346,1774,GoogleEarth,0.223671878369,0.0003737561884221,12.52881309523175,P0027__x0_y750,5,0,750,1024,1.0,1555.5,800.0,577.0,813.0,584.0,761.0,697.0,751.0,695.0,1,0.0,0.4508542120456695,4,211.0,0.2060546875,0.237060546875,0.0014834403991699,2.604821714405072,8,False,0,0,0,0,moyen,60-75,0.0005035400390625,0.05,0.3448398264914564,0.3669351314704248,0.3850845960226067,0.0220953049789683,-0.05136242559384778,Q4
val,P0027,8,val:P0027:8,harbor,7,0,1278.0,42.0,102.0,103.44564056396484,12.369317054748535,73.14160123226172,1013.0,1385.0,1025.0,1388.0,995.0,1487.0,983.0,1484.0,2346,1774,GoogleEarth,0.223671878369,0.0003070783727441,8.363084243543781,P0027__x0_y750,6,0,750,1024,0.9986116651078344,1234.0884769558909,994.823486328125,737.582763671875,983.0001220703124,734.0,1013.1619873046876,634.4658203125,1024.0,638.048583984375,1,0.4823205173015594,0.2508143186569214,8,0.0,0.0,0.0197789072990417,0.0011769184846457,2.2367747494110715,8,False,0,1,0,0,moyen,60-75,0.0005035400390625,0.05,0.3108289797370891,0.3340172029336272,0.3503766229197897,0.023188223196538,-0.17971931658751292,Q3
val,P0075,0,val:P0075:0,swimming-pool,14,0,1504.0,42.0,49.0,46.3249397277832,31.78049659729004,76.26373169437744,218.0,108.0,249.0,101.0,260.0,146.0,224.0,150.0,451,839,GoogleEarth,0.139152881468,0.0039747455660708,1.4576531107991997,P0075__x0_y0,0,0,0,1024,1.0,1504.0,218.0,108.0,249.0,101.0,260.0,146.0,224.0,150.0,1,0.0,0.0,-1,101.0,0.0986328125,0.123291015625,0.001434326171875,0.8992068745772233,2,False,0,0,0,0,moyen,75-90,0.0005035400390625,0.05,0.4184282545208128,0.1946751002733884,0.2166976399850102,-0.2237531542474243,-0.4646521142232931,Q1
val,P0075,1,val:P0075:1,roundabout,12,0,56576.0,221.0,256.0,256.0,221.0,90.0,119.0,270.0,340.0,270.0,340.0,526.0,119.0,526.0,451,839,GoogleEarth,0.139152881468,0.1495180885279434,1.158371040723982,P0075__x0_y0,1,0,0,1024,1.0,56576.0,119.0,270.0,340.0,270.0,340.0,526.0,119.0,526.0,1,0.0,0.0,-1,119.0,0.1162109375,0.22412109375,0.053955078125,0.7693537893705884,2,False,0,0,0,0,grand,75-90,0.0005035400390625,0.05,0.5557749378352167,0.2111489883035997,0.2404003008212427,-0.3446259495316169,-0.6134710937305724,Q1
val,P0131,0,val:P0131:0,baseball-diamond,3,0,20066.5,159.0,132.0,157.07960510253906,126.0991668701172,0.3720452872032956,679.0,1013.0,677.0,881.0,831.0,882.0,836.0,1008.0,1536,1280,GoogleEarth,2.68220901489e-06,0.0102063496907552,1.245683131787317,P0131__x0_y256,0,0,256,1024,1.0,20066.5,679.0,757.0,677.0,625.0,831.0,626.0,836.0,752.0,2,0.7986864447593689,0.3644214272499084,11,188.0,0.18359375,0.261962890625,0.019136905670166,0.8090097652357314,25,False,0,1,1,1,grand,0-15,0.0005035400390625,0.05,0.5526888426172447,0.1385297135700379,-0.8850129789237913,-0.4141591290472068,-1.0,Q1
val,P0131,1,val:P0131:1,soccer-ball-field,13,0,76804.0,238.0,329.0,328.0243835449219,234.008544921875,89.30130561701652,369.0,507.0,603.0,505.0,607.0,833.0,372.0,834.0,1536,1280,GoogleEarth,2.68220901489e-06,0.0390645345052083,1.4017624170708576,P0131__x0_y256,1,0,256,1024,1.0,76804.0,369.0,251.0,603.0,249.0,607.0,577.0,372.0,578.0,2,0.0,0.0,-1,249.0,0.2431640625,0.404052734375,0.0732460021972656,0.8762028083040716,25,False,0,0,0,0,grand,75-90,0.0005035400390625,0.05,0.7002641552245382,0.1819629886089124,0.218818996778625,-0.5183011666156258,-0.6020926590344738,Q1
val,P0131,10,val:P0131:10,tennis-court,4,0,3520.0,45.0,81.0,81.02468872070312,43.011627197265625,88.58557678859785,628.0,278.0,671.0,277.0,673.0,358.0,628.0,357.0,1536,1280,GoogleEarth,2.68220901489e-06,0.0017903645833333,1.8837857109915177,P0131__x0_y0,5,0,0,1024,1.0,3520.0,628.0,278.0,671.0,277.0,673.0,358.0,628.0,357.0,2,0.9119249582290648,0.3950692415237427,14,277.0,0.2705078125,0.31005859375,0.00335693359375,1.0591039139546017,17,False,0,1,1,1,grand,75-90,0.0005035400390625,0.05,0.7344494861356147,0.1668771092828164,-0.8470992335521512,-0.5675723768527983,-0.4977118528509926,Q1
val,P0131,11,val:P0131:11,tennis-court,4,0,3397.0,44.0,80.0,80.0062484741211,43.011627197265625,89.28384005452959,554.0,279.0,597.0,278.0,598.0,358.0,555.0,357.0,1536,1280,GoogleEarth,2.68220901489e-06,0.001727803548177,1.8601074566927176,P0131__x0_y0,6,0,0,1024,1.0,3397.0,554.0,279.0,597.0,278.0,598.0,358.0,555.0,357.0,2,0.9154282212257384,0.578159749507904,5,278.0,0.271484375,0.310546875,0.003239631652832,1.0508591963961222,17,False,0,1,1,1,grand,75-90,0.0005035400390625,0.05,0.7307919999385571,0.1663207382177635,-0.8478481038907334,-0.5644712617207935,-0.5052866462688346,Q1
val,P0131,12,val:P0131:12,tennis-court,4,0,3349.5,44.0,77.0,77.0064926147461,43.0,90.0,480.0,280.0,524.0,280.0,524.0,357.0,481.0,357.0,1536,1280,GoogleEarth,2.68220901489e-06,0.0017036437988281,1.7908486654592115,P0131__x0_y0,7,0,0,1024,1.0,3349.5,480.0,280.0,524.0,280.0,524.0,357.0,481.0,357.0,2,0.913487434387207,0.5054436326026917,9,280.0,0.2734375,0.31103515625,0.0031943321228027,1.0263457307477384,17,False,0,1,1,1,grand,75-90,0.0005035400390625,0.05,0.719744865847171,0.1663422644953946,-0.8484080057231753,-0.5534026013517763,-0.6225899455116888,Q1
val,P0131,13,val:P0131:13,tennis-court,4,0,3571.5,46.0,79.0,79.0,45.0111083984375,90.0,408.0,281.0,453.0,280.0,453.0,359.0,407.0,359.0,1536,1280,GoogleEarth,2.68220901489e-06,0.0018165588378906,1.755122297826871,P0131__x0_y0,8,0,0,1024,1.0,3571.5,408.0,281.0,453.0,280.0,453.0,359.0,407.0,359.0,2,0.8711047172546387,0.3470337390899658,18,280.0,0.2734375,0.312255859375,0.0034060478210449,1.0134618328453409,17,False,0,1,1,1,grand,75-90,0.0005035400390625,0.05,0.7216389679159156,0.1663422644953946,-0.8483083161406098,-0.555296703420521,-0.6580027067992056,Q1
val,P0131,14,val:P0131:14,tennis-court,4,0,3578.0,46.0,80.0,80.0062484741211,45.0,89.28384005452959,333.0,281.0,378.0,280.0,379.0,360.0,334.0,360.0,1536,1280,GoogleEarth,2.68220901489e-06,0.0018198649088541,1.7779166327582463,P0131__x0_y0,9,0,0,1024,1.0,3578.0,333.0,281.0,378.0,280.0,379.0,360.0,334.0,360.0,2,0.9393861889839172,0.382862240076065,16,280.0,0.2734375,0.312744140625,0.0034122467041015,1.0217012340756018,17,False,0,1,1,1,grand,75-90,0.0005035400390625,0.05,0.7318807378983008,0.1663207382177635,-0.8477908018928522,-0.5655599996805372,-0.5512658177293903,Q1
val,P0131,15,val:P0131:15,ground-track-field,6,0,195072.0,328.0,605.0,605.0074462890625,319.0015563964844,89.7158910252171,322.0,383.0,650.0,380.0,647.0,985.0,328.0,984.0,1536,1280,GoogleEarth,2.68220901489e-06,0.09921875,1.8965658134191163,P0131__x0_y256,10,0,256,1024,1.0,195072.0,322.0,127.0,650.0,124.0,647.0,729.0,328.0,728.0,2,0.0,0.0,-1,124.0,0.12109375,0.4169921875,0.18603515625,1.0635258330016093,25,False,0,0,0,0,grand,75-90,0.0005035400390625,0.05,0.6823305882236994,0.1816879333394961,0.2176000695617961,-0.5006426548842033,-0.5563969463111452,Q1
val,P0131,19,val:P0131:19,swimming-pool,14,0,1679.0,64.0,29.0,62.0322494506836,26.305892944335938,0.9548412538721892,944.0,1078.0,1004.0,1077.0,1002.0,1106.0,940.0,1104.0,1536,1280,GoogleEarth,2.68220901489e-06,0.0008539835611979,2.358112289970377,P0131__x0_y256,11,0,256,1024,1.0,1679.0,944.0,822.0,1004.0,821.0,1002.0,850.0,940.0,848.0,1,0.0,0.0,-1,20.0,0.01953125,0.05029296875,0.001601219177246,1.2113789976347882,25,False,0,0,0,0,moyen,0-15,0.0005035400390625,0.05,0.4925746642523974,0.1397854313897404,0.165710413718814,-0.3527892328626569,-1.0,Q1
val,P0131,20,val:P0131:20,swimming-pool,14,0,1012.0,48.0,23.0,47.04253387451172,21.02379608154297,2.436648246810131,795.0,1078.0,842.0,1080.0,841.0,1101.0,794.0,1100.0,1536,1280,GoogleEarth,2.68220901489e-06,0.0005147298177083,2.237585148374365,P0131__x0_y256,12,0,256,1024,1.0,1012.0,795.0,822.0,842.0,824.0,841.0,845.0,794.0,844.0,1,0.0,0.0,-1,179.0,0.1748046875,0.185791015625,0.0009651184082031,1.1748277273359744,25,False,0,0,0,0,moyen,0-15,0.0005035400390625,0.05,0.5155344932513117,0.125488983195161,0.1526223775768089,-0.3900455100561507,-0.4914547704076826,Q1
val,P0131,21,val:P0131:21,swimming-pool,14,0,1298.0,61.0,23.0,59.00847244262695,21.09502220153809,0.9710219310791666,579.0,1080.0,638.0,1081.0,636.0,1102.0,577.0,1103.0,1536,1280,GoogleEarth,2.68220901489e-06,0.0006601969401041,2.797269985253892,P0131__x0_y256,13,0,256,1024,1.0,1298.0,579.0,824.0,638.0,825.0,636.0,846.0,577.0,847.0,1,0.0,0.0,-1,177.0,0.1728515625,0.18408203125,0.0012378692626953,1.3342823836082935,25,False,0,0,0,0,moyen,0-15,0.0005035400390625,0.05,0.5488643061895158,0.1787556350198295,0.2076432300824356,-0.3701086711696861,-1.0,Q1
val,P0131,22,val:P0131:22,swimming-pool,14,0,717.5,45.0,17.0,45.0,16.124515533447266,1.3639275316029114,368.0,1086.0,410.0,1085.0,411.0,1102.0,366.0,1102.0,1536,1280,GoogleEarth,2.68220901489e-06,0.0003649393717447,2.790781521879277,P0131__x0_y256,14,0,256,1024,1.0,717.5,368.0,830.0,410.0,829.0,411.0,846.0,366.0,846.0,1,0.0,0.0,-1,178.0,0.173828125,0.181884765625,0.0006842613220214,1.332572204137339,25,False,0,0,0,0,petit,0-15,0.0005035400390625,0.05,0.5463884279483906,0.1787556350198295,0.2075129207013238,-0.367632792928561,-0.5464668103754435,Q1
val,P0131,23,val:P0131:23,swimming-pool,14,0,996.5,58.0,19.0,57.00876998901367,18.027755737304688,1.06091169026422,203.0,1054.0,257.0,1053.0,256.0,1071.0,199.0,1072.0,1536,1280,GoogleEarth,2.68220901489e-06,0.000506846110026,3.162277702212588,P0131__x0_y256,15,0,256,1024,1.0,996.5,203.0,798.0,257.0,797.0,256.0,815.0,199.0,816.0,1,0.0,0.0,-1,199.0,0.1943359375,0.21240234375,0.0009503364562988,1.4260624490066185,25,False,0,0,0,0,moyen,0-15,0.0005035400390625,0.05,0.5565060309211162,0.192426827634993,0.2217166187361045,-0.3640792032861231,-0.9371359333230238,Q1
val,P0131,24,val:P0131:24,swimming-pool,14,0,1134.0,54.0,42.0,50.990196228027344,23.323806762695312,25.46334506187162,6.0,1065.0,48.0,1045.0,60.0,1065.0,14.0,1087.0,1536,1280,GoogleEarth,2.68220901489e-06,0.0005767822265625,2.1861867038609817,P0131__x0_y256,16,0,256,1024,1.0,1134.0,6.0,809.0,48.0,789.0,60.0,809.0,14.0,831.0,1,0.0,0.0,-1,6.0,0.005859375,0.03125,0.0010814666748046,1.1588248111082735,25,False,0,0,0,0,moyen,15-30,0.0005035400390625,0.05,0.4631066915419071,0.1325738809161424,0.1569479173130848,-0.3305328106257648,-0.2002003583406002,Q3
val,P0131,25,val:P0131:25,swimming-pool,14,0,1402.5,37.0,43.0,43.185646057128906,29.017236709594727,84.55966796899449,285.0,837.0,314.0,838.0,318.0,880.0,281.0,880.0,1536,1280,GoogleEarth,2.68220901489e-06,0.0007133483886718,1.4882756235313512,P0131__x0_y256,17,0,256,1024,1.0,1402.5,285.0,581.0,314.0,582.0,318.0,624.0,281.0,624.0,2,0.6346158981323242,0.3394451737403869,13,281.0,0.2744140625,0.29248046875,0.0013375282287597,0.911589949903272,25,False,0,1,1,1,moyen,75-90,0.0005035400390625,0.05,0.6986335748065359,0.139486420736096,-0.8763749700635599,-0.5591471540704398,-0.5747829742146348,Q1
val,P0131,26,val:P0131:26,swimming-pool,14,0,806.5,23.0,38.0,38.05259704589844,20.02498435974121,88.45184230102204,296.0,654.0,316.0,655.0,317.0,692.0,294.0,692.0,1536,1280,GoogleEarth,2.68220901489e-06,0.0004102071126302,1.900256018296845,P0131__x0_y0,12,0,0,1024,1.0,806.5,296.0,654.0,316.0,655.0,317.0,692.0,294.0,692.0,2,0.0,0.0,-1,294.0,0.287109375,0.298583984375,0.0007691383361816,1.0647990152671127,17,False,0,0,0,0,petit,75-90,0.0005035400390625,0.05,0.670185651681429,0.1657705306087863,0.2010434596446511,-0.5044151210726426,-0.464119339692483,Q1
val,P0131,27,val:P0131:27,swimming-pool,14,0,834.0,24.0,36.0,36.013885498046875,23.0,90.0,2.0,725.0,25.0,725.0,25.0,760.0,1.0,761.0,1536,1280,GoogleEarth,2.68220901489e-06,0.0004241943359375,1.5658211086107336,P0131__x0_y0,13,0,0,1024,1.0,834.0,2.0,725.0,25.0,725.0,25.0,760.0,1.0,761.0,2,0.7654493451118469,0.5525175333023071,6,1.0,0.0009765625,0.012939453125,0.0007953643798828,0.9422785477112324,17,False,0,1,1,1,petit,75-90,0.0005035400390625,0.05,0.62889279654132,0.1742312530973455,-0.8453007049794271,-0.4546615434439744,-0.5875259700343359,Q1
val,P0131,28,val:P0131:28,swimming-pool,14,0,759.5,27.0,33.0,33.0151481628418,23.0867919921875,88.26429541107161,289.0,477.0,312.0,475.0,311.0,508.0,285.0,506.0,1536,1280,GoogleEarth,2.68220901489e-06,0.0003863016764322,1.4300448574238476,P0131__x0_y0,14,0,0,1024,1.0,759.5,289.0,477.0,312.0,475.0,311.0,508.0,285.0,506.0,2,0.7256183624267578,0.2983436286449432,21,285.0,0.2783203125,0.292236328125,0.0007243156433105,0.887909717027281,17,False,0,1,1,1,petit,75-90,0.0005035400390625,0.05,0.6856632547451167,0.1658981440580428,-0.8506458951658984,-0.5197651106870739,-0.5571188802887448,Q1
val,P0131,29,val:P0131:29,swimming-pool,14,1,914.5,32.0,31.0,32.24903106689453,27.01851272583008,7.125016348901798,1.0,272.0,33.0,276.0,32.0,303.0,1.0,303.0,1536,1280,GoogleEarth,2.68220901489e-06,0.0004651387532552,1.1935901651634586,P0131__x0_y0,15,0,0,1024,1.0,914.5,1.0,272.0,33.0,276.0,32.0,303.0,1.0,303.0,2,0.0,0.0,-1,1.0,0.0009765625,0.016357421875,0.0008721351623535,0.7855395463929313,17,False,0,0,0,0,petit,0-15,0.0005035400390625,0.05,0.5024182847238056,0.1310418874678411,0.1574849550848835,-0.3713763972559644,-0.41095020625711987,Q2
val,P0131,31,val:P0131:31,swimming-pool,14,0,749.0,45.0,18.0,45.0,16.0,2.6630007660671424,452.0,1085.0,495.0,1083.0,497.0,1101.0,452.0,1101.0,1536,1280,GoogleEarth,2.68220901489e-06,0.0003809611002604,2.8125,P0131__x0_y256,22,0,256,1024,1.0,749.0,452.0,829.0,495.0,827.0,497.0,845.0,452.0,845.0,1,0.0,0.0,-1,179.0,0.1748046875,0.18310546875,0.0007143020629882,1.33828514193353,25,False,0,0,0,0,petit,0-15,0.0005035400390625,0.05,0.5531416979174449,0.1772327266992114,0.2063454476422348,-0.3759089712182335,-0.5277854872318958,Q1
val,P0131,32,val:P0131:32,swimming-pool,14,0,311.0,24.0,14.0,24.020824432373047,13.152946472167969,0.0,505.0,1084.0,527.0,1084.0,527.0,1098.0,503.0,1097.0,1536,1280,GoogleEarth,2.68220901489e-06,0.0001581827799479,1.8262694585735475,P0131__x0_y256,23,0,256,1024,1.0,311.0,505.0,828.0,527.0,828.0,527.0,842.0,503.0,841.0,1,0.0,0.0,-1,182.0,0.177734375,0.184814453125,0.0002965927124023,1.0389576295305425,25,False,1,0,0,0,tres petit,0-15,0.0005035400390625,0.05,0.5174050878975487,0.138159748660736,-3.1424403124515328,-0.3792453392368127,-1.0,Q1
val,P0131,33,val:P0131:33,baseball-diamond,3,0,25073.0,177.0,148.0,174.02586364746094,145.03103637695312,0.9992436702573002,693.0,415.0,865.0,412.0,862.0,557.0,688.0,560.0,1536,1280,GoogleEarth,2.68220901489e-06,0.0127527872721354,1.199921534002879,P0131__x0_y0,16,0,0,1024,1.0,25073.0,693.0,415.0,865.0,412.0,862.0,557.0,688.0,560.0,2,0.0,0.9630570411682128,0,159.0,0.1552734375,0.2412109375,0.0239114761352539,0.7884216933658826,17,False,0,0,0,0,grand,0-15,0.0005035400390625,0.05,0.556780493627257,0.136978087730683,0.1662823242373807,-0.419802405896574,-1.0,Q1
val,P0131,6,val:P0131:6,basketball-court,5,0,5750.0,63.0,93.0,93.00537872314452,62.00806427001953,90.0,922.0,273.0,985.0,274.0,985.0,365.0,923.0,366.0,1536,1280,GoogleEarth,2.68220901489e-06,0.0029246012369791,1.4998916643832725,P0131__x0_y0,2,0,0,1024,1.0,5750.0,922.0,273.0,985.0,274.0,985.0,365.0,923.0,366.0,2,0.0,0.0,-1,39.0,0.0380859375,0.068603515625,0.0054836273193359,0.9162473966885084,17,False,0,0,0,0,grand,75-90,0.0005035400390625,0.05,0.6771688480738677,0.1735505965989466,0.2091910622870449,-0.503618251474921,-0.6297978560449954,Q1
val,P0131,7,val:P0131:7,basketball-court,5,0,5657.5,62.0,93.0,93.0,61.03277969360352,90.0,848.0,277.0,909.0,275.0,909.0,368.0,847.0,368.0,1536,1280,GoogleEarth,2.68220901489e-06,0.0028775533040364,1.5237713318462338,P0131__x0_y0,3,0,0,1024,1.0,5657.5,848.0,277.0,909.0,275.0,909.0,368.0,847.0,368.0,2,0.0,0.0,-1,115.0,0.1123046875,0.142333984375,0.0053954124450683,0.9257543430494992,17,False,0,0,0,0,grand,75-90,0.0005035400390625,0.05,0.6552664448898619,0.1744002696712129,0.2088879772969952,-0.4808661752186489,-0.6391310298578197,Q1
val,P0131,8,val:P0131:8,tennis-court,4,0,3537.5,45.0,80.0,80.0,44.0113639831543,89.27477570094075,701.0,277.0,745.0,278.0,746.0,357.0,701.0,357.0,1536,1280,GoogleEarth,2.68220901489e-06,0.0017992655436197,1.8177123533508448,P0131__x0_y0,4,0,0,1024,1.0,3537.5,701.0,277.0,745.0,278.0,746.0,357.0,701.0,357.0,2,0.9633126258850098,0.369765430688858,17,277.0,0.2705078125,0.293701171875,0.0033736228942871,1.0359253335152094,17,False,0,1,1,1,grand,75-90,0.0005035400390625,0.05,0.7343626897860148,0.164563060892817,-0.849417850171077,-0.5697996288931978,-0.5364051804883875,Q1
val,P0150,0,val:P0150:0,tennis-court,4,0,965.0,41.0,50.0,47.01063537597656,21.02379608154297,60.70863782901574,508.0,173.0,527.0,182.0,504.0,223.0,486.0,212.0,722,612,GoogleEarth,0.514015305079,0.0021839298969818,2.2360678915282923,P0150__x0_y0,0,0,0,1024,1.0,965.0,508.0,173.0,527.0,182.0,504.0,223.0,486.0,212.0,1,0.0,0.0,-1,173.0,0.1689453125,0.19287109375,0.000920295715332,1.1743589790528948,2,False,0,0,0,0,moyen,60-75,0.0005035400390625,0.2968558937858881,0.3107526443562862,0.151934879474356,0.2831295423769605,-0.1588177648819302,-0.018226239809513912,Q4
val,P0150,1,val:P0150:1,baseball-diamond,3,0,5799.0,106.0,105.0,79.32212829589844,72.94518280029297,33.69006752597977,449.0,301.0,409.0,363.0,343.0,319.0,383.0,258.0,722,612,GoogleEarth,0.514015305079,0.0131239476399978,1.0874210640209658,P0150__x0_y0,1,0,0,1024,1.0,5799.0,449.0,301.0,409.0,363.0,343.0,319.0,383.0,258.0,1,0.0,0.0,-1,258.0,0.251953125,0.302978515625,0.0055303573608398,0.7359293633852686,2,False,0,0,0,0,grand,30-45,0.0005035400390625,0.05,0.1609597287724905,0.1793988615911731,0.1878704262634095,0.0184391328186825,0.1811982095823822,Q4
val,P0179,10,val:P0179:10,plane,0,0,4899.5,101.0,98.0,80.62257385253906,63.03173828125,43.994913994745815,3377.0,2582.0,3435.0,2526.0,3478.0,2573.0,3424.0,2624.0,4774,4542,GoogleEarth,0.139595726182,0.0002259551360416,1.2790790171896909,P0179__x3072_y2048,8,3072,2048,1024,1.0,4899.5,305.0,534.0,363.0,478.0,406.0,525.0,352.0,576.0,1,0.601454496383667,0.3535530567169189,16,305.0,0.2978515625,0.34814453125,0.0046725273132324,0.8237714215315971,15,False,0,1,1,1,grand,30-45,0.0005035400390625,0.0919148446408949,0.6782554408967217,0.087056618813358,-0.9455098216680264,-0.5911988220833637,-0.016217586798144196,Q4
val,P0179,101,val:P0179:101,small-vehicle,10,0,612.0,37.0,36.0,33.970577239990234,18.3847770690918,42.61405596961117,2609.0,3605.0,2634.0,3582.0,2646.0,3596.0,2622.0,3618.0,4774,4542,GoogleEarth,0.139595726182,2.822421538064782e-05,1.8477557335792247,P0179__x2048_y3072,8,2048,3072,1024,1.0,612.0,561.0,533.0,586.0,510.0,598.0,524.0,574.0,546.0,2,0.0,0.0,-1,426.0,0.416015625,0.433837890625,0.0005836486816406,1.0465312221675458,15,False,0,0,0,0,petit,30-45,0.0005035400390625,0.3233245196206686,0.4934924084558172,0.095182941903242,0.3309801601074226,-0.3983094665525752,-0.25666871930836405,Q3
val,P0179,102,val:P0179:102,small-vehicle,10,0,804.0,43.0,42.0,41.86884307861328,19.416488647460938,41.87786953788429,2177.0,3757.0,2206.0,3731.0,2220.0,3746.0,2188.0,3773.0,4774,4542,GoogleEarth,0.139595726182,3.707887118634125e-05,2.1563550361145447,P0179__x2048_y3072,9,2048,3072,1024,1.0,804.0,129.0,685.0,158.0,659.0,172.0,674.0,140.0,701.0,2,0.0,0.0,-1,129.0,0.1259765625,0.146240234375,0.0007667541503906,1.1494178922567715,15,False,0,0,0,0,petit,30-45,0.0005035400390625,0.2697076926994569,0.4847219624122692,0.0725398233907145,0.2515547750423472,-0.4121821390215546,-0.3733894805003986,Q2
val,P0179,103,val:P0179:103,small-vehicle,10,0,717.0,41.0,42.0,42.42640686035156,16.278820037841797,48.012787504183336,2190.0,3713.0,2201.0,3725.0,2174.0,3755.0,2160.0,3743.0,4774,4542,GoogleEarth,0.139595726182,3.3066605274386416e-05,2.6062335452893395,P0179__x2048_y3072,10,2048,3072,1024,1.0,717.0,142.0,641.0,153.0,653.0,126.0,683.0,112.0,671.0,2,0.0,0.0,-1,112.0,0.109375,0.130126953125,0.0006837844848632,1.282663888432484,15,False,0,0,0,0,petit,45-60,0.0005035400390625,0.2380915582065275,0.4626918590297126,0.1753945912672563,0.3199828641397082,-0.2872972677624562,-0.3285651783348771,Q2
val,P0179,104,val:P0179:104,small-vehicle,10,0,612.0,40.0,33.0,38.07886505126953,16.552946090698242,29.931511840507767,3146.0,4036.0,3139.0,4051.0,3106.0,4032.0,3115.0,4018.0,4774,4542,GoogleEarth,0.139595726182,2.822421538064782e-05,2.300428264710386,P0179__x3072_y3518,5,3072,3518,1024,1.0,612.0,74.0,518.0,67.0,533.0,34.0,514.0,43.0,500.0,1,0.0,0.0,-1,34.0,0.033203125,0.05322265625,0.0005836486816406,1.1940522372370697,12,False,0,0,0,0,petit,15-30,0.0005035400390625,0.2282762258860489,0.4029462830950896,0.0812997704950123,0.2004914551691927,-0.3216465126000773,-0.416385521730738,Q2
val,P0179,105,val:P0179:105,small-vehicle,10,0,660.0,42.0,36.0,39.66106414794922,16.6433162689209,33.690067525979785,1856.0,2037.0,1865.0,2023.0,1898.0,2045.0,1889.0,2059.0,4774,4542,GoogleEarth,0.139595726182,3.0437879332071177e-05,2.3830024922383286,P0179__x1024_y1024,20,1024,1024,1024,0.8035713889382102,431.0048598945141,864.8184814453125,1024.0,831.7689208984375,1012.8460693359376,840.9996337890625,998.9998779296876,874.0491943359375,1021.032958984375,1,0.0,0.0,-1,0.0,0.0,0.0095510482788085,0.0004110382651276,1.2187636264930468,21,False,1,0,0,0,tres petit,30-45,0.0005035400390625,0.2432182932540803,0.3991803975600316,0.1014353309704784,-0.7147997610097341,-0.2977450665895532,-0.440115839085554,Q1
val,P0179,109,val:P0179:109,small-vehicle,10,0,654.5,17.0,40.0,39.0,17.029386520385742,90.0,3660.0,4108.0,3643.0,4106.0,3643.0,4068.0,3660.0,4069.0,4774,4542,GoogleEarth,0.139595726182,3.018423033763725e-05,2.2901588353352254,P0179__x3072_y3518,6,3072,3518,1024,1.0,654.5,588.0,590.0,571.0,588.0,571.0,550.0,588.0,551.0,1,0.0,0.0,-1,434.0,0.423828125,0.43408203125,0.0006241798400878,1.1909358418293186,12,False,0,0,0,0,petit,75-90,0.0005035400390625,0.3420977066349729,0.6447112358994429,0.1531648875111207,0.4884034745586161,-0.4915463483883222,-0.48486911011947276,Q1
val,P0179,11,val:P0179:11,plane,0,0,4986.0,99.0,103.0,85.58621215820312,60.14149856567383,45.516164229764826,3561.0,2574.0,3506.0,2630.0,3462.0,2589.0,3521.0,2527.0,4774,4542,GoogleEarth,0.139595726182,0.0002299443429541,1.4230808044256489,P0179__x3072_y2048,9,3072,2048,1024,1.0,4986.0,489.0,526.0,434.0,582.0,390.0,541.0,449.0,479.0,1,0.6666183471679688,0.4534673988819122,14,390.0,0.380859375,0.43017578125,0.0047550201416015,0.8850397901952259,15,False,0,1,1,1,grand,45-60,0.0005035400390625,0.0872354498518259,0.6695564577195405,0.0903280951294095,-0.941253314399244,-0.579228362590131,-0.06610525032099683,Q4
val,P0179,110,val:P0179:110,small-vehicle,10,0,594.0,36.0,17.0,36.013885498046875,16.0,1.5911402711945757,3630.0,4036.0,3630.0,4053.0,3594.0,4052.0,3594.0,4036.0,4774,4542,GoogleEarth,0.139595726182,2.739409139886406e-05,2.2508678436279297,P0179__x3072_y3518,7,3072,3518,1024,1.0,594.0,558.0,518.0,558.0,535.0,522.0,534.0,522.0,518.0,1,0.0,0.0,-1,466.0,0.455078125,0.47265625,0.0005664825439453,1.178921989504393,12,False,0,0,0,0,petit,0-15,0.0005035400390625,0.2200933312276525,0.4741807728592568,0.118347515474179,0.2521635604978435,-0.3558332573850779,-0.31200004608677623,Q2
val,P0179,111,val:P0179:111,small-vehicle,10,0,683.0,40.0,18.0,40.01249694824219,17.11724281311035,0.0,3383.0,4037.0,3385.0,4020.0,3423.0,4020.0,3423.0,4038.0,4774,4542,GoogleEarth,0.139595726182,3.149859330879487e-05,2.3375550247844834,P0179__x3072_y3518,8,3072,3518,1024,1.0,683.0,311.0,519.0,313.0,502.0,351.0,502.0,351.0,520.0,1,0.0,0.0,-1,311.0,0.3037109375,0.32373046875,0.0006513595581054,1.2052385104172731,12,False,0,0,0,0,petit,0-15,0.0005035400390625,0.2033446366563572,0.456514812250359,0.1232589625568644,0.239783425827504,-0.3332558496934946,-0.36214386826308237,Q2
val,P0179,112,val:P0179:112,small-vehicle,10,0,745.0,43.0,20.0,43.104522705078125,17.029386520385742,3.99091309842978,3140.0,4023.0,3140.0,4005.0,3183.0,4008.0,3182.0,4025.0,4774,4542,GoogleEarth,0.139595726182,3.435790924605004e-05,2.531184705536987,P0179__x3072_y3518,9,3072,3518,1024,1.0,745.0,68.0,505.0,68.0,487.0,111.0,490.0,110.0,507.0,1,0.0,0.0,-1,68.0,0.06640625,0.087158203125,0.0007104873657226,1.2616334252742614,12,False,0,0,0,0,petit,0-15,0.0005035400390625,0.1823873857495007,0.4418371328735838,0.137874956126975,0.2364369379106587,-0.3039621767466087,-0.4880465965070586,Q1
val,P0179,113,val:P0179:113,small-vehicle,10,0,733.5,42.0,41.0,41.72529220581055,17.69180679321289,42.95459151111277,2146.0,3728.0,2175.0,3701.0,2188.0,3713.0,2158.0,3742.0,4774,4542,GoogleEarth,0.139595726182,3.3827552257688195e-05,2.358452852979246,P0179__x2048_y3072,11,2048,3072,1024,1.0,733.5,98.0,656.0,127.0,629.0,140.0,641.0,110.0,670.0,2,0.0,0.0,-1,98.0,0.095703125,0.115966796875,0.0006995201110839,1.211480407507815,15,False,0,0,0,0,petit,30-45,0.0005035400390625,0.250827197695145,0.4664604613386064,0.0813878642825377,0.2375614066124112,-0.3850725970560687,-0.37518975328784443,Q2
val,P0179,114,val:P0179:114,small-vehicle,10,0,433.0,31.0,32.0,30.479501724243164,14.21267032623291,48.99091309842978,3165.0,3972.0,3176.0,3963.0,3196.0,3986.0,3185.0,3995.0,4774,4542,GoogleEarth,0.139595726182,1.996909356179821e-05,2.144530269444574,P0179__x3072_y3518,10,3072,3518,1024,1.0,433.0,93.0,454.0,104.0,445.0,124.0,468.0,113.0,477.0,1,0.0,0.0,-1,93.0,0.0908203125,0.10595703125,0.0004129409790039,1.145664521110146,12,False,1,0,0,0,tres petit,45-60,0.0005035400390625,0.2713799129100894,0.4737058220626326,0.0642891935842412,-0.6463140203849944,-0.4094166284783913,-0.3755262407016501,Q2
val,P0179,115,val:P0179:115,ship,1,0,749.0,41.0,20.0,41.04875183105469,17.0,1.4320961841646351,3205.0,4027.0,3205.0,4044.0,3165.0,4045.0,3164.0,4025.0,4774,4542,GoogleEarth,0.139595726182,3.4542381242001986e-05,2.414632460650276,P0179__x3072_y3518,11,3072,3518,1024,1.0,749.0,133.0,509.0,133.0,526.0,93.0,527.0,92.0,507.0,1,0.0,0.0,-1,92.0,0.08984375,0.110107421875,0.0007143020629882,1.2280698622381696,12,False,0,0,0,0,petit,0-15,0.0005035400390625,0.1179149474580954,0.4102540145166334,0.2491455289716812,0.3039872706232363,-0.1611084855449521,-0.4074464286937828,Q2
val,P0179,116,val:P0179:116,ship,1,0,1576.5,67.0,27.0,66.0302963256836,23.021728515625,1.7357045889283889,2837.0,3985.0,2838.0,3962.0,2904.0,3964.0,2902.0,3989.0,4774,4542,GoogleEarth,0.139595726182,7.270502540456092e-05,2.8681728342365083,P0179__x2048_y3518,6,2048,3518,1024,1.0,1576.5,789.0,467.0,790.0,444.0,856.0,446.0,854.0,471.0,2,0.0,0.0,-1,168.0,0.1640625,0.197021484375,0.0015034675598144,1.3527822596942636,9,False,0,0,0,0,moyen,0-15,0.0005035400390625,0.0987415652774245,0.402782358065861,0.2937260531068197,0.3378547502366253,-0.1090563049590412,-0.34889906241549373,Q2
val,P0179,117,val:P0179:117,ship,1,0,1254.0,60.0,25.0,59.13543701171875,21.21320343017578,3.0127875041833363,2958.0,3938.0,2955.0,3959.0,2898.0,3956.0,2899.0,3934.0,4774,4542,GoogleEarth,0.139595726182,5.783197073093523e-05,2.7876712353400896,P0179__x2048_y3072,13,2048,3072,1024,1.0,1254.0,910.0,866.0,907.0,887.0,850.0,884.0,851.0,862.0,2,0.0,0.0,-1,114.0,0.111328125,0.14111328125,0.0011959075927734,1.3317513804643657,15,False,0,0,0,0,moyen,0-15,0.0005035400390625,0.1076040488329055,0.4038147099638434,0.2658052005581437,0.3144967009101651,-0.1380095094056997,-0.3617297717249969,Q2
val,P0179,118,val:P0179:118,small-vehicle,10,0,897.0,49.0,19.0,49.01020431518555,18.0,0.0,2050.0,4512.0,2049.0,4531.0,2001.0,4531.0,2001.0,4513.0,4774,4542,GoogleEarth,0.139595726182,4.136784509222401e-05,2.7227891286214194,P0179__x1024_y3518,0,1024,3518,1024,0.9682677065914158,891.072265625,1024.0,1012.99951171875,977.0,1012.99951171875,977.0,994.04052734375,1024.0,994.04052734375,1,0.0,0.5139524340629578,0,0.0,0.0,0.0199999809265136,0.0008497927337884,1.3144731531095692,2,False,0,0,0,0,petit,0-15,0.0005035400390625,0.1476919596472157,0.3549055719161681,0.199514022331634,0.2610137347880818,-0.1553915495845341,-0.6498673879797531,Q1
val,P0179,119,val:P0179:119,small-vehicle,10,0,829.5,42.0,47.0,45.34313583374024,17.69180679321289,48.576334374997344,2040.0,4413.0,2055.0,4426.0,2025.0,4460.0,2013.0,4447.0,4774,4542,GoogleEarth,0.139595726182,3.825488016053491e-05,2.562945456262569,P0179__x1024_y3518,1,1024,3518,1024,0.9409262097837552,718.7429901361465,1002.4105224609376,943.11962890625,987.3099365234376,931.12841796875,1016.0001220703124,895.00048828125,1024.0,906.99169921875,1,0.0,0.0,-1,0.0,0.0,0.0161814987659454,0.0006854467297898,1.2705875781322808,2,False,0,0,0,0,petit,45-60,0.0005035400390625,0.208631994794312,0.3700741867717996,0.2170425129870777,0.3146068765956564,-0.1530316737847219,-0.5649149460705732,Q1
val,P0179,12,val:P0179:12,plane,0,0,5834.0,108.0,109.0,84.2199478149414,67.20863342285156,45.481465805838354,3455.0,2499.0,3514.0,2439.0,3563.0,2491.0,3501.0,2548.0,4774,4542,GoogleEarth,0.139595726182,0.0002690524060959,1.2531120412025196,P0179__x3072_y2048,10,3072,2048,1024,1.0,5834.0,383.0,451.0,442.0,391.0,491.0,443.0,429.0,500.0,1,0.6035085916519165,0.969818353652954,2,383.0,0.3740234375,0.426025390625,0.005563735961914,0.8123123899972532,15,False,0,1,1,1,grand,45-60,0.0005035400390625,0.0964953209483678,0.6783802784453364,0.0909403400273687,-0.9434090097594168,-0.5874399384179677,0.012489532835695042,Q4
val,P0179,120,val:P0179:120,small-vehicle,10,0,557.5,35.0,35.0,32.557640075683594,16.278820037841797,42.51044707800085,2198.0,3769.0,2222.0,3747.0,2233.0,3759.0,2211.0,3782.0,4774,4542,GoogleEarth,0.139595726182,2.5710784435802545e-05,2.0,P0179__x2048_y3072,14,2048,3072,1024,1.0,557.5,150.0,697.0,174.0,675.0,185.0,687.0,163.0,710.0,2,0.0,0.0,-1,150.0,0.146484375,0.1640625,0.0005316734313964,1.0986122886681098,15,False,0,0,0,0,petit,30-45,0.0005035400390625,0.2876041879865872,0.4905214317028686,0.0734097968388392,0.2714401834243594,-0.4171116348640293,-0.38589842959552445,Q2
val,P0179,124,val:P0179:124,small-vehicle,10,0,574.0,36.0,35.0,33.42155075073242,17.20465087890625,38.92754359279229,644.0,2494.0,654.0,2508.0,628.0,2529.0,618.0,2515.0,4774,4542,GoogleEarth,0.139595726182,2.6471731419104327e-05,1.942588140030722,P0179__x0_y2048,0,0,2048,1024,1.0,574.0,644.0,446.0,654.0,460.0,628.0,481.0,618.0,467.0,1,0.6049932241439819,0.2733989357948303,7,370.0,0.361328125,0.37890625,0.0005474090576171,1.0792895138347651,29,False,0,1,1,1,petit,30-45,0.0005035400390625,0.3394498059974686,0.5331085986013424,0.1018242741393297,-1.138106312613406,-0.4312843244620127,-0.32643437902628736,Q2
val,P0179,125,val:P0179:125,large-vehicle,9,0,833.5,44.0,46.0,45.34313583374024,17.69180679321289,46.78991060824606,516.0,2386.0,503.0,2398.0,472.0,2365.0,486.0,2352.0,4774,4542,GoogleEarth,0.139595726182,3.8439352156486856e-05,2.562945456262569,P0179__x0_y2048,1,0,2048,1024,1.0,833.5,516.0,338.0,503.0,350.0,472.0,317.0,486.0,304.0,1,0.0,0.0,-1,304.0,0.296875,0.319580078125,0.0007948875427246,1.2705875781322808,29,False,0,0,0,0,petit,45-60,0.0005035400390625,0.5875958705091898,0.6324717950493837,0.2462068793897459,1.1473564761297417,-0.3862649156596377,-0.2353280508633067,Q3
val,P0179,126,val:P0179:126,small-vehicle,10,0,501.0,16.0,35.0,35.05709457397461,14.03566837310791,86.72951207681643,906.0,3184.0,921.0,3184.0,919.0,3219.0,905.0,3218.0,4774,4542,GoogleEarth,0.139595726182,2.3105117492981303e-05,2.4977146539842288,P0179__x0_y3072,0,0,3072,1024,1.0,501.0,906.0,112.0,921.0,112.0,919.0,147.0,905.0,146.0,1,0.0,0.0,-1,103.0,0.1005859375,0.108642578125,0.0004777908325195,1.2521097992222483,4,False,1,0,0,0,tres petit,75-90,0.0005035400390625,0.2741715632085326,0.6521728954932784,0.2522610092851566,-1.3199963994706772,-0.3999118862081218,-0.5396288871045989,Q1
val,P0179,127,val:P0179:127,small-vehicle,10,0,547.0,19.0,35.0,34.13209533691406,16.031219482421875,84.95754893082908,725.0,3184.0,741.0,3185.0,738.0,3219.0,722.0,3218.0,4774,4542,GoogleEarth,0.139595726182,2.5226545446428687e-05,2.1291016178987303,P0179__x0_y3072,1,0,3072,1024,1.0,547.0,725.0,112.0,741.0,113.0,738.0,147.0,722.0,146.0,1,0.0,0.0,-1,112.0,0.109375,0.12646484375,0.0005216598510742,1.1407459403175173,4,False,0,0,0,0,petit,75-90,0.0005035400390625,0.3082848526674751,0.6628144299601221,0.121877728910427,0.4172820578081191,-0.540936701049695,-0.42589876164648693,Q1
val,P0179,128,val:P0179:128,small-vehicle,10,0,510.0,15.0,34.0,34.0,15.0,90.0,680.0,3181.0,695.0,3181.0,695.0,3215.0,680.0,3215.0,4774,4542,GoogleEarth,0.139595726182,2.352017948387318e-05,2.2666666666666666,P0179__x0_y3072,2,0,3072,1024,1.0,510.0,680.0,109.0,695.0,109.0,695.0,143.0,680.0,143.0,1,0.0,0.0,-1,109.0,0.1064453125,0.123046875,0.0004863739013671,1.1837700970084166,4,False,1,0,0,0,tres petit,75-90,0.0005035400390625,0.3016868221094702,0.6338682466186568,0.1456351251918864,-0.9709692388798598,-0.4882331214267703,-0.7353076015712411,Q1
val,P0179,129,val:P0179:129,small-vehicle,10,0,558.0,16.0,37.0,37.01351165771485,15.033296585083008,88.45184230102204,636.0,3182.0,652.0,3181.0,651.0,3218.0,636.0,3217.0,4774,4542,GoogleEarth,0.139595726182,2.573384343529654e-05,2.462102137627086,P0179__x0_y3072,3,0,3072,1024,1.0,558.0,636.0,110.0,652.0,109.0,651.0,146.0,636.0,145.0,1,0.0,0.0,-1,109.0,0.1064453125,0.12451171875,0.0005321502685546,1.2418759588107646,4,False,0,0,0,0,petit,75-90,0.0005035400390625,0.2808859068552113,0.6462550005530436,0.2575267839905356,0.5099539351484649,-0.388728216562508,-0.20987275025814653,Q3
val,P0179,130,val:P0179:130,small-vehicle,10,0,607.0,38.0,36.0,35.38361358642578,16.970561981201172,41.49646835521554,598.0,2651.0,586.0,2638.0,612.0,2615.0,624.0,2627.0,4774,4542,GoogleEarth,0.139595726182,2.7993625385707885e-05,2.084999520087864,P0179__x0_y2048,2,0,2048,1024,1.0,607.0,598.0,603.0,586.0,590.0,612.0,567.0,624.0,579.0,1,0.6111565828323364,0.2572374045848846,10,400.0,0.390625,0.4091796875,0.0005788803100585,1.1265515017942478,29,False,0,1,1,1,petit,30-45,0.0005035400390625,0.3294807468046995,0.5365874372565714,0.0994665136119671,-1.1282458399465252,-0.4371209236446042,-0.32359406420438963,Q2
val,P0179,131,val:P0179:131,small-vehicle,10,0,463.5,33.0,31.0,29.832868576049805,14.866068840026855,39.55966796899449,517.0,2588.0,528.0,2600.0,505.0,2619.0,495.0,2608.0,4774,4542,GoogleEarth,0.139595726182,2.13756925309318e-05,2.0067758932828883,P0179__x0_y2048,3,0,2048,1024,1.0,463.5,517.0,540.0,528.0,552.0,505.0,571.0,495.0,560.0,1,0.0,0.2688264846801758,8,453.0,0.4423828125,0.457275390625,0.0004420280456542,1.100868372889439,29,False,1,0,0,0,tres petit,30-45,0.0005035400390625,0.3386556301922052,0.537788771798374,0.0994665136119671,-0.7320321650777071,-0.4383222581864068,-0.32185661237953156,Q2
val,P0179,132,val:P0179:132,small-vehicle,10,0,675.5,38.0,37.0,32.649654388427734,20.615528106689453,40.03025927188969,756.0,2388.0,770.0,2404.0,745.0,2425.0,732.0,2409.0,4774,4542,GoogleEarth,0.139595726182,3.1152708316384965e-05,1.583740868507432,P0179__x0_y2048,4,0,2048,1024,1.0,675.5,756.0,340.0,770.0,356.0,745.0,377.0,732.0,361.0,1,0.0,0.0,-1,254.0,0.248046875,0.266845703125,0.0006442070007324,0.9492382978063114,29,False,0,0,0,0,petit,30-45,0.0005035400390625,0.3793222975273115,0.518248422849339,0.0869813765716294,0.4037048252503213,-0.4312670462777095,-0.22608710270779483,Q3
val,P0179,133,val:P0179:133,small-vehicle,10,0,653.0,39.0,38.0,38.20994567871094,16.970561981201172,40.42607874009914,598.0,2599.0,609.0,2614.0,582.0,2637.0,570.0,2625.0,4774,4542,GoogleEarth,0.139595726182,3.011505333915527e-05,2.251542743312644,P0179__x0_y2048,5,0,2048,1024,1.0,653.0,598.0,551.0,609.0,566.0,582.0,589.0,570.0,577.0,1,0.0,0.0,-1,415.0,0.4052734375,0.424072265625,0.0006227493286132,1.1791295739619152,29,False,0,0,0,0,petit,30-45,0.0005035400390625,0.3111048213012879,0.5255805548202113,0.1016145190307865,0.338966513416401,-0.4239660357894247,-0.3008337356903304,Q2
val,P0179,134,val:P0179:134,small-vehicle,10,0,494.0,32.0,34.0,31.14482307434082,15.55634880065918,45.0,637.0,2463.0,626.0,2450.0,647.0,2429.0,658.0,2440.0,4774,4542,GoogleEarth,0.139595726182,2.2782291500065395e-05,2.002065103671441,P0179__x0_y2048,6,0,2048,1024,1.0,494.0,637.0,415.0,626.0,402.0,647.0,381.0,658.0,392.0,1,0.0,0.0,-1,366.0,0.357421875,0.373046875,0.0004711151123046,1.0993004197420857,29,False,1,0,0,0,tres petit,30-45,0.0005035400390625,0.3419698958052057,0.5359508701098469,0.0938383586351041,-0.7165178313177406,-0.4421125114747428,-0.29415380856454104,Q2
val,P0179,135,val:P0179:135,small-vehicle,10,0,497.5,34.0,35.0,34.65544509887695,14.21267032623291,45.0,541.0,2588.0,532.0,2577.0,556.0,2553.0,566.0,2564.0,4774,4542,GoogleEarth,0.139595726182,2.2943704496523347e-05,2.4383486215754946,P0179__x0_y2048,7,0,2048,1024,1.0,497.5,541.0,540.0,532.0,529.0,556.0,505.0,566.0,516.0,1,0.0,0.0,-1,458.0,0.447265625,0.464111328125,0.0004744529724121,1.2349913042559313,29,False,1,0,0,0,tres petit,30-45,0.0005035400390625,0.3025144190713085,0.5314782160354992,0.1789712936674596,-0.944119362584559,-0.3525069223680395,-0.2788757479915444,Q2
val,P0179,136,val:P0179:136,small-vehicle,10,0,699.0,39.0,42.0,40.31128692626953,17.69180679321289,46.005086005254185,578.0,2646.0,590.0,2659.0,562.0,2688.0,551.0,2674.0,4774,4542,GoogleEarth,0.139595726182,3.2236481292602656e-05,2.27852855264812,P0179__x0_y2048,8,0,2048,1024,1.0,699.0,578.0,598.0,590.0,611.0,562.0,640.0,551.0,626.0,1,0.6925205588340759,0.2673926651477813,9,384.0,0.375,0.395751953125,0.0006666183471679,1.1873947097420607,29,False,0,1,1,1,petit,45-60,0.0005035400390625,0.3151011716596153,0.5244765120401484,0.0959863640539234,-1.1227875657699846,-0.428490147986225,-0.2389540742031601,Q3
val,P0179,137,val:P0179:137,small-vehicle,10,0,658.5,39.0,39.0,38.20994567871094,17.029386520385742,41.760299703897886,569.0,2621.0,558.0,2607.0,586.0,2582.0,597.0,2595.0,4774,4542,GoogleEarth,0.139595726182,3.03687023335892e-05,2.2437652485584327,P0179__x0_y2048,9,0,2048,1024,1.0,658.5,569.0,573.0,558.0,559.0,586.0,534.0,597.0,547.0,1,0.7453519701957703,0.2913471460342407,5,427.0,0.4169921875,0.43603515625,0.0006279945373535,1.1767347688253462,29,False,0,1,1,1,petit,30-45,0.0005035400390625,0.3148167193043988,0.5262108142458652,0.10091737374668,-1.1167714714183603,-0.4252934404991851,-0.3009177989459232,Q2
val,P0179,138,val:P0179:138,small-vehicle,10,0,530.0,35.0,35.0,34.71310806274414,15.0,48.50353164478446,299.0,2538.0,311.0,2527.0,334.0,2553.0,322.0,2562.0,4774,4542,GoogleEarth,0.139595726182,2.4442539463632915e-05,2.3142072041829427,P0179__x0_y2048,10,0,2048,1024,1.0,530.0,299.0,490.0,311.0,479.0,334.0,505.0,322.0,514.0,1,0.7406970858573914,0.8766466379165649,0,299.0,0.2919921875,0.30908203125,0.0005054473876953,1.198218440943299,29,False,0,1,1,1,petit,45-60,0.0005035400390625,0.309390412342491,0.5094144738395874,0.0833156126183573,-1.1364647972407955,-0.4260988612212301,-0.22764533580348523,Q3
val,P0179,139,val:P0179:139,small-vehicle,10,0,602.5,36.0,36.0,32.649654388427734,17.804492950439453,42.51044707800082,398.0,2491.0,386.0,2506.0,362.0,2484.0,373.0,2470.0,4774,4542,GoogleEarth,0.139595726182,2.7786094390261945e-05,1.833787374867189,P0179__x0_y2048,11,0,2048,1024,1.0,602.5,398.0,443.0,386.0,458.0,362.0,436.0,373.0,422.0,1,0.0,0.0,-1,362.0,0.353515625,0.370849609375,0.0005745887756347,1.0416141119426343,29,False,0,0,0,0,petit,30-45,0.0005035400390625,0.3580237215519558,0.5283279573715619,0.0961961191624666,0.3908393136982254,-0.4321318382090953,-0.27555410278263553,Q2
val,P0179,140,val:P0179:140,small-vehicle,10,0,474.0,32.0,33.0,31.14482307434082,15.55634880065918,47.72631099390625,468.0,2429.0,456.0,2439.0,436.0,2417.0,447.0,2406.0,4774,4542,GoogleEarth,0.139595726182,2.1859931520305663e-05,2.002065103671441,P0179__x0_y2048,12,0,2048,1024,1.0,474.0,468.0,381.0,456.0,391.0,436.0,369.0,447.0,358.0,1,0.7234042882919312,0.7781398296356201,1,358.0,0.349609375,0.365966796875,0.0004520416259765,1.0993004197420857,29,False,1,1,1,1,tres petit,45-60,0.0005035400390625,0.3459230749417739,0.533635403364388,0.0930835201304053,2.1811768928016946,-0.4405518832339826,-0.2633024486962097,Q2
val,P0179,141,val:P0179:141,small-vehicle,10,0,589.0,36.0,37.0,35.46829605102539,15.62049961090088,49.573921259900864,312.0,2524.0,325.0,2511.0,348.0,2538.0,336.0,2548.0,4774,4542,GoogleEarth,0.139595726182,2.7163501403924125e-05,2.27062494379332,P0179__x0_y2048,13,0,2048,1024,1.0,589.0,312.0,476.0,325.0,463.0,348.0,490.0,336.0,500.0,1,0.0007689367048442,0.4749969840049743,2,312.0,0.3046875,0.322509765625,0.0005617141723632,1.1849810809590329,29,False,0,0,0,0,petit,45-60,0.0005035400390625,0.316402691602796,0.5070331900526953,0.0831976568980651,0.3178777296455268,-0.4238355331546301,-0.2272056651873397,Q3
val,P0179,142,val:P0179:142,small-vehicle,10,0,451.5,31.0,33.0,31.24099922180176,14.21267032623291,51.63251461513846,545.0,2620.0,556.0,2629.0,537.0,2653.0,525.0,2644.0,4774,4542,GoogleEarth,0.139595726182,2.0822276543075963e-05,2.198109046696099,P0179__x0_y2048,14,0,2048,1024,1.0,451.5,545.0,572.0,556.0,581.0,537.0,605.0,525.0,596.0,1,0.0,0.0,-1,419.0,0.4091796875,0.42529296875,0.0004305839538574,1.1625597122344586,29,False,1,0,0,0,tres petit,45-60,0.0005035400390625,0.3345921034895274,0.5190979424897605,0.0937460064268319,-0.7055319087793681,-0.4253519360629286,-0.23130533409916504,Q3
val,P0179,144,val:P0179:144,small-vehicle,10,0,662.5,37.0,41.0,39.20458984375,15.62049961090088,46.12330271407544,616.0,2454.0,629.0,2469.0,604.0,2495.0,592.0,2485.0,4774,4542,GoogleEarth,0.139595726182,3.055317432954114e-05,2.509816639692548,P0179__x0_y2048,15,0,2048,1024,1.0,662.5,616.0,406.0,629.0,421.0,604.0,447.0,592.0,437.0,1,0.0,0.0,-1,395.0,0.3857421875,0.404052734375,0.0006318092346191,1.2555637967094169,29,False,0,0,0,0,petit,45-60,0.0005035400390625,0.2934991728343402,0.5339604296907647,0.1862623218349034,0.4080836395384162,-0.3476981078558613,-0.263602390147672,Q2
val,P0179,148,val:P0179:148,small-vehicle,10,0,565.0,35.0,37.0,34.71310806274414,16.278820037841797,48.50353164478443,772.0,2404.0,784.0,2415.0,761.0,2441.0,749.0,2430.0,4774,4542,GoogleEarth,0.139595726182,2.6056669428212447e-05,2.1324093504351014,P0179__x0_y2048,16,0,2048,1024,1.0,565.0,772.0,356.0,784.0,367.0,761.0,393.0,749.0,382.0,1,0.0,0.0,-1,240.0,0.234375,0.25146484375,0.0005388259887695,1.1418024689607755,29,False,0,0,0,0,petit,45-60,0.0005035400390625,0.3242812259240096,0.5135520014497031,0.0762112348546802,0.322667717928673,-0.4373407665950229,-0.2571214485790614,Q3
val,P0179,149,val:P0179:149,small-vehicle,10,0,706.5,40.0,40.0,39.62322616577149,17.69180679321289,40.60129464500449,679.0,2512.0,668.0,2496.0,696.0,2472.0,708.0,2485.0,4774,4542,GoogleEarth,0.139595726182,3.2582366285012555e-05,2.239637060753577,P0179__x0_y2048,17,0,2048,1024,1.0,706.5,679.0,464.0,668.0,448.0,696.0,424.0,708.0,437.0,1,0.0,0.0,-1,316.0,0.30859375,0.328369140625,0.000673770904541,1.175461305243788,29,False,0,0,0,0,petit,30-45,0.0005035400390625,0.3059986556807511,0.5185088311442122,0.0947976458986136,0.3234182481315389,-0.4237111852455986,-0.30959459618344076,Q2
val,P0179,150,val:P0179:150,small-vehicle,10,0,523.5,34.0,35.0,33.241539001464844,15.62049961090088,45.0,635.0,2469.0,645.0,2481.0,622.0,2504.0,611.0,2492.0,4774,4542,GoogleEarth,0.139595726182,2.4142772470211e-05,2.128071433660611,P0179__x0_y2048,18,0,2048,1024,1.0,523.5,635.0,421.0,645.0,433.0,622.0,456.0,611.0,444.0,1,0.0,0.0,-1,379.0,0.3701171875,0.386474609375,0.0004992485046386,1.140416659270329,29,False,1,0,0,0,tres petit,30-45,0.0005035400390625,0.328739245434121,0.5308038410610226,0.0940765635439676,-0.7229010911112719,-0.4367272775170549,-0.2856243289241694,Q2
val,P0179,151,val:P0179:151,small-vehicle,10,0,669.5,41.0,41.0,42.42640686035156,15.55634880065918,44.02897806892082,605.0,2444.0,616.0,2456.0,586.0,2485.0,575.0,2474.0,4774,4542,GoogleEarth,0.139595726182,3.087600032245705e-05,2.7272727941503727,P0179__x0_y2048,19,0,2048,1024,1.0,669.5,605.0,396.0,616.0,408.0,586.0,437.0,575.0,426.0,1,0.0,0.0,-1,396.0,0.38671875,0.406982421875,0.0006384849548339,1.31567681184872,29,False,0,0,0,0,petit,30-45,0.0005035400390625,0.2717331408474255,0.5305469384877384,0.1945845262380496,0.392543810187912,-0.3359624122496888,-0.3073470149115573,Q2
val,P0179,152,val:P0179:152,small-vehicle,10,0,519.0,35.0,33.0,33.30165100097656,16.278820037841797,41.00908690157021,731.0,2355.0,741.0,2368.0,718.0,2388.0,706.0,2377.0,4774,4542,GoogleEarth,0.139595726182,2.393524147476506e-05,2.0457042293952163,P0179__x0_y2048,20,0,2048,1024,1.0,519.0,731.0,307.0,741.0,320.0,718.0,340.0,706.0,329.0,1,0.0,0.0,-1,283.0,0.2763671875,0.29296875,0.0004949569702148,1.113732148443564,29,False,1,0,0,0,tres petit,30-45,0.0005035400390625,0.3248165703897079,0.5281409172606861,0.0856683715894658,-0.7062163918878179,-0.4424725456712203,-0.3375730365460189,Q2
val,P0179,153,val:P0179:153,small-vehicle,10,0,593.5,35.0,37.0,33.241539001464844,16.970561981201172,46.21887523513129,558.0,2634.0,572.0,2647.0,549.0,2671.0,537.0,2659.0,4774,4542,GoogleEarth,0.139595726182,2.7371032399370065e-05,1.9587765589782795,P0179__x0_y2048,21,0,2048,1024,1.0,593.5,558.0,586.0,572.0,599.0,549.0,623.0,537.0,611.0,1,0.0,0.0,-1,401.0,0.3916015625,0.409423828125,0.0005660057067871,1.0847758582242832,29,False,0,0,0,0,petit,45-60,0.0005035400390625,0.3517329607932741,0.5352523335647258,0.095991181243243,0.3864052801716848,-0.4392611523214828,-0.2465613617951857,Q3
val,P0179,154,val:P0179:154,small-vehicle,10,0,583.0,37.0,38.0,38.18376541137695,15.55634880065918,45.0,715.0,2339.0,725.0,2351.0,699.0,2377.0,688.0,2366.0,4774,4542,GoogleEarth,0.139595726182,2.6886793409996204e-05,2.4545454656917287,P0179__x0_y2048,22,0,2048,1024,1.0,583.0,715.0,291.0,725.0,303.0,699.0,329.0,688.0,318.0,1,0.0,0.0,-1,291.0,0.2841796875,0.302978515625,0.0005559921264648,1.2396908901545682,29,False,0,0,0,0,petit,30-45,0.0005035400390625,0.2901528073251933,0.5167877743096805,0.1645357976732018,0.3757748151049235,-0.3522519766364786,-0.28692588210176423,Q2
val,P0179,155,val:P0179:155,small-vehicle,10,0,673.0,38.0,38.0,34.71310806274414,19.209373474121094,41.49646835521554,602.0,2208.0,590.0,2224.0,564.0,2201.0,576.0,2186.0,4774,4542,GoogleEarth,0.139595726182,3.1037413318915004e-05,1.807092152667536,P0179__x0_y2048,23,0,2048,1024,1.0,673.0,602.0,160.0,590.0,176.0,564.0,153.0,576.0,138.0,1,0.7624234557151794,0.3217032253742218,4,138.0,0.134765625,0.153076171875,0.0006418228149414,1.0321491264338607,29,False,0,1,1,1,petit,30-45,0.0005035400390625,0.343678425824005,0.5059633170355489,0.0789954019287706,-1.179703620290185,-0.4269679151067782,-0.3328330221924426,Q2
val,P0179,156,val:P0179:156,small-vehicle,10,0,715.5,42.0,32.0,38.62641525268555,18.027755737304688,21.25050550713324,549.0,2253.0,555.0,2236.0,591.0,2250.0,584.0,2268.0,4774,4542,GoogleEarth,0.139595726182,3.2997428275904435e-05,2.142608088080327,P0179__x0_y2048,24,0,2048,1024,1.0,715.5,549.0,205.0,555.0,188.0,591.0,202.0,584.0,220.0,1,0.0,0.0,-1,188.0,0.18359375,0.198974609375,0.0006823539733886,1.145053056461261,29,False,0,0,0,0,petit,15-30,0.0005035400390625,0.278057596773263,0.4968200044442235,0.0753924007440452,0.2667436440665077,-0.4214276037001782,-0.40585142249256523,Q2
val,P0179,157,val:P0179:157,small-vehicle,10,0,564.0,35.0,36.0,33.970577239990234,15.55634880065918,47.3859440303888,416.0,2477.0,404.0,2491.0,381.0,2466.0,392.0,2455.0,4774,4542,GoogleEarth,0.139595726182,2.601055142922446e-05,2.183711465671866,P0179__x0_y2048,25,0,2048,1024,1.0,564.0,416.0,429.0,404.0,443.0,381.0,418.0,392.0,407.0,1,0.7080309987068176,0.2778654992580414,6,381.0,0.3720703125,0.388916015625,0.0005378723144531,1.1580476437979577,29,False,0,1,1,1,petit,45-60,0.0005035400390625,0.326713509488118,0.5317755501788652,0.094324443517875,-1.1328823330697602,-0.4374511066609902,-0.2560834980343205,Q3
val,P0179,158,val:P0179:158,small-vehicle,10,0,648.0,40.0,36.0,36.40055084228516,17.804492950439453,37.18470645323313,554.0,2602.0,543.0,2588.0,572.0,2566.0,583.0,2580.0,4774,4542,GoogleEarth,0.139595726182,2.988446334421533e-05,2.0444587185723093,P0179__x0_y2048,26,0,2048,1024,1.0,648.0,554.0,554.0,543.0,540.0,572.0,518.0,583.0,532.0,1,3.1216848583426327e-05,0.4281131327152252,3,441.0,0.4306640625,0.4501953125,0.0006179809570312,1.1133231246289592,29,False,0,0,0,0,petit,30-45,0.0005035400390625,0.3300135269160663,0.536610010315434,0.0997898243135514,0.3641064474052509,-0.4368201860018825,-0.3446501599211192,Q2
val,P0179,159,val:P0179:159,swimming-pool,14,0,4492.5,100.0,49.0,98.04590606689452,46.04345703125,1.7714697400340769,678.0,2886.0,775.0,2889.0,773.0,2935.0,675.0,2932.0,4774,4542,GoogleEarth,0.139595726182,0.0002071851104535,2.129421038049991,P0179__x0_y2048,27,0,2048,1024,1.0,4492.5,678.0,838.0,775.0,841.0,773.0,887.0,675.0,884.0,1,0.0,0.0,-1,137.0,0.1337890625,0.15771484375,0.004284381866455,1.1408480155736431,29,False,0,0,0,0,grand,0-15,0.0005035400390625,0.2333611708827837,0.444598202675612,0.0951958186130918,0.2305293723129902,-0.3494023840625202,-0.33590887566390554,Q2
val,P0179,16,val:P0179:16,plane,0,0,3535.5,83.0,87.0,69.42621612548828,50.20956039428711,48.50353164478446,3102.0,2111.0,3148.0,2059.0,3185.0,2096.0,3138.0,2146.0,4774,4542,GoogleEarth,0.139595726182,0.000163050185422,1.3827290177467408,P0179__x3072_y2048,11,3072,2048,1024,1.0,3535.5,30.0,63.0,76.0,11.0,113.0,48.0,66.0,98.0,1,0.5770851969718933,0.9582448601722716,3,11.0,0.0107421875,0.0537109375,0.0033717155456542,0.8682464768989101,15,False,0,1,1,0,grand,45-60,0.0005035400390625,0.0815358773623886,0.6267977047054154,0.0762944073755074,-0.956836311430487,-0.5505032973299079,-0.2088399961742281,Q3
val,P0179,160,val:P0179:160,small-vehicle,10,0,776.0,41.0,44.0,41.86884307861328,17.69180679321289,46.97493401088198,359.0,2796.0,373.0,2810.0,345.0,2840.0,332.0,2828.0,4774,4542,GoogleEarth,0.139595726182,3.5787567214677626e-05,2.366566827684069,P0179__x0_y2048,28,0,2048,1024,1.0,776.0,359.0,748.0,373.0,762.0,345.0,792.0,332.0,780.0,1,0.0,0.0,-1,232.0,0.2265625,0.24755859375,0.0007400512695312,1.213893479596036,29,False,0,0,0,0,petit,45-60,0.0005035400390625,0.2977120090111277,0.5072589365985192,0.0934303123362072,0.3084661367292038,-0.4138286242623119,-0.2513936254217919,Q3
val,P0179,161,val:P0179:161,plane,0,0,5688.0,108.0,107.0,88.39117431640625,64.38167572021484,42.55295135767639,618.0,284.0,557.0,340.0,510.0,296.0,572.0,233.0,4774,4542,GoogleEarth,0.139595726182,0.0002623191782436,1.3729244125382838,P0179__x0_y0,5,0,0,1024,1.0,5688.0,618.0,284.0,557.0,340.0,510.0,296.0,572.0,233.0,1,0.6592654585838318,0.8379947543144226,4,233.0,0.2275390625,0.281494140625,0.0054244995117187,0.8641231238229522,6,False,0,1,1,1,grand,30-45,0.0005035400390625,0.0763497600641033,0.6792248867053747,0.0809185695416625,-0.9455969900020452,-0.5983063171637122,-0.05938795679511885,Q4
val,P0179,17,val:P0179:17,plane,0,0,4495.5,99.0,81.0,85.23497009277344,53.85164642333984,22.051062719076725,1947.0,637.0,1868.0,605.0,1893.0,556.0,1967.0,587.0,4774,4542,GoogleEarth,0.139595726182,0.0002073234644504,1.582773708025977,P0179__x1024_y0,0,1024,0,1024,1.0,4495.5,923.0,637.0,844.0,605.0,869.0,556.0,943.0,587.0,1,0.7265419960021973,0.9259679913520812,0,81.0,0.0791015625,0.126220703125,0.0042872428894042,0.9488639020784274,1,False,0,1,1,1,grand,15-30,0.0005035400390625,0.052982401630853,0.5894308521098534,0.1475718198817605,-0.8753981223117251,-0.4418590322280928,-0.43722588321940703,Q1
val,P0179,18,val:P0179:18,plane,0,0,5038.5,79.0,93.0,81.74349975585938,59.66573715209961,78.55066201149997,2008.0,1142.0,1992.0,1221.0,1929.0,1207.0,1950.0,1128.0,4774,4542,GoogleEarth,0.139595726182,0.0002323655379009,1.370024132065598,P0179__x1024_y1024,0,1024,1024,1024,1.0,5038.5,984.0,118.0,968.0,197.0,905.0,183.0,926.0,104.0,1,0.757030725479126,0.9776098132133484,2,40.0,0.0390625,0.076416015625,0.0048050880432128,0.86290013740136,21,False,0,1,1,1,grand,75-90,0.0005035400390625,0.107574693801944,0.6342045798119301,0.0771612539716678,-0.9669324422151052,-0.5570433258402623,-0.33554886039326776,Q2
val,P0179,19,val:P0179:19,plane,0,0,3736.0,88.0,86.0,69.42621612548828,53.81449508666992,41.49646835521554,3727.0,3048.0,3779.0,3002.0,3815.0,3042.0,3763.0,3088.0,4774,4542,GoogleEarth,0.139595726182,0.0001722968442191,1.2901025274635616,P0179__x3072_y2048,12,3072,2048,1024,0.9304342984642666,3043.3564453125,690.65478515625,1024.0,655.0,1000.0,707.34521484375,953.69482421875,743.0,994.0,2,0.4256089925765991,0.9825003743171692,0,0.0,0.0,0.0303479433059692,0.0029023708775639,0.8285965883820695,15,False,0,1,0,0,grand,30-45,0.0005035400390625,0.0817597091986696,0.5645487154498875,0.0829730394820025,0.1332402073094834,-0.4815756759678849,-0.24076763712137553,Q3
val,P0179,2,val:P0179:2,plane,0,0,4472.5,94.0,95.0,72.24956512451172,61.073726654052734,39.907884875501054,3802.0,2964.0,3857.0,2918.0,3896.0,2965.0,3842.0,3013.0,4774,4542,GoogleEarth,0.139595726182,0.0002062627504737,1.1829892996994211,P0179__x3072_y2048,0,3072,2048,1024,1.0,4472.5,730.0,916.0,785.0,870.0,824.0,917.0,770.0,965.0,2,0.63331538438797,0.943249762058258,4,59.0,0.0576171875,0.1044921875,0.0042653083801269,0.7806951759064218,15,False,0,1,1,1,grand,30-45,0.0005035400390625,0.0885013410665534,0.6393205409386488,0.0770218013501935,-0.9579981249099716,-0.5622987395884552,-0.1788198768146293,Q3
val,P0179,22,val:P0179:22,plane,0,0,3862.0,57.0,76.0,70.028564453125,55.3263053894043,88.36342295838328,4168.0,4164.0,4166.0,4234.0,4111.0,4228.0,4113.0,4158.0,4774,4542,GoogleEarth,0.139595726182,0.0001781077120916,1.2657372286156012,P0179__x3750_y3518,0,3750,3518,1024,1.0,3862.0,418.0,646.0,416.0,716.0,361.0,710.0,363.0,640.0,1,0.7646676301956177,0.5373368263244629,8,308.0,0.30078125,0.337890625,0.0036830902099609,0.8179001932230207,6,False,0,1,1,1,grand,75-90,0.0005035400390625,0.1120056612381883,0.6640128522318631,0.1502602802753352,-0.8921188892875884,-0.5137525719565279,-0.13717019434456904,Q3
val,P0179,25,val:P0179:25,plane,0,0,17374.5,119.0,173.0,161.4465789794922,108.0462875366211,86.37851529588266,4546.0,3640.0,4556.0,3482.0,4665.0,3494.0,4653.0,3655.0,4774,4542,GoogleEarth,0.139595726182,0.0008012771734167,1.4942353195131453,P0179__x3750_y3518,1,3750,3518,1024,0.8106665951718035,14516.83226966858,903.0,137.0,794.115234375,128.884765625,804.326171875,0.0,913.2109375,0.0,1,0.7711166143417358,0.9713267683982848,0,0.0,0.0,0.064913272857666,0.0138443300911603,0.9139821970622332,6,False,0,1,1,1,grand,75-90,0.0005035400390625,0.0893337735674757,0.6790357953977315,0.138665384258927,-0.892820293747963,-0.5403704111388046,-0.5881797747214541,Q1
val,P0179,26,val:P0179:26,plane,0,0,3398.5,77.0,85.0,72.94518280029297,46.06517028808594,60.255118703057775,3667.0,4390.0,3631.0,4327.0,3673.0,4305.0,3708.0,4369.0,4774,4542,GoogleEarth,0.139595726182,0.0001567320195606,1.5835213968406656,P0179__x3072_y3518,0,3072,3518,1024,1.0,3398.5,595.0,872.0,559.0,809.0,601.0,787.0,636.0,851.0,1,0.5786765813827515,0.8846890330314636,3,152.0,0.1484375,0.189697265625,0.0032410621643066,0.9491533508244756,12,False,0,1,1,0,grand,60-75,0.0005035400390625,0.0791643411896253,0.6398439653010362,0.0737088965285921,-0.957253756730563,-0.566135068772444,-0.21221512886338775,Q3
val,P0179,27,val:P0179:27,plane,0,0,5894.0,95.0,96.0,80.99382781982422,69.37578582763672,74.9315118405078,3706.0,4110.0,3727.0,4188.0,3660.0,4206.0,3632.0,4130.0,4774,4542,GoogleEarth,0.139595726182,0.0002718194860351,1.1674653750380914,P0179__x3072_y3518,1,3072,3518,1024,1.0,5894.0,634.0,592.0,655.0,670.0,588.0,688.0,560.0,612.0,1,0.7425393462181091,0.9569801092147828,1,336.0,0.328125,0.37451171875,0.0056209564208984,0.7735584549373942,12,False,0,1,1,1,grand,60-75,0.0005035400390625,0.1175900743020136,0.6575564978774086,0.0961426512270746,-0.9494914193858384,-0.5614138466503339,0.003117752501275281,Q4
val,P0179,28,val:P0179:28,plane,0,0,5991.0,93.0,74.0,91.26883697509766,67.02984619140625,4.398705354995532,3670.0,4213.0,3761.0,4220.0,3755.0,4287.0,3668.0,4280.0,4774,4542,GoogleEarth,0.139595726182,0.000276292931937,1.3616148948705038,P0179__x3072_y3518,2,3072,3518,1024,1.0,5991.0,598.0,695.0,689.0,702.0,683.0,769.0,596.0,762.0,1,0.7920942306518555,0.8546972274780273,4,255.0,0.2490234375,0.28515625,0.0057134628295898,0.8593456625139266,12,False,0,1,1,1,grand,0-15,0.0005035400390625,0.063591806085311,0.6031578389676434,0.087129332100804,-0.9398203570570254,-0.5160285068668393,-0.0997864284755698,Q4
val,P0179,29,val:P0179:29,plane,0,0,11952.0,102.0,138.0,132.63861083984375,89.20201873779297,84.3753719585541,3765.0,4149.0,3854.0,4143.0,3867.0,4275.0,3776.0,4281.0,4774,4542,GoogleEarth,0.139595726182,0.0005512023239044,1.486946290192507,P0179__x3072_y3518,3,3072,3518,1024,1.0,11952.0,693.0,631.0,782.0,625.0,795.0,757.0,704.0,763.0,2,0.7824035882949829,0.9767802357673644,0,229.0,0.2236328125,0.27392578125,0.0113983154296875,0.9110555683647072,12,False,0,1,1,1,grand,75-90,0.0005035400390625,0.100441284620699,0.6830217085920359,0.0829121033216361,-0.9524804799990264,-0.6001096052703998,-0.3513887129013623,Q2
val,P0179,3,val:P0179:3,plane,0,0,4044.5,91.0,91.0,74.96665954589844,54.45181274414063,46.10170611520636,3975.0,2965.0,3924.0,3018.0,3884.0,2981.0,3936.0,2927.0,4774,4542,GoogleEarth,0.139595726182,0.0001865242469069,1.3767523204076495,P0179__x3072_y2048,1,3072,2048,1024,1.0,4044.5,903.0,917.0,852.0,970.0,812.0,933.0,864.0,879.0,2,0.6196002960205078,0.8529037833213806,10,54.0,0.052734375,0.096923828125,0.003857135772705,0.8657349845508986,15,False,0,1,1,1,grand,45-60,0.0005035400390625,0.0815651704999228,0.6550922573253282,0.0706060668645635,-0.960024804193883,-0.5844861904607647,-0.1905329565358233,Q3
val,P0179,30,val:P0179:30,plane,0,0,4204.5,63.0,79.0,74.24284362792969,57.55866622924805,85.97173633351485,4174.0,4066.0,4169.0,4137.0,4111.0,4132.0,4117.0,4058.0,4774,4542,GoogleEarth,0.139595726182,0.0001939031267449,1.2898638639788995,P0179__x3750_y3518,3,3750,3518,1024,1.0,4204.5,424.0,548.0,419.0,619.0,361.0,614.0,367.0,540.0,1,0.8378739356994629,0.632016658782959,7,361.0,0.3525390625,0.383544921875,0.00400972366333,0.8284923677548945,6,False,0,1,1,1,grand,75-90,0.0005035400390625,0.1101250998144461,0.6770952396455011,0.1506212209686213,-0.8893393610830627,-0.5264740186768797,-0.2771479325868908,Q2
val,P0179,32,val:P0179:32,plane,0,0,4027.0,54.0,83.0,81.09870910644531,50.2493782043457,87.7974018382342,4171.0,3965.0,4168.0,4043.0,4117.0,4041.0,4121.0,3960.0,4774,4542,GoogleEarth,0.139595726182,0.0001857171819246,1.6139246296072909,P0179__x3750_y3518,4,3750,3518,1024,1.0,4027.0,421.0,447.0,418.0,525.0,367.0,523.0,371.0,442.0,1,0.7594480514526367,0.735862135887146,6,367.0,0.3583984375,0.385009765625,0.0038404464721679,0.9608527814302932,6,False,0,1,1,1,grand,75-90,0.0005035400390625,0.0927267389968063,0.6709703668831832,0.1565867846075672,-0.8770412811843228,-0.514383582275616,-0.48370896249736445,Q1
val,P0179,33,val:P0179:33,plane,0,0,4240.0,94.0,92.0,76.41989135742188,53.740116119384766,47.20259816176579,4040.0,3730.0,3990.0,3784.0,3946.0,3744.0,4002.0,3692.0,4774,4542,GoogleEarth,0.139595726182,0.000195540315709,1.4220269116585742,P0179__x3750_y3518,5,3750,3518,1024,1.0,4240.0,290.0,212.0,240.0,266.0,196.0,226.0,252.0,174.0,2,0.6298717260360718,0.9456865191459656,2,174.0,0.169921875,0.21435546875,0.0040435791015625,0.8846047564063187,6,False,0,1,1,1,grand,45-60,0.0005035400390625,0.0749772642535886,0.6581229616335255,0.0783301778561519,-0.9493804978464878,-0.5797927837773735,-0.11712134815695595,Q4
val,P0179,39,val:P0179:39,plane,0,0,4548.0,58.0,87.0,84.148681640625,53.0848388671875,87.95459151111277,1965.0,1273.0,1962.0,1357.0,1907.0,1354.0,1912.0,1270.0,4774,4542,GoogleEarth,0.139595726182,0.0002097446593973,1.585173534220493,P0179__x1024_y1024,1,1024,1024,1024,1.0,4548.0,941.0,249.0,938.0,333.0,883.0,330.0,888.0,246.0,1,0.752973735332489,0.3169898092746734,21,83.0,0.0810546875,0.10888671875,0.0043373107910156,0.9497926369336888,21,False,0,1,1,1,grand,75-90,0.0005035400390625,0.1023316675102074,0.7405734838485115,0.1390034898087218,-0.8905704040597548,-0.6015699940397896,-0.4868769259347038,Q1
val,P0179,4,val:P0179:4,plane,0,0,3915.0,90.0,87.0,73.00685119628906,53.00943374633789,36.08507304285212,3451.0,2897.0,3510.0,2854.0,3541.0,2897.0,3485.0,2941.0,4774,4542,GoogleEarth,0.139595726182,0.0001805519660379,1.3772426158265212,P0179__x3072_y2048,2,3072,2048,1024,1.0,3915.0,379.0,849.0,438.0,806.0,469.0,849.0,413.0,893.0,1,0.5715569257736206,0.8166176676750183,11,131.0,0.1279296875,0.170654296875,0.0037336349487304,0.8659412512496167,15,False,0,1,1,0,grand,30-45,0.0005035400390625,0.0779484170719728,0.6259112777348158,0.0786863390089535,-0.9529383816519555,-0.5472249387258623,-0.15065157678576682,Q3
val,P0179,41,val:P0179:41,small-vehicle,10,0,657.0,41.0,36.0,37.80211639404297,17.69180679321289,37.47617956136136,1921.0,2061.0,1909.0,2048.0,1939.0,2025.0,1950.0,2039.0,4774,4542,GoogleEarth,0.139595726182,3.029952533510721e-05,2.136701855038627,P0179__x1024_y1024,2,1024,1024,1024,0.711740618608495,387.12835693359375,895.831787109375,1024.0,884.999755859375,1023.9998779296876,915.167724609375,1000.8712158203124,925.999755859375,1014.9998779296876,1,0.0,0.0,-1,0.0,0.0,0.0078440010547637,0.0003691943711601,1.143171883263265,21,False,1,0,0,0,tres petit,30-45,0.0005035400390625,0.2707040393757696,0.4162155708417555,0.0793120201843486,-0.6298878015287213,-0.3369035506574068,-0.4452688730656282,Q1
val,P0179,43,val:P0179:43,plane,0,0,4382.0,96.0,94.0,82.8070068359375,51.6623649597168,38.198685176018415,1346.0,1414.0,1285.0,1462.0,1250.0,1424.0,1311.0,1368.0,4774,4542,GoogleEarth,0.139595726182,0.0002020890715653,1.6028497127552217,P0179__x1024_y1024,3,1024,1024,1024,1.0,4382.0,322.0,390.0,261.0,438.0,226.0,400.0,287.0,344.0,1,0.6428028345108032,0.9804018139839172,1,226.0,0.220703125,0.267578125,0.0041790008544921,0.9566068881778336,21,False,0,1,1,1,grand,30-45,0.0005035400390625,0.0763956451622215,0.6768826896086325,0.0817776468529178,-0.944948900354372,-0.5951050427557147,-0.2250414183091645,Q3
val,P0179,44,val:P0179:44,plane,0,0,5435.0,110.0,101.0,87.86353302001953,62.96824645996094,40.67493956526155,1583.0,1498.0,1519.0,1553.0,1473.0,1510.0,1539.0,1452.0,4774,4542,GoogleEarth,0.139595726182,0.0002506513244997,1.395362551121517,P0179__x1024_y1024,4,1024,1024,1024,1.0,5435.0,559.0,474.0,495.0,529.0,449.0,486.0,515.0,428.0,1,0.6628153324127197,0.8142719864845276,14,428.0,0.41796875,0.468017578125,0.0051832199096679,0.8735345977451721,21,False,0,1,1,1,grand,30-45,0.0005035400390625,0.0927108296600996,0.699032257728735,0.0963126379045209,-0.9344415802643598,-0.6027196198242141,-0.0872858716016117,Q4
val,P0179,45,val:P0179:45,plane,0,0,4452.0,96.0,95.0,78.56844329833984,55.226806640625,47.57914750028343,1159.0,1060.0,1106.0,1118.0,1063.0,1078.0,1118.0,1023.0,4774,4542,GoogleEarth,0.139595726182,0.0002053173314945,1.4226504858338969,P0179__x1024_y1024,5,1024,1024,1024,0.999763427076314,4404.0,135.0,36.0,82.0,94.0,39.0,54.0,94.0,0.0,1,0.57799232006073,0.4473870694637298,19,0.0,0.0,0.044921875,0.0041999816894531,0.8848621829086857,21,False,0,1,1,0,grand,45-60,0.0005035400390625,0.0843289188154471,0.5939836588578176,0.0792711059802569,-0.958121053468124,-0.5147125528775607,-0.27536761378860974,Q2
val,P0179,46,val:P0179:46,plane,0,0,4723.5,100.0,97.0,84.2911605834961,57.28001403808594,40.91438322002512,1088.0,1135.0,1028.0,1187.0,988.0,1146.0,1051.0,1090.0,4774,4542,GoogleEarth,0.139595726182,0.0002178383682197,1.4715631970245369,P0179__x1024_y1024,6,1024,1024,1024,0.7374404676253044,3059.614260137081,3.744873046875,163.22119140625,0.0,119.2109375,27.0,66.0,65.14208984375,110.01025390625,1,0.4758846163749695,0.9498013854026794,9,0.0,0.0,0.0234099030494689,0.002917875538003,0.9048508237493263,21,False,0,1,0,0,grand,30-45,0.0005035400390625,0.0778978614236117,0.547828734698914,0.0826757209499461,0.128955503930748,-0.4651530137489678,-0.32053672010921386,Q2
val,P0179,5,val:P0179:5,plane,0,0,4993.5,105.0,97.0,83.09632873535156,58.694122314453125,42.99044618697886,3632.0,2897.0,3573.0,2952.0,3527.0,2908.0,3591.0,2855.0,4774,4542,GoogleEarth,0.139595726182,0.0002302902279465,1.4157521308550094,P0179__x3072_y2048,3,3072,2048,1024,1.0,4993.5,560.0,849.0,501.0,904.0,455.0,860.0,519.0,807.0,1,0.6261002421379089,0.9391369819641112,5,120.0,0.1171875,0.1650390625,0.0047621726989746,0.8820106799645766,15,False,0,1,1,1,grand,30-45,0.0005035400390625,0.0796509372067308,0.6477550142692685,0.0727348733305062,-0.957749911599542,-0.5750201409387623,-0.19757451730756864,Q3
val,P0179,55,val:P0179:55,plane,0,0,9744.0,140.0,140.0,110.7519760131836,86.68333435058594,48.66778805553143,229.0,671.0,302.0,754.0,233.0,811.0,162.0,726.0,4774,4542,GoogleEarth,0.139595726182,0.0004493737821389,1.2776616963677627,P0179__x0_y0,0,0,0,1024,1.0,9744.0,229.0,671.0,302.0,754.0,233.0,811.0,162.0,726.0,1,0.6698647141456604,0.9558383226394652,2,162.0,0.158203125,0.22607421875,0.0092926025390625,0.8231493449392567,6,False,0,1,1,1,grand,45-60,0.0005035400390625,0.0829443420245206,0.6668935623721332,0.0804971271439146,-0.9496311361222112,-0.5863964352282185,-0.014258310149315785,Q4
val,P0179,56,val:P0179:56,plane,0,0,5350.5,101.0,105.0,78.8733139038086,68.01470184326172,53.13010235415598,350.0,834.0,395.0,894.0,344.0,939.0,294.0,878.0,4774,4542,GoogleEarth,0.139595726182,0.0002467543535852,1.1596509543711635,P0179__x0_y0,1,0,0,1024,1.0,5350.5,350.0,834.0,395.0,894.0,344.0,939.0,294.0,878.0,1,0.649000883102417,0.991771638393402,0,85.0,0.0830078125,0.134521484375,0.0051026344299316,0.7699466134396273,6,False,0,1,1,1,grand,45-60,0.0005035400390625,0.0896668566772888,0.6614723205845409,0.0758281032413266,-0.9575165169497462,-0.5856442173432143,-0.01495162631948082,Q4
val,P0179,57,val:P0179:57,plane,0,0,5814.0,111.0,108.0,93.34880828857422,62.96824645996094,46.81830296445183,279.0,763.0,340.0,828.0,294.0,871.0,229.0,804.0,4774,4542,GoogleEarth,0.139595726182,0.0002681300461161,1.4824743189876044,P0179__x0_y0,2,0,0,1024,1.0,5814.0,279.0,763.0,340.0,828.0,294.0,871.0,229.0,804.0,1,0.6792432069778442,0.7919016480445862,5,153.0,0.1494140625,0.20263671875,0.0055446624755859,0.9092557720649936,6,False,0,1,1,1,grand,45-60,0.0005035400390625,0.0719310680909384,0.6458824124656716,0.0766536258593152,-0.9507926719590308,-0.5692287866063563,-0.13012442526496806,Q4
val,P0179,58,val:P0179:58,plane,0,0,11895.0,158.0,151.0,120.21646881103516,101.17806243896484,46.43209618416465,444.0,482.0,522.0,564.0,448.0,633.0,364.0,547.0,4774,4542,GoogleEarth,0.139595726182,0.0005485735979621,1.1881673350243798,P0179__x0_y0,3,0,0,1024,1.0,11895.0,444.0,482.0,522.0,564.0,448.0,633.0,364.0,547.0,1,0.6985869407653809,0.9673312902450562,1,364.0,0.35546875,0.43408203125,0.0113439559936523,0.7830643601657392,6,False,0,1,1,1,grand,45-60,0.0005035400390625,0.0919545682051227,0.685566837794898,0.0973016445369831,-0.9345398962577212,-0.5882651932579149,0.06373534435888092,Q4
val,P0179,59,val:P0179:59,plane,0,0,6957.0,122.0,117.0,98.31072998046876,70.72481536865234,43.33971763101718,549.0,352.0,478.0,419.0,427.0,370.0,498.0,302.0,4774,4542,GoogleEarth,0.139595726182,0.0003208429189594,1.3900457635417656,P0179__x0_y0,4,0,0,1024,1.0,6957.0,549.0,352.0,478.0,419.0,427.0,370.0,498.0,302.0,1,0.6771038174629211,0.90757817029953,3,302.0,0.294921875,0.352294921875,0.0066347122192382,0.8713125136855251,6,False,0,1,1,1,grand,30-45,0.0005035400390625,0.0775879978475805,0.6781674614111043,0.0906725355966898,-0.9363981684412552,-0.5874949258144144,-0.04661444100213482,Q4
val,P0179,6,val:P0179:6,plane,0,0,3777.5,87.0,87.0,68.01470184326172,55.97320938110352,48.576334374997344,3542.0,2837.0,3587.0,2786.0,3629.0,2823.0,3586.0,2873.0,4774,4542,GoogleEarth,0.139595726182,0.0001742107411771,1.2151295699371385,P0179__x3072_y2048,4,3072,2048,1024,1.0,3777.5,470.0,789.0,515.0,738.0,557.0,775.0,514.0,825.0,1,0.5973489284515381,0.8598426580429077,9,199.0,0.1943359375,0.236572265625,0.0036025047302246,0.795310898371856,15,False,0,1,1,0,grand,45-60,0.0005035400390625,0.0954258593713231,0.6689266093934846,0.0776353457135686,-0.9572904402387552,-0.5912912636799159,0.03683740824714111,Q4
val,P0179,60,val:P0179:60,plane,0,0,5356.0,104.0,103.0,81.56592559814453,64.03124237060547,40.5251034937539,1184.0,1426.0,1246.0,1373.0,1288.0,1426.0,1224.0,1476.0,4774,4542,GoogleEarth,0.139595726182,0.0002470080025796,1.2738457443329043,P0179__x1024_y1024,7,1024,1024,1024,1.0,5356.0,160.0,402.0,222.0,349.0,264.0,402.0,200.0,452.0,1,0.6746801733970642,0.9595901966094972,6,160.0,0.15625,0.20654296875,0.0051078796386718,0.8214725585212815,21,False,0,1,1,1,grand,30-45,0.0005035400390625,0.0923055765175958,0.6681547629910524,0.0800487505701213,-0.953697370507952,-0.5881060124209311,-0.11596101542647277,Q4
val,P0179,61,val:P0179:61,plane,0,0,5318.5,104.0,103.0,80.65978240966797,65.11528015136719,41.45523354440513,1104.0,1501.0,1164.0,1448.0,1208.0,1496.0,1149.0,1551.0,4774,4542,GoogleEarth,0.139595726182,0.0002452785776176,1.2387228039588554,P0179__x1024_y1024,8,1024,1024,1024,1.0,5318.5,80.0,477.0,140.0,424.0,184.0,472.0,125.0,527.0,1,0.696978747844696,0.8883672952651978,12,80.0,0.078125,0.129150390625,0.0050721168518066,0.8059055264502573,21,False,0,1,1,1,grand,30-45,0.0005035400390625,0.0928005939640675,0.653937723378765,0.0734100128251807,-0.961989905434616,-0.5805277105535842,-0.15472598686443775,Q3
val,P0179,62,val:P0179:62,plane,0,0,5371.0,102.0,106.0,79.98124694824219,66.4680404663086,47.533558888394566,1027.0,1580.0,1081.0,1521.0,1129.0,1570.0,1074.0,1627.0,4774,4542,GoogleEarth,0.139595726182,0.0002476997725644,1.2033038192059111,P0179__x1024_y1024,9,1024,1024,1024,1.0,5371.0,3.0,556.0,57.0,497.0,105.0,546.0,50.0,603.0,1,0.6102117896080017,0.9565722942352296,7,3.0,0.0029296875,0.052490234375,0.0051221847534179,0.7899579698890867,21,False,0,1,1,1,grand,45-60,0.0005035400390625,0.0965821297027361,0.6199053233854949,0.0783713795514366,-0.9622635852451114,-0.5415339438340582,-0.19383222476038683,Q3
val,P0179,63,val:P0179:63,plane,0,0,4101.5,91.0,91.0,72.86288452148438,57.28001403808594,43.3316625517067,1263.0,1967.0,1316.0,1917.0,1354.0,1961.0,1303.0,2008.0,4774,4542,GoogleEarth,0.139595726182,0.0001891529728492,1.2720472532188498,P0179__x1024_y1024,10,1024,1024,1024,1.0,4101.5,239.0,943.0,292.0,893.0,330.0,937.0,279.0,984.0,1,0.6673260927200317,0.333070695400238,20,40.0,0.0390625,0.082763671875,0.0039114952087402,0.8206812987143048,21,False,0,1,1,1,grand,30-45,0.0005035400390625,0.0907805314764169,0.652610065064552,0.0729525338128899,-0.9617324284154348,-0.5796575312516621,-0.25033906010974594,Q3
val,P0179,66,val:P0179:66,plane,0,0,4559.5,97.0,95.0,75.82215881347656,59.46427536010742,41.25701170431287,1348.0,1721.0,1291.0,1771.0,1251.0,1727.0,1307.0,1676.0,4774,4542,GoogleEarth,0.139595726182,0.0002102750163857,1.275087577445585,P0179__x1024_y1024,11,1024,1024,1024,1.0,4559.5,324.0,697.0,267.0,747.0,227.0,703.0,283.0,652.0,1,0.6359214186668396,0.9658136367797852,5,227.0,0.2216796875,0.268798828125,0.0043482780456542,0.8220185472424548,21,False,0,1,1,1,grand,30-45,0.0005035400390625,0.0943844804827964,0.687954968925193,0.083044929467119,-0.9494768278465532,-0.604910039458074,-0.08327901273581798,Q4
val,P0179,67,val:P0179:67,plane,0,0,3855.0,88.0,88.0,70.29224395751953,54.81787872314453,39.80557109226518,1416.0,1815.0,1470.0,1770.0,1504.0,1813.0,1453.0,1858.0,4774,4542,GoogleEarth,0.139595726182,0.0001777848860986,1.2822868304066937,P0179__x1024_y1024,12,1024,1024,1024,1.0,3855.0,392.0,791.0,446.0,746.0,480.0,789.0,429.0,834.0,1,0.6348085403442383,0.9734513759613036,3,190.0,0.185546875,0.228515625,0.003676414489746,0.8251779360945645,21,False,0,1,1,1,grand,30-45,0.0005035400390625,0.0919813927720078,0.6762251368582118,0.083044929467119,-0.9497531460560956,-0.5931802073910928,-0.08458060848159063,Q4
val,P0179,68,val:P0179:68,plane,0,0,4004.0,88.0,91.0,70.43436431884766,56.85068130493164,50.30092651652569,1494.0,1875.0,1450.0,1928.0,1406.0,1892.0,1450.0,1837.0,4774,4542,GoogleEarth,0.139595726182,0.0001846564679478,1.2389361517244943,P0179__x1024_y1024,13,1024,1024,1024,1.0,4004.0,470.0,851.0,426.0,904.0,382.0,868.0,426.0,813.0,1,0.6543611884117126,0.9325880408287048,11,120.0,0.1171875,0.1611328125,0.0038185119628906,0.8060008207850478,21,False,0,1,1,1,grand,45-60,0.0005035400390625,0.0992597698680767,0.6501915179158856,0.0739385835163561,-0.9646096108109752,-0.5762529343995294,-0.11638863695897882,Q4
val,P0179,69,val:P0179:69,plane,0,0,3807.0,91.0,85.0,71.58910369873047,51.62363815307617,41.03534527714388,1338.0,1891.0,1392.0,1844.0,1429.0,1880.0,1381.0,1929.0,4774,4542,GoogleEarth,0.139595726182,0.0001755712221472,1.3867504550231815,P0179__x1024_y1024,14,1024,1024,1024,1.0,3807.0,314.0,867.0,368.0,820.0,405.0,856.0,357.0,905.0,1,0.6623219847679138,0.9483136534690856,10,119.0,0.1162109375,0.158203125,0.0036306381225585,0.8699327985415017,21,False,0,1,1,1,grand,30-45,0.0005035400390625,0.0852723857947746,0.6585963218125569,0.0769446808950776,-0.9548815214694912,-0.5816516409174792,-0.17125331240423267,Q3
val,P0179,7,val:P0179:7,plane,0,0,4657.5,96.0,100.0,82.07313537597656,57.28001403808594,47.00955381302114,3596.0,2786.0,3651.0,2727.0,3692.0,2767.0,3636.0,2827.0,4774,4542,GoogleEarth,0.139595726182,0.0002147945802865,1.4328406994000644,P0179__x3072_y2048,5,3072,2048,1024,1.0,4657.5,524.0,738.0,579.0,679.0,620.0,719.0,564.0,779.0,1,0.551326334476471,0.9314931631088256,7,245.0,0.2392578125,0.288330078125,0.0044417381286621,0.8890595866886588,15,False,0,1,1,0,grand,45-60,0.0005035400390625,0.0840130845023447,0.66896504889616,0.0772532576611842,-0.9531088215888306,-0.5917117912349759,-0.07882181370782462,Q4
val,P0179,70,val:P0179:70,plane,0,0,3873.0,87.0,90.0,70.0927963256836,55.17245864868164,46.77146974003409,1418.0,1951.0,1371.0,2001.0,1331.0,1963.0,1378.0,1911.0,4774,4542,GoogleEarth,0.139595726182,0.0001786150100804,1.2704309005333494,P0179__x1024_y1024,15,1024,1024,1024,1.0,3873.0,394.0,927.0,347.0,977.0,307.0,939.0,354.0,887.0,1,0.6456963419914246,0.5311552286148071,17,47.0,0.0458984375,0.08935546875,0.0036935806274414,0.819969637502513,21,False,0,1,1,1,grand,45-60,0.0005035400390625,0.0931366643833926,0.6561265949329046,0.07208611228148,-0.9632303688907708,-0.5840404826514246,-0.21897724689243414,Q3
val,P0179,71,val:P0179:71,plane,0,0,3888.5,90.0,88.0,73.59347534179688,53.075416564941406,45.0,1338.0,2025.0,1289.0,2074.0,1248.0,2036.0,1302.0,1986.0,4774,4542,GoogleEarth,0.139595726182,0.0001793298390647,1.386583094486884,P0179__x1024_y1024,16,1024,1024,1024,0.8192916738660473,2731.545127749443,260.9093017578125,1024.0,224.0001220703125,1012.0001220703124,278.0001220703125,962.0001220703124,314.9093017578125,1001.862060546875,1,0.0,0.953519642353058,8,0.0,0.0,0.0234711170196533,0.0026050044324392,0.8698626754149151,21,False,0,0,0,0,moyen,30-45,0.0005035400390625,0.0841421329080848,0.5568540345089255,0.0799716127938564,0.1311311735353387,-0.476882421715069,-0.25291902785814163,Q3
val,P0179,73,val:P0179:73,plane,0,0,3911.0,92.0,86.0,72.34638977050781,55.226806640625,40.51539399045538,1183.0,2041.0,1238.0,1994.0,1275.0,2035.0,1223.0,2080.0,4774,4542,GoogleEarth,0.139595726182,0.000180367494042,1.3099868373937376,P0179__x1024_y1024,17,1024,1024,1024,0.7144534745749169,2471.2099798619747,194.9453125,1024.0,158.999755859375,1016.999755859375,215.134521484375,969.030029296875,251.080078125,1011.093994140625,1,0.5049453377723694,0.457651287317276,18,0.0,0.0,0.0182803273200988,0.0023567294882411,0.8372418264195188,21,False,0,1,1,0,moyen,30-45,0.0005035400390625,0.0854055959719136,0.551564282651206,0.0835230433375478,-0.9583522617447804,-0.4680412393136582,-0.2695131238959948,Q2
val,P0179,75,val:P0179:75,plane,0,0,5207.5,103.0,102.0,84.148681640625,64.38167572021484,47.16107948822636,1191.0,1866.0,1140.0,1921.0,1088.0,1879.0,1147.0,1819.0,4774,4542,GoogleEarth,0.139595726182,0.0002401594797299,1.3070284471362963,P0179__x1024_y1024,18,1024,1024,1024,1.0,5207.5,167.0,842.0,116.0,897.0,64.0,855.0,123.0,795.0,1,0.6698023080825806,0.990982949733734,0,64.0,0.0625,0.11474609375,0.0049662590026855,0.8359603099072256,21,False,0,1,1,1,grand,45-60,0.0005035400390625,0.091981964800708,0.6585048520614784,0.0701191885433834,-0.9644741713455524,-0.5883856635180948,-0.17848363462444675,Q3
val,P0179,76,val:P0179:76,plane,0,0,4975.0,100.0,101.0,83.48652648925781,61.717098236083984,46.06091169026422,1115.0,1938.0,1062.0,1993.0,1015.0,1953.0,1072.0,1892.0,4774,4542,GoogleEarth,0.139595726182,0.0002294370449652,1.3527292901863288,P0179__x1024_y1024,19,1024,1024,1024,0.9843596890703518,4717.313516795635,35.862548828125,971.2181396484376,0.0,927.5843505859376,48.0,867.9998779296875,93.2802734375,911.6336669921876,1,0.6224888563156128,0.9687636494636536,4,0.0,0.0,0.0432477593421936,0.004498780743404,0.8555760543320148,21,False,0,1,1,1,grand,45-60,0.0005035400390625,0.0869759650878576,0.6003543054009505,0.0795061834698994,-0.9585646324690308,-0.520848121931051,-0.22905702755639443,Q3
val,P0179,8,val:P0179:8,plane,0,0,7224.0,120.0,120.0,88.45903015136719,82.75868225097656,42.70938995736148,3286.0,2652.0,3351.0,2592.0,3406.0,2658.0,3343.0,2712.0,4774,4542,GoogleEarth,0.139595726182,0.0003331564246892,1.0688791525595294,P0179__x3072_y2048,6,3072,2048,1024,1.0,7224.0,214.0,604.0,279.0,544.0,334.0,610.0,271.0,664.0,1,0.6590422987937927,0.9824392795562744,1,214.0,0.208984375,0.26806640625,0.0068893432617187,0.7270069884348055,15,False,0,1,1,1,grand,30-45,0.0005035400390625,0.1019494369730491,0.6736183488739761,0.0869337589419307,-0.9501180808325228,-0.5866845899320453,0.5254781821083393,Q4
val,P0179,81,val:P0179:81,plane,0,0,4614.0,97.0,94.0,74.40430450439453,61.40032577514648,37.33319573818582,3053.0,2505.0,3112.0,2460.0,3150.0,2510.0,3090.0,2554.0,4774,4542,GoogleEarth,0.139595726182,0.0002127884473305,1.2117900608030938,P0179__x3072_y2048,13,3072,2048,1024,0.9183545916639576,3758.486051261425,18.771240234375,507.014404296875,0.0,457.014404296875,40.000244140625,412.000244140625,78.000244140625,462.000244140625,1,0.0,0.9366405606269836,6,0.0,0.0,0.033391535282135,0.0035843716156591,0.7938021699348987,15,False,0,0,0,0,grand,30-45,0.0005035400390625,0.0836290396974341,0.5645712031440858,0.0839691210610463,0.1354925210869219,-0.4806020820830395,-0.21971677811627277,Q3
val,P0179,82,val:P0179:82,plane,0,0,2477.0,68.0,73.0,54.5618896484375,44.55333709716797,48.71528910542878,3140.0,2559.0,3104.0,2600.0,3072.0,2569.0,3105.0,2527.0,4774,4542,GoogleEarth,0.139595726182,0.0001142342834932,1.2246420403805336,P0179__x3072_y2048,14,3072,2048,1024,1.0,2477.0,68.0,511.0,32.0,552.0,0.0,521.0,33.0,479.0,1,0.5152637958526611,0.4114020466804504,15,0.0,0.0,0.032470703125,0.0023622512817382,0.799596021947661,15,False,0,1,1,0,moyen,45-60,0.0005035400390625,0.0894294631539461,0.5780389203560562,0.0808438903474738,-0.9605979873516696,-0.4971950300085823,-0.19808159279244972,Q3
val,P0179,84,val:P0179:84,small-vehicle,10,0,598.0,37.0,38.0,37.48332977294922,16.278820037841797,46.08092418666067,2147.0,3669.0,2159.0,3680.0,2133.0,3707.0,2122.0,3695.0,4774,4542,GoogleEarth,0.139595726182,2.7578563394816005e-05,2.3025827231835816,P0179__x2048_y3072,0,2048,3072,1024,1.0,598.0,99.0,597.0,111.0,608.0,85.0,635.0,74.0,623.0,2,0.0,0.6572726964950562,0,74.0,0.072265625,0.090087890625,0.0005702972412109,1.1947048057557654,15,False,0,0,0,0,petit,45-60,0.0005035400390625,0.2584848776800905,0.4542434876498143,0.0686427368054815,0.2269875484052697,-0.3856007508443329,-0.34315074957948954,Q2
val,P0179,85,val:P0179:85,small-vehicle,10,0,643.5,39.0,38.0,37.48332977294922,16.970561981201172,42.79740183823418,2160.0,3686.0,2172.0,3699.0,2145.0,3724.0,2133.0,3712.0,4774,4542,GoogleEarth,0.139595726182,2.9676932348769395e-05,2.208726488519985,P0179__x2048_y3072,1,2048,3072,1024,1.0,643.5,112.0,614.0,124.0,627.0,97.0,652.0,85.0,640.0,2,0.0,0.3704119622707367,3,85.0,0.0830078125,0.10205078125,0.0006136894226074,1.1658741258744547,15,False,0,0,0,0,petit,30-45,0.0005035400390625,0.2632423492423149,0.4684114465616482,0.0656285756712288,0.2329912484280996,-0.4027828708904193,-0.3940414664627987,Q2
val,P0179,86,val:P0179:86,small-vehicle,10,0,636.0,37.0,40.0,38.28837966918945,16.278820037841797,47.20259816176579,2172.0,3464.0,2160.0,3475.0,2135.0,3448.0,2147.0,3435.0,4774,4542,GoogleEarth,0.139595726182,2.9331047356359496e-05,2.352036546886332,P0179__x2048_y3072,2,2048,3072,1024,1.0,636.0,124.0,392.0,112.0,403.0,87.0,376.0,99.0,363.0,1,0.0,0.2672663927078247,5,87.0,0.0849609375,0.10302734375,0.0006065368652343,1.2095680855694482,15,False,0,0,0,0,petit,45-60,0.0005035400390625,0.256438890295214,0.4561455259864792,0.0832190069768228,0.240534190584988,-0.3729265190096563,-0.3432609879470098,Q2
val,P0179,87,val:P0179:87,small-vehicle,10,0,658.5,36.0,42.0,37.64305877685547,17.029386520385742,48.239700296102114,2154.0,3480.0,2143.0,3493.0,2118.0,3465.0,2130.0,3451.0,4774,4542,GoogleEarth,0.139595726182,3.03687023335892e-05,2.210476503765609,P0179__x2048_y3072,3,2048,3072,1024,1.0,658.5,106.0,408.0,95.0,421.0,70.0,393.0,82.0,379.0,1,0.6210840940475464,0.2821871042251587,4,70.0,0.068359375,0.086181640625,0.0006279945373535,1.1664193696659606,15,False,0,1,1,1,petit,45-60,0.0005035400390625,0.2698041678630129,0.464214498034775,0.0665791455373861,-1.1313912552080332,-0.3976353524973888,-0.35519947736779145,Q2
val,P0179,88,val:P0179:88,small-vehicle,10,0,887.0,46.0,46.0,45.96738052368164,19.10497283935547,45.0,2193.0,3449.0,2179.0,3462.0,2147.0,3430.0,2161.0,3416.0,4774,4542,GoogleEarth,0.139595726182,4.090666510234414e-05,2.406042704703076,P0179__x2048_y3072,4,2048,3072,1024,1.0,887.0,145.0,377.0,131.0,390.0,99.0,358.0,113.0,344.0,1,0.7119788527488708,0.4149377346038818,2,99.0,0.0966796875,0.119140625,0.0008459091186523,1.2255511202426577,15,False,0,1,1,1,petit,30-45,0.0005035400390625,0.2497171270775791,0.4712326536382694,0.1419695021049156,-1.0340204709989216,-0.3292631515333537,-0.3648292203871992,Q2
val,P0179,89,val:P0179:89,small-vehicle,10,0,794.5,47.0,28.0,44.38468170166016,17.464248657226562,14.34933204294714,2243.0,3357.0,2239.0,3375.0,2196.0,3364.0,2200.0,3347.0,4774,4542,GoogleEarth,0.139595726182,3.664075019595538e-05,2.5414595596297893,P0179__x2048_y3072,5,2048,3072,1024,1.0,794.5,195.0,285.0,191.0,303.0,148.0,292.0,152.0,275.0,1,0.0,0.0,-1,148.0,0.14453125,0.16748046875,0.0007576942443847,1.2645389471515074,15,False,0,0,0,0,petit,0-15,0.0005035400390625,0.2030119239313189,0.4575602826586667,0.1492449514945525,0.2657964986084007,-0.3083153311641141,-0.4167032925833053,Q2
val,P0179,9,val:P0179:9,plane,0,0,3682.5,87.0,85.0,65.79513549804688,55.17245864868164,41.26860300083953,3470.0,2654.0,3421.0,2697.0,3383.0,2657.0,3431.0,2612.0,4774,4542,GoogleEarth,0.139595726182,0.0001698295312732,1.1925358613616734,P0179__x3072_y2048,7,3072,2048,1024,1.0,3682.5,398.0,606.0,349.0,649.0,311.0,609.0,359.0,564.0,1,0.6674063801765442,0.9143628478050232,8,311.0,0.3037109375,0.345947265625,0.003511905670166,0.7850588015097635,15,False,0,1,1,1,grand,30-45,0.0005035400390625,0.0952620020849533,0.6683334690532443,0.0943616211723145,-0.9405603317415342,-0.5739718478809297,0.017844856601845524,Q4
val,P0179,90,val:P0179:90,small-vehicle,10,0,653.0,39.0,38.0,37.53664779663086,17.69180679321289,41.76029970389786,2174.0,3400.0,2163.0,3414.0,2135.0,3389.0,2147.0,3376.0,4774,4542,GoogleEarth,0.139595726182,3.011505333915527e-05,2.12169668340664,P0179__x2048_y3072,6,2048,3072,1024,1.0,653.0,126.0,328.0,115.0,342.0,87.0,317.0,99.0,304.0,1,0.5726743340492249,0.5687147974967957,1,87.0,0.0849609375,0.104248046875,0.0006227493286132,1.1383766627951584,15,False,0,1,1,0,petit,30-45,0.0005035400390625,0.2702393859279428,0.4742062389677186,0.0686989288663011,-1.1260090073612314,-0.4055073101014174,-0.40491379751546475,Q2
val,P0179,91,val:P0179:91,small-vehicle,10,0,567.0,33.0,38.0,33.30165100097656,17.029386520385742,48.65222278030632,2392.0,3103.0,2381.0,3116.0,2359.0,3091.0,2371.0,3078.0,4774,4542,GoogleEarth,0.139595726182,2.614890542618842e-05,1.9555402633624777,P0179__x2048_y3072,7,2048,3072,1024,1.0,567.0,344.0,31.0,333.0,44.0,311.0,19.0,323.0,6.0,1,0.0,0.0,-1,6.0,0.005859375,0.0244140625,0.0005407333374023,1.083681464387759,15,False,0,0,0,0,petit,45-60,0.0005035400390625,0.2922718902387684,0.4062513842721471,0.0766621649627066,0.2444326100753007,-0.3295892193094404,-0.3856141633128216,Q2
val,P0199,0,val:P0199:0,small-vehicle,10,0,597.5,20.0,37.0,36.22154235839844,16.031219482421875,85.23635830927383,221.0,1470.0,237.0,1471.0,234.0,1507.0,217.0,1506.0,1172,1579,GoogleEarth,0.14275362573,0.0003228703525582,2.259437742594387,P0199__x0_y555,0,0,555,1024,1.0,597.5,221.0,915.0,237.0,916.0,234.0,952.0,217.0,951.0,2,0.6394057869911194,0.2688079476356506,48,72.0,0.0703125,0.08837890625,0.0005698204040527,1.1815547089068663,51,False,0,1,1,1,petit,75-90,0.0005035400390625,0.5468466634025078,0.3909482165895929,0.2165181692315339,-1.518460277795024,-0.1744300473580589,-0.1943736203383699,Q3
val,P0199,1,val:P0199:1,small-vehicle,10,0,609.0,39.0,17.0,38.05259704589844,15.033296585083008,3.0127875041833363,139.0,955.0,138.0,972.0,100.0,970.0,101.0,955.0,1172,1579,GoogleEarth,0.14275362573,0.0003290845936534,2.5312210685483745,P0199__x0_y555,1,0,555,1024,1.0,609.0,139.0,400.0,138.0,417.0,100.0,415.0,101.0,400.0,1,0.0,0.4225609302520752,22,100.0,0.09765625,0.11669921875,0.0005807876586914,1.2616437229016,51,False,0,0,0,0,petit,0-15,0.0005035400390625,0.4419417448509715,0.300433731320723,0.2152265132907872,0.4531482825808251,-0.0852072180299357,-0.49014882789629316,Q1
val,P0199,10,val:P0199:10,small-vehicle,10,0,570.0,17.0,36.0,35.0,16.031219482421875,88.31531568210372,195.0,83.0,211.0,82.0,212.0,116.0,195.0,118.0,1172,1579,GoogleEarth,0.14275362573,0.0003080102108086,2.183240023528919,P0199__x148_y0,1,148,0,1024,1.0,570.0,47.0,83.0,63.0,82.0,64.0,116.0,47.0,118.0,1,0.7794833183288574,0.288437157869339,46,47.0,0.0458984375,0.053955078125,0.0005435943603515,1.1578995534144805,21,False,0,1,1,1,petit,75-90,0.0005035400390625,0.4853934234856221,0.414334698841014,0.1491387220172721,-1.4032795690038404,-0.2651959768237418,-0.3577751823186644,Q2
val,P0199,11,val:P0199:11,small-vehicle,10,0,553.0,18.0,35.0,35.0142822265625,15.0,84.95754893082908,190.0,119.0,175.0,119.0,172.0,85.0,189.0,84.0,1172,1579,GoogleEarth,0.14275362573,0.0002988239413635,2.3342854817708334,P0199__x148_y0,2,148,0,1024,1.0,553.0,42.0,119.0,27.0,119.0,24.0,85.0,41.0,84.0,1,0.7224308252334595,0.2597009241580963,50,24.0,0.0234375,0.03271484375,0.0005273818969726,1.204258408068554,21,False,0,1,1,1,petit,75-90,0.0005035400390625,0.477712931076392,0.4108311305100348,0.1180486751473829,-1.4208380871135875,-0.2927824553626518,-0.34027715123642105,Q2
val,P0199,12,val:P0199:12,tennis-court,4,0,13358.5,82.0,169.0,168.0267791748047,79.00633239746094,88.97696981133215,863.0,302.0,943.0,303.0,940.0,471.0,861.0,470.0,1172,1579,GoogleEarth,0.14275362573,0.0072185164931362,2.126750781563993,P0199__x148_y0,3,148,0,1024,1.0,13358.5,715.0,302.0,795.0,303.0,792.0,471.0,713.0,470.0,1,0.8272218108177185,0.5342475771903992,25,229.0,0.2236328125,0.263916015625,0.0127396583557128,1.1399943764073477,21,False,0,1,1,1,grand,75-90,0.0005035400390625,0.05,0.6183421156664105,0.2066224787885666,-0.8134647782816222,-0.4117196368778438,-0.4669653695643375,Q1
val,P0199,13,val:P0199:13,tennis-court,4,0,13438.0,82.0,170.0,169.04733276367188,78.00640869140625,89.66097567554856,736.0,300.0,814.0,301.0,813.0,470.0,732.0,469.0,1172,1579,GoogleEarth,0.14275362573,0.0072614758120121,2.1670954425350355,P0199__x148_y0,4,148,0,1024,1.0,13438.0,588.0,300.0,666.0,301.0,665.0,470.0,584.0,469.0,1,0.7848170399665833,0.6681870222091675,18,300.0,0.29296875,0.3759765625,0.0128154754638671,1.1528149036780402,21,False,0,1,1,1,grand,75-90,0.0005035400390625,0.05,0.6136901004972022,0.2098592908337472,-0.8104728091400842,-0.4038308096634549,-0.5448145610398926,Q1
val,P0199,14,val:P0199:14,tennis-court,4,0,13481.0,82.0,169.0,169.0118408203125,80.0,89.31793960682735,864.0,579.0,944.0,580.0,942.0,748.0,862.0,748.0,1172,1579,GoogleEarth,0.14275362573,0.0072847116700205,2.1126480102539062,P0199__x148_y0,5,148,0,1024,1.0,13481.0,716.0,579.0,796.0,580.0,794.0,748.0,714.0,748.0,3,0.8428296446800232,0.988301694393158,0,228.0,0.22265625,0.2626953125,0.0128564834594726,1.1354738141554253,21,False,0,1,1,1,grand,75-90,0.0005035400390625,0.05,0.6113619938664194,0.206276390028263,-0.8141782418735044,-0.4050856038381564,-0.4592661899837042,Q1
val,P0199,15,val:P0199:15,tennis-court,4,0,13357.5,81.0,169.0,169.00296020507812,79.0,89.66097567554856,735.0,579.0,814.0,579.0,813.0,748.0,733.0,746.0,1172,1579,GoogleEarth,0.14275362573,0.0072179761243453,2.13927797727947,P0199__x148_y0,6,148,0,1024,1.0,13357.5,587.0,579.0,666.0,579.0,665.0,748.0,585.0,746.0,3,0.8083297610282898,0.4613572955131531,30,276.0,0.26953125,0.3525390625,0.0127387046813964,1.1439928299375224,21,False,0,1,1,1,grand,75-90,0.0005035400390625,0.05,0.6194015037934847,0.2083364619037951,-0.8116950378965477,-0.4110650418896895,-0.5266899656455434,Q1
val,P0199,16,val:P0199:16,tennis-court,4,0,13602.0,82.0,171.0,171.01168823242188,80.0,89.32990447777546,860.0,857.0,940.0,857.0,938.0,1028.0,858.0,1026.0,1172,1579,GoogleEarth,0.14275362573,0.0073500962937185,2.1376461029052733,P0199__x148_y555,3,148,555,1024,1.0,13602.0,712.0,302.0,792.0,302.0,790.0,473.0,710.0,471.0,3,0.7298916578292847,0.4356788694858551,18,232.0,0.2265625,0.2666015625,0.0129718780517578,1.1434728700367442,20,False,0,1,1,1,grand,75-90,0.0005035400390625,0.05,0.6128194581589977,0.2066224787885666,-0.8137554444662229,-0.4061969793704311,-0.46820763676297095,Q1
val,P0199,17,val:P0199:17,tennis-court,4,0,13317.0,81.0,168.0,168.0029754638672,79.0,89.31385580216477,732.0,856.0,812.0,857.0,810.0,1024.0,731.0,1024.0,1172,1579,GoogleEarth,0.14275362573,0.0071960911883142,2.1266199425805974,P0199__x148_y555,4,148,555,1024,1.0,13317.0,584.0,301.0,664.0,302.0,662.0,469.0,583.0,469.0,3,0.8177732825279236,0.2583162188529968,32,301.0,0.2939453125,0.376220703125,0.012700080871582,1.139952530500816,20,False,0,1,1,1,grand,75-90,0.0005035400390625,0.05,0.6138157702356211,0.2107970348316368,-0.8095284509454358,-0.4030187354039842,-0.5055809055816535,Q1
val,P0199,18,val:P0199:18,tennis-court,4,0,13440.0,81.0,169.0,169.00296020507812,79.02531433105469,89.66097567554856,603.0,855.0,684.0,855.0,683.0,1024.0,604.0,1022.0,1172,1579,GoogleEarth,0.14275362573,0.0072625565495939,2.138592698247133,P0199__x0_y555,10,0,555,1024,1.0,13440.0,603.0,300.0,684.0,300.0,683.0,469.0,604.0,467.0,3,0.6775991916656494,0.2949593365192413,45,300.0,0.29296875,0.37158203125,0.0128173828125,1.1437745141835105,51,False,0,1,1,1,grand,75-90,0.0005035400390625,0.05,0.5955089696328473,0.4162828558365249,-0.6050061457617464,-0.1792261137963223,-0.37619785400899836,Q2
val,P0199,19,val:P0199:19,tennis-court,4,0,13361.0,82.0,170.0,169.02662658691406,79.05693817138672,89.31385580216477,434.0,863.0,513.0,866.0,511.0,1033.0,431.0,1032.0,1172,1579,GoogleEarth,0.14275362573,0.0072198674151134,2.138036591051414,P0199__x0_y555,11,0,555,1024,1.0,13361.0,434.0,308.0,513.0,311.0,511.0,478.0,431.0,477.0,3,0.7691066861152649,0.5413943529129028,15,308.0,0.30078125,0.38427734375,0.0127420425415039,1.1435973148710954,51,False,0,1,1,1,grand,75-90,0.0005035400390625,0.05,0.5996882809868421,0.4195292255989911,-0.6015398122438067,-0.180159055387851,-0.34413282935148076,Q2
val,P0199,2,val:P0199:2,small-vehicle,10,0,781.0,40.0,21.0,40.01249694824219,20.0,1.4320961841646351,141.0,877.0,141.0,897.0,101.0,896.0,103.0,876.0,1172,1579,GoogleEarth,0.14275362573,0.0004220280256869,2.0006248474121096,P0199__x0_y555,2,0,555,1024,1.0,781.0,141.0,322.0,141.0,342.0,101.0,341.0,103.0,321.0,1,0.6502247452735901,0.4568548500537872,20,101.0,0.0986328125,0.11865234375,0.0007448196411132,1.0988205494510306,51,False,0,1,1,1,petit,0-15,0.0005035400390625,0.4583671453700452,0.2836292565216731,0.1480374755262815,-1.4582049447920256,-0.1355917809953915,-0.49817757807331164,Q1
val,P0199,20,val:P0199:20,tennis-court,4,0,13321.5,81.0,168.0,168.0029754638672,80.0,89.65895772114114,304.0,864.0,384.0,864.0,383.0,1032.0,303.0,1029.0,1172,1579,GoogleEarth,0.14275362573,0.0071985228478732,2.10003719329834,P0199__x0_y555,12,0,555,1024,1.0,13321.5,304.0,309.0,384.0,309.0,383.0,477.0,303.0,474.0,3,0.8741263151168823,0.3823001682758331,29,303.0,0.2958984375,0.33544921875,0.0127043724060058,1.1314141092573011,51,False,0,1,1,1,grand,75-90,0.0005035400390625,0.05,0.5979757235117171,0.4170306146238514,-0.6041285578229003,-0.1809451088878657,-0.35597515348600106,Q2
val,P0199,21,val:P0199:21,tennis-court,4,0,13276.5,82.0,168.0,168.047607421875,78.00640869140625,89.65484887683587,178.0,863.0,256.0,864.0,255.0,1030.0,174.0,1031.0,1172,1579,GoogleEarth,0.14275362573,0.007174206252283,2.1542795039657854,P0199__x0_y555,13,0,555,1024,1.0,13276.5,178.0,308.0,256.0,309.0,255.0,475.0,174.0,476.0,3,0.8743376731872559,0.9481260776519777,2,174.0,0.169921875,0.210693359375,0.0126614570617675,1.1487601035002164,51,False,0,1,1,1,grand,75-90,0.0005035400390625,0.05,0.5984150103991679,0.4318077203801602,-0.589328331704094,-0.1666072900190076,-0.31929224869803835,Q2
val,P0199,22,val:P0199:22,tennis-court,4,0,14532.5,87.0,169.0,168.0029754638672,86.00581359863281,89.65895772114114,421.0,1248.0,508.0,1249.0,507.0,1417.0,421.0,1416.0,1172,1579,GoogleEarth,0.14275362573,0.0078529094536439,1.9533909213148568,P0199__x0_y555,14,0,555,1024,1.0,14532.5,421.0,693.0,508.0,694.0,507.0,862.0,421.0,861.0,2,0.7545101642608643,0.3840408325195312,28,162.0,0.158203125,0.24072265625,0.0138592720031738,1.0829539750753137,51,False,0,1,1,1,grand,75-90,0.0005035400390625,0.05,0.5785669795545954,0.4299337524293052,-0.592246932857295,-0.1486332271252901,-0.31207436736424937,Q2
val,P0199,23,val:P0199:23,tennis-court,4,0,13649.0,82.0,169.0,169.00296020507812,81.0,89.65895772114114,290.0,1247.0,371.0,1248.0,370.0,1416.0,289.0,1416.0,1172,1579,GoogleEarth,0.14275362573,0.0073754936268904,2.086456298828125,P0199__x0_y555,15,0,555,1024,1.0,13649.0,290.0,692.0,371.0,693.0,370.0,861.0,289.0,861.0,2,0.7725240588188171,0.2545406222343445,53,163.0,0.1591796875,0.241455078125,0.0130167007446289,1.127023603940018,51,False,0,1,1,1,grand,75-90,0.0005035400390625,0.05,0.5900540640263215,0.4270239987169563,-0.5945521031763952,-0.1630300653093652,-0.3192098219183673,Q2
val,P0199,24,val:P0199:24,tennis-court,4,0,12949.0,79.0,167.0,167.01197814941406,77.02597045898438,89.31385580216477,167.0,1248.0,246.0,1248.0,244.0,1415.0,167.0,1413.0,1172,1579,GoogleEarth,0.14275362573,0.0069972354732657,2.16825542286866,P0199__x0_y555,16,0,555,1024,1.0,12949.0,167.0,693.0,246.0,693.0,244.0,860.0,167.0,858.0,2,0.7174937725067139,0.5428764224052429,14,164.0,0.16015625,0.201171875,0.0123491287231445,1.153181096607597,51,False,0,1,1,1,grand,75-90,0.0005035400390625,0.05,0.6007544380448727,0.4363920576643522,-0.5846208666490755,-0.1643623803805205,-0.26395441119489577,Q2
val,P0199,25,val:P0199:25,tennis-court,4,0,13026.0,80.0,168.0,168.0267791748047,77.0064926147461,89.65484887683587,609.0,578.0,686.0,579.0,685.0,745.0,606.0,746.0,1172,1579,GoogleEarth,0.14275362573,0.0070388438701645,2.1819819793042874,P0199__x148_y0,13,148,0,1024,1.0,13026.0,461.0,578.0,538.0,579.0,537.0,745.0,458.0,746.0,3,0.7743105292320251,0.6774448156356812,16,278.0,0.271484375,0.353515625,0.0124225616455078,1.157504266575953,21,False,0,1,1,1,grand,75-90,0.0005035400390625,0.05,0.6153161021283284,0.2083707082677004,-0.8118758126729139,-0.406945393860628,-0.5276427555476897,Q1
val,P0199,26,val:P0199:26,tennis-court,4,0,13272.0,82.0,170.0,170.02647399902344,79.02531433105469,88.96464681345505,437.0,586.0,516.0,588.0,513.0,754.0,434.0,756.0,1172,1579,GoogleEarth,0.14275362573,0.007171774592724,2.151544418877533,P0199__x148_y0,14,148,0,1024,1.0,13272.0,289.0,586.0,368.0,588.0,365.0,754.0,286.0,756.0,3,0.8758038282394409,0.8001042604446411,9,268.0,0.26171875,0.3193359375,0.0126571655273437,1.147892624390988,21,False,0,1,1,1,grand,75-90,0.0005035400390625,0.05,0.6347992867890371,0.2049425402598463,-0.8142785499091517,-0.4298567465291907,-0.4801259168270792,Q1
val,P0199,27,val:P0199:27,tennis-court,4,0,13193.0,80.0,167.0,167.01197814941406,78.0,90.0,309.0,586.0,387.0,586.0,387.0,753.0,307.0,753.0,1172,1579,GoogleEarth,0.14275362573,0.0071290854582435,2.14117920704377,P0199__x148_y0,15,148,0,1024,1.0,13193.0,161.0,586.0,239.0,586.0,239.0,753.0,159.0,753.0,3,0.8769421577453613,0.7828719615936279,11,159.0,0.1552734375,0.19482421875,0.0125818252563476,1.14459827306581,21,False,0,1,1,1,grand,75-90,0.0005035400390625,0.05,0.6130414127091426,0.2070399918940094,-0.8133262495423514,-0.4060014208151331,-0.5366775008315343,Q1
val,P0199,28,val:P0199:28,tennis-court,4,0,13396.5,80.0,170.0,170.00294494628906,79.05693817138672,89.6629698901422,179.0,584.0,259.0,584.0,258.0,754.0,179.0,751.0,1172,1579,GoogleEarth,0.14275362573,0.0072390505071901,2.1503861505202924,P0199__x148_y0,16,148,0,1024,1.0,13396.5,31.0,584.0,111.0,584.0,110.0,754.0,31.0,751.0,3,0.9089354872703552,0.6862037181854248,13,31.0,0.0302734375,0.069091796875,0.0127758979797363,1.1475250327910718,21,False,0,1,1,1,grand,75-90,0.0005035400390625,0.05,0.6010760535741053,0.2002139919045947,-0.8207820052757155,-0.4008620616695105,-0.4732366613420517,Q1
val,P0199,29,val:P0199:29,tennis-court,4,0,13317.0,81.0,168.0,168.0029754638672,79.0,89.65895772114114,607.0,300.0,686.0,300.0,685.0,468.0,605.0,467.0,1172,1579,GoogleEarth,0.14275362573,0.0071960911883142,2.1266199425805974,P0199__x148_y0,17,148,0,1024,1.0,13317.0,459.0,300.0,538.0,300.0,537.0,468.0,457.0,467.0,1,0.8064486384391785,0.9255619645118712,2,300.0,0.29296875,0.374755859375,0.012700080871582,1.139952530500816,21,False,0,1,1,1,grand,75-90,0.0005035400390625,0.05,0.6110125387872978,0.2096240300627721,-0.8108489942115806,-0.4013885087245256,-0.5432671343403143,Q1
val,P0199,3,val:P0199:3,small-vehicle,10,0,585.0,37.0,18.0,37.05401611328125,16.031219482421875,1.6846843178962845,137.0,854.0,135.0,871.0,101.0,872.0,100.0,856.0,1172,1579,GoogleEarth,0.14275362573,0.000316115742672,2.311366028885746,P0199__x0_y555,3,0,555,1024,1.0,585.0,137.0,299.0,135.0,316.0,101.0,317.0,100.0,301.0,1,0.66819828748703,0.4041459262371063,25,100.0,0.09765625,0.115478515625,0.0005578994750976,1.1973608018013249,51,False,0,1,1,1,petit,0-15,0.0005035400390625,0.4477481214248652,0.2752351139344495,0.1449571211804955,-1.4426590170349698,-0.130277992753954,-0.47122604165376714,Q1
val,P0199,30,val:P0199:30,tennis-court,4,0,13272.0,81.0,169.0,169.0118408203125,79.00633239746094,89.3219750892487,439.0,309.0,518.0,308.0,516.0,477.0,437.0,476.0,1172,1579,GoogleEarth,0.14275362573,0.007171774592724,2.139218916909806,P0199__x148_y0,18,148,0,1024,1.0,13272.0,291.0,309.0,370.0,308.0,368.0,477.0,289.0,476.0,1,0.8017029166221619,0.4610676169395447,31,289.0,0.2822265625,0.32177734375,0.0126571655273437,1.1439740163996133,21,False,0,1,1,1,grand,75-90,0.0005035400390625,0.05,0.6236396497981488,0.2049061906479698,-0.8149022488363382,-0.418733459150179,-0.4740876712243186,Q1
val,P0199,31,val:P0199:31,small-vehicle,10,0,684.0,38.0,19.0,36.0,19.10497283935547,0.0,141.0,933.0,139.0,952.0,103.0,952.0,105.0,933.0,1172,1579,GoogleEarth,0.14275362573,0.0003696122529704,1.8843261543843424,P0199__x0_y555,21,0,555,1024,1.0,684.0,141.0,378.0,139.0,397.0,103.0,397.0,105.0,378.0,1,0.7477489709854126,0.6226092576980591,12,103.0,0.1005859375,0.119140625,0.0006523132324218,1.059291304007714,51,False,0,1,1,1,petit,0-15,0.0005035400390625,0.461173988954952,0.2793219910958157,0.1502018390077499,-1.466616846997868,-0.1291201520880658,-1.0,Q1
val,P0199,32,val:P0199:32,small-vehicle,10,0,540.0,36.0,34.0,34.20526123046875,15.81138801574707,37.874983651098205,54.0,980.0,63.0,967.0,90.0,988.0,81.0,1001.0,1172,1579,GoogleEarth,0.14275362573,0.0002917991470819,2.1633307079936706,P0199__x0_y555,22,0,555,1024,1.0,540.0,54.0,425.0,63.0,412.0,90.0,433.0,81.0,446.0,1,0.5861881375312805,0.3307723999023437,39,54.0,0.052734375,0.0703125,0.0005149841308593,1.1516254940251434,51,False,0,1,1,0,petit,30-45,0.0005035400390625,0.4973114549606153,0.2857646126698671,0.174760037426762,-1.531835414494025,-0.1110045752431051,-0.12283433799404284,Q4
val,P0199,33,val:P0199:33,small-vehicle,10,0,676.0,38.0,20.0,38.05259704589844,18.0,3.0127875041833363,101.0,1465.0,139.0,1463.0,139.0,1481.0,102.0,1483.0,1172,1579,GoogleEarth,0.14275362573,0.0003652893026432,2.11403316921658,P0199__x0_y555,23,0,555,1024,1.0,676.0,101.0,910.0,139.0,908.0,139.0,926.0,102.0,928.0,1,0.0,0.3172771036624908,40,96.0,0.09375,0.103515625,0.0006446838378906,1.1359187249981677,51,False,0,0,0,0,petit,0-15,0.0005035400390625,0.456989661310583,0.288399374893234,0.1448762181260472,0.3875889682603045,-0.1435231567671867,-0.4648533236635035,Q1
val,P0199,34,val:P0199:34,small-vehicle,10,0,638.0,36.0,20.0,36.055511474609375,18.0,3.1798301198642207,12.0,975.0,12.0,957.0,48.0,955.0,47.0,973.0,1172,1579,GoogleEarth,0.14275362573,0.0003447552885893,2.003083970811632,P0199__x0_y555,24,0,555,1024,1.0,638.0,12.0,420.0,12.0,402.0,48.0,400.0,47.0,418.0,1,0.7298138737678528,0.4127441942691803,23,12.0,0.01171875,0.029052734375,0.0006084442138671,1.099639750918491,51,False,0,1,1,1,petit,0-15,0.0005035400390625,0.4662914041255642,0.276307299994369,0.1494069467867095,-1.482870082006804,-0.1269003532076594,-0.3901660394675531,Q2
val,P0199,35,val:P0199:35,small-vehicle,10,0,627.0,38.0,18.0,38.05259704589844,16.0,3.0127875041833363,6.0,1307.0,44.0,1305.0,44.0,1322.0,6.0,1323.0,1172,1579,GoogleEarth,0.14275362573,0.0003388112318895,2.3782873153686523,P0199__x0_y555,25,0,555,1024,1.0,627.0,6.0,752.0,44.0,750.0,44.0,767.0,6.0,768.0,1,0.0,0.2808568775653839,47,6.0,0.005859375,0.0244140625,0.0005979537963867,1.2173688696439149,51,False,0,0,0,0,petit,0-15,0.0005035400390625,0.4530980318214702,0.2772606394399731,0.1575105396628209,0.3872157836395712,-0.1197500997771521,-0.4221998084203909,Q1
val,P0199,36,val:P0199:36,small-vehicle,10,0,703.0,39.0,20.0,39.051246643066406,18.027755737304688,2.9356734464211627,6.0,1345.0,45.0,1343.0,44.0,1362.0,7.0,1363.0,1172,1579,GoogleEarth,0.14275362573,0.0003798792599973,2.1661734944776283,P0199__x0_y555,26,0,555,1024,1.0,703.0,6.0,790.0,45.0,788.0,44.0,807.0,7.0,808.0,1,0.0,0.0,-1,6.0,0.005859375,0.02490234375,0.0006704330444335,1.1525237592238604,51,False,0,0,0,0,petit,0-15,0.0005035400390625,0.4603041734463913,0.2767223895239358,0.1470954639984442,0.383110760980314,-0.1296269255254915,-0.432300068871371,Q1
val,P0199,37,val:P0199:37,small-vehicle,10,0,555.0,38.0,16.0,38.0,14.03566837310791,0.0,5.0,1385.0,43.0,1385.0,42.0,1399.0,6.0,1401.0,1172,1579,GoogleEarth,0.14275362573,0.0002999046789452,2.707387991070473,P0199__x0_y555,27,0,555,1024,1.0,555.0,5.0,830.0,43.0,830.0,42.0,844.0,6.0,846.0,1,0.0,0.0,-1,5.0,0.0048828125,0.0234375,0.0005292892456054,1.3103275831293333,51,False,0,0,0,0,petit,0-15,0.0005035400390625,0.4392898014422794,0.2946586472234091,0.2289303556327634,0.4597814066123493,-0.0657282915906456,-1.0,Q1
val,P0199,38,val:P0199:38,small-vehicle,10,0,620.5,38.0,17.0,37.0,17.029386520385742,0.0,5.0,1407.0,42.0,1407.0,40.0,1424.0,4.0,1424.0,1172,1579,GoogleEarth,0.14275362573,0.0003352988347487,2.172714792497522,P0199__x0_y555,28,0,555,1024,1.0,620.5,5.0,852.0,42.0,852.0,40.0,869.0,4.0,869.0,1,0.0,0.0,-1,4.0,0.00390625,0.022216796875,0.00059175491333,1.1545876228055048,51,False,0,0,0,0,petit,0-15,0.0005035400390625,0.456908388067709,0.2735326597497317,0.1494654743141533,0.3795912282462627,-0.1240671854355784,-1.0,Q1
val,P0199,39,val:P0199:39,small-vehicle,10,0,563.0,38.0,16.0,38.0,14.0,0.0,5.0,1427.0,43.0,1427.0,42.0,1443.0,5.0,1441.0,1172,1579,GoogleEarth,0.14275362573,0.0003042276292724,2.7142857142857144,P0199__x0_y555,29,0,555,1024,1.0,563.0,5.0,872.0,43.0,872.0,42.0,888.0,5.0,886.0,1,0.0,0.0,-1,5.0,0.0048828125,0.023193359375,0.0005369186401367,1.312186388966169,51,False,0,0,0,0,petit,0-15,0.0005035400390625,0.439097584833048,0.2946586472234091,0.2289303556327634,0.4596013187939064,-0.0657282915906456,-1.0,Q1
val,P0199,4,val:P0199:4,small-vehicle,10,0,637.5,37.0,19.0,36.055511474609375,17.029386520385742,0.0,138.0,836.0,136.0,855.0,101.0,855.0,102.0,838.0,1172,1579,GoogleEarth,0.14275362573,0.0003444851041939,2.117252517079673,P0199__x0_y555,4,0,555,1024,1.0,637.5,138.0,281.0,136.0,300.0,101.0,300.0,102.0,283.0,1,0.0,0.3463024795055389,36,101.0,0.0986328125,0.116455078125,0.0006079673767089,1.1369520103622486,51,False,0,0,0,0,petit,0-15,0.0005035400390625,0.4525791103465754,0.2807008013729566,0.145773769840469,0.3778425881118595,-0.1349270315324876,-1.0,Q1
val,P0199,40,val:P0199:40,small-vehicle,10,0,658.5,38.0,19.0,38.05259704589844,17.262676239013672,3.0127875041833403,4.0,1447.0,42.0,1449.0,39.0,1466.0,4.0,1466.0,1172,1579,GoogleEarth,0.14275362573,0.0003558328488026,2.2043277947772384,P0199__x0_y555,30,0,555,1024,1.0,658.5,4.0,892.0,42.0,894.0,39.0,911.0,4.0,911.0,1,0.0,0.0,-1,4.0,0.00390625,0.021728515625,0.0006279945373535,1.1645023319559165,51,False,0,0,0,0,petit,0-15,0.0005035400390625,0.4592504036607392,0.2743505327632367,0.1470954639984442,0.3800971967209722,-0.1272550687647924,-0.4224425784125611,Q1
val,P0199,41,val:P0199:41,small-vehicle,10,0,660.0,42.0,17.0,42.01190185546875,16.124515533447266,1.3639275316029114,96.0,1385.0,138.0,1384.0,136.0,1401.0,98.0,1401.0,1172,1579,GoogleEarth,0.14275362573,0.0003566434019889,2.6054675421610645,P0199__x0_y555,31,0,555,1024,1.0,660.0,96.0,830.0,138.0,829.0,136.0,846.0,98.0,846.0,1,0.6560721397399902,0.3510051071643829,35,96.0,0.09375,0.1142578125,0.0006294250488281,1.2824514550213186,51,False,0,1,1,1,petit,0-15,0.0005035400390625,0.4379066653325751,0.3043900576292705,0.2267732246235229,-1.3151514192898968,-0.0776168330057476,-0.5345815300979263,Q1
val,P0199,42,val:P0199:42,small-vehicle,10,0,768.0,42.0,19.0,42.01190185546875,18.027755737304688,0.0,94.0,1361.0,135.0,1361.0,135.0,1380.0,93.0,1379.0,1172,1579,GoogleEarth,0.14275362573,0.0004150032314053,2.3304011030354634,P0199__x0_y555,32,0,555,1024,1.0,768.0,94.0,806.0,135.0,806.0,135.0,825.0,93.0,824.0,1,0.717797577381134,0.2549358904361725,52,93.0,0.0908203125,0.111572265625,0.000732421875,1.2030927481006706,51,False,0,1,1,1,petit,0-15,0.0005035400390625,0.4454546327286283,0.2766295682270207,0.1536619420965647,-1.4274063149474012,-0.1229676261304559,-1.0,Q1
val,P0199,43,val:P0199:43,small-vehicle,10,0,604.5,38.0,18.0,37.0,15.033296585083008,0.0,16.0,1021.0,53.0,1021.0,51.0,1039.0,15.0,1036.0,1172,1579,GoogleEarth,0.14275362573,0.0003266529340944,2.461203355537717,P0199__x0_y555,33,0,555,1024,1.0,604.5,16.0,466.0,53.0,466.0,51.0,484.0,15.0,481.0,1,0.0,0.0,-1,15.0,0.0146484375,0.032958984375,0.0005764961242675,1.2416163192223322,51,False,0,0,0,0,petit,0-15,0.0005035400390625,0.4463742431323671,0.2882471993090585,0.1803155811156379,0.4127219022279134,-0.1079316181934206,-1.0,Q1
val,P0199,44,val:P0199:44,small-vehicle,10,0,612.5,36.0,19.0,36.013885498046875,16.031219482421875,1.5911402711945757,13.0,1000.0,49.0,999.0,48.0,1018.0,14.0,1016.0,1172,1579,GoogleEarth,0.14275362573,0.0003309758844216,2.246484463489247,P0199__x0_y555,34,0,555,1024,1.0,612.5,13.0,445.0,49.0,444.0,48.0,463.0,14.0,461.0,1,0.0,0.0,-1,13.0,0.0126953125,0.0302734375,0.0005841255187988,1.177572707336363,51,False,0,0,0,0,petit,0-15,0.0005035400390625,0.4555814349323746,0.2657547116261462,0.1474670311411177,0.3698564216418622,-0.1182876804850284,-0.4362212491960482,Q1
val,P0199,45,val:P0199:45,small-vehicle,10,0,648.0,33.0,22.0,33.0151481628418,20.0,3.814074834290352,109.0,1016.0,139.0,1014.0,142.0,1035.0,109.0,1036.0,1172,1579,GoogleEarth,0.14275362573,0.0003501589764982,1.65075740814209,P0199__x0_y555,35,0,555,1024,1.0,648.0,109.0,461.0,139.0,459.0,142.0,480.0,109.0,481.0,1,0.5655755400657654,0.2654352784156799,49,109.0,0.1064453125,0.121826171875,0.0006179809570312,0.9748454135542196,51,False,0,1,1,0,petit,0-15,0.0005035400390625,0.474921697793177,0.2897932129895425,0.1489732183636915,-1.4933930947245757,-0.140819994625851,-0.4802830820127684,Q1
val,P0199,46,val:P0199:46,small-vehicle,10,0,602.5,37.0,17.0,37.0,16.0,0.0,100.0,995.0,137.0,995.0,136.0,1012.0,100.0,1011.0,1172,1579,GoogleEarth,0.14275362573,0.0003255721965126,2.3125,P0199__x0_y555,36,0,555,1024,1.0,602.5,100.0,440.0,137.0,440.0,136.0,457.0,100.0,456.0,1,0.0,0.0,-1,100.0,0.09765625,0.115478515625,0.0005745887756347,1.1977031913123406,51,False,0,0,0,0,petit,0-15,0.0005035400390625,0.4457999078152663,0.2744049250550018,0.1464257692335303,0.3671577611957372,-0.1279791558214715,-1.0,Q1
val,P0199,47,val:P0199:47,small-vehicle,10,0,684.0,38.0,20.0,38.11823654174805,17.0,1.5074357587749605,11.0,870.0,49.0,869.0,49.0,886.0,11.0,889.0,1172,1579,GoogleEarth,0.14275362573,0.0003696122529704,2.24224920833812,P0199__x0_y555,37,0,555,1024,1.0,684.0,11.0,315.0,49.0,314.0,49.0,331.0,11.0,334.0,1,0.0,0.0,-1,11.0,0.0107421875,0.029296875,0.0006523132324218,1.1762672890631605,51,False,0,0,0,0,petit,0-15,0.0005035400390625,0.4556991812283267,0.2679600299926711,0.1474670311411177,0.3718083550162914,-0.1204929988515534,-0.43762120563787366,Q1
val,P0199,48,val:P0199:48,small-vehicle,10,0,694.0,38.0,19.0,38.0,18.0,0.0,104.0,897.0,142.0,897.0,142.0,915.0,105.0,916.0,1172,1579,GoogleEarth,0.14275362573,0.0003750159408793,2.111111111111111,P0199__x0_y555,38,0,555,1024,1.0,694.0,104.0,342.0,142.0,342.0,142.0,360.0,105.0,361.0,1,0.0,0.0,-1,104.0,0.1015625,0.120361328125,0.0006618499755859,1.1349799328389845,51,False,0,0,0,0,petit,0-15,0.0005035400390625,0.452539818603003,0.2830507742085131,0.1467017535361014,0.3806762970159548,-0.1363490206724117,-1.0,Q1
val,P0199,49,val:P0199:49,small-vehicle,10,0,568.0,35.0,18.0,34.0,16.124515533447266,3.468229258917148,17.0,788.0,50.0,786.0,49.0,804.0,15.0,804.0,1172,1579,GoogleEarth,0.14275362573,0.0003069294732268,2.108590483197676,P0199__x0_y555,39,0,555,1024,1.0,568.0,17.0,233.0,50.0,231.0,49.0,249.0,15.0,249.0,1,0.0,0.0,-1,15.0,0.0146484375,0.031982421875,0.0005416870117187,1.1341694026187767,51,False,0,0,0,0,petit,0-15,0.0005035400390625,0.4625122671258004,0.2805988943209757,0.1479071900941596,0.3893646649864523,-0.1326917042268161,-0.3928264056842831,Q2
val,P0199,5,val:P0199:5,small-vehicle,10,0,600.5,38.0,17.0,38.05259704589844,15.033296585083008,3.0127875041833363,138.0,739.0,138.0,756.0,100.0,754.0,101.0,739.0,1172,1579,GoogleEarth,0.14275362573,0.0003244914589308,2.5312210685483745,P0199__x0_y555,5,0,555,1024,1.0,600.5,138.0,184.0,138.0,201.0,100.0,199.0,101.0,184.0,1,0.7942978739738464,0.3683235943317413,32,100.0,0.09765625,0.116455078125,0.0005726814270019,1.2616437229016,51,False,0,1,1,1,petit,0-15,0.0005035400390625,0.4419580320421915,0.300433731320723,0.2152265132907872,-1.3388159228364684,-0.0852072180299357,-0.49014882789629316,Q1
val,P0199,50,val:P0199:50,small-vehicle,10,0,712.0,39.0,19.0,39.0128173828125,18.0,1.4688007143858215,105.0,780.0,144.0,779.0,143.0,798.0,105.0,798.0,1172,1579,GoogleEarth,0.14275362573,0.0003847425791153,2.1673787434895835,P0199__x0_y555,40,0,555,1024,1.0,712.0,105.0,225.0,144.0,224.0,143.0,243.0,105.0,243.0,1,0.7889889478683472,0.4032042622566223,26,105.0,0.1025390625,0.121337890625,0.0006790161132812,1.1529043510248655,51,False,0,1,1,1,petit,0-15,0.0005035400390625,0.4521211004214163,0.2849517000000749,0.14428759018762,-1.4457851877549055,-0.1406641098124549,-0.5025522956994182,Q1
val,P0199,51,val:P0199:51,small-vehicle,10,0,684.0,40.0,19.0,38.01315689086914,17.11724281311035,1.5074357587749605,102.0,759.0,140.0,758.0,138.0,777.0,100.0,776.0,1172,1579,GoogleEarth,0.14275362573,0.0003696122529704,2.2207523317805773,P0199__x0_y555,41,0,555,1024,1.0,684.0,102.0,204.0,140.0,203.0,138.0,222.0,100.0,221.0,1,0.7143815159797668,0.2927097976207733,46,100.0,0.09765625,0.1171875,0.0006523132324218,1.1696149756760632,51,False,0,1,1,1,petit,0-15,0.0005035400390625,0.4505586183584758,0.2804896099441437,0.1430465886969266,-1.44697378120969,-0.137443021247217,-0.4892315146215545,Q1
val,P0199,52,val:P0199:52,small-vehicle,10,0,633.5,42.0,21.0,39.31920623779297,16.278820037841797,7.49585763972986,15.0,745.0,53.0,750.0,50.0,766.0,11.0,761.0,1172,1579,GoogleEarth,0.14275362573,0.0003423236290303,2.4153597217974903,P0199__x0_y555,42,0,555,1024,1.0,633.5,15.0,190.0,53.0,195.0,50.0,211.0,11.0,206.0,1,0.0,0.0,-1,11.0,0.0107421875,0.031494140625,0.0006041526794433,1.228282823287183,51,False,0,0,0,0,petit,0-15,0.0005035400390625,0.4564888587408542,0.292250387260294,0.1817359364421065,0.4271937304405095,-0.1105144508181875,-0.36704814328859325,Q2
val,P0199,54,val:P0199:54,small-vehicle,10,0,667.0,21.0,36.0,35.12833786010742,18.027755737304688,85.10090754621224,270.0,82.0,288.0,81.0,291.0,116.0,271.0,117.0,1172,1579,GoogleEarth,0.14275362573,0.0003604259835252,1.9485696595842288,P0199__x148_y0,19,148,0,1024,1.0,667.0,122.0,82.0,140.0,81.0,143.0,116.0,123.0,117.0,1,0.5303434133529663,0.2728464603424072,48,81.0,0.0791015625,0.0966796875,0.0006361007690429,1.0813201916106596,21,False,0,1,1,0,petit,75-90,0.0005035400390625,0.4875351961058877,0.4065588786377179,0.1291385316086693,-1.4354337693223416,-0.2774203470290485,-0.3887157932562301,Q2
val,P0199,56,val:P0199:56,small-vehicle,10,0,630.0,21.0,36.0,36.22154235839844,17.0,85.23635830927383,200.0,1470.0,217.0,1470.0,214.0,1506.0,196.0,1506.0,1172,1579,GoogleEarth,0.14275362573,0.0003404323382622,2.1306789622587314,P0199__x0_y555,43,0,555,1024,1.0,630.0,200.0,915.0,217.0,915.0,214.0,951.0,196.0,951.0,2,0.7823498249053955,0.7694149613380432,8,73.0,0.0712890625,0.0888671875,0.0006008148193359,1.1412499018775712,51,False,0,1,1,1,petit,75-90,0.0005035400390625,0.5513580945309213,0.3898381761594643,0.217715129950697,-1.5321427331851307,-0.1721230462087673,-0.21118192195859442,Q3
val,P0199,57,val:P0199:57,small-vehicle,10,0,502.5,15.0,34.0,34.0,15.0,90.0,261.0,1470.0,276.0,1469.0,276.0,1503.0,261.0,1503.0,1172,1579,GoogleEarth,0.14275362573,0.0002715353174234,2.2666666666666666,P0199__x0_y555,44,0,555,1024,1.0,502.5,261.0,915.0,276.0,914.0,276.0,948.0,261.0,948.0,2,0.0,0.0,-1,76.0,0.07421875,0.090576171875,0.0004792213439941,1.1837700970084166,51,False,1,0,0,0,tres petit,75-90,0.0005035400390625,0.551858252392467,0.3744210586392019,0.2583662194614086,-0.5842298068281193,-0.1160548391777933,-0.296197372697364,Q2
val,P0199,58,val:P0199:58,small-vehicle,10,0,484.0,18.0,34.0,34.2344856262207,14.0,84.8055710922652,242.0,1474.0,256.0,1474.0,253.0,1507.0,238.0,1508.0,1172,1579,GoogleEarth,0.14275362573,0.0002615384947919,2.445320401872908,P0199__x0_y555,45,0,555,1024,1.0,484.0,242.0,919.0,256.0,919.0,253.0,952.0,238.0,953.0,2,0.661124587059021,0.3027867376804352,42,71.0,0.0693359375,0.086181640625,0.0004615783691406,1.2370169050387307,51,False,1,1,1,1,tres petit,75-90,0.0005035400390625,0.5402379592430167,0.4123160828473828,0.2335752430552679,1.2399391026885085,-0.1787408397921149,-0.12350775108967525,Q4
val,P0199,59,val:P0199:59,small-vehicle,10,0,561.0,18.0,34.0,34.058773040771484,16.0,88.3153156821037,178.0,1469.0,194.0,1469.0,193.0,1503.0,176.0,1503.0,1172,1579,GoogleEarth,0.14275362573,0.0003031468916906,2.1286733150482178,P0199__x0_y555,46,0,555,1024,1.0,561.0,178.0,914.0,194.0,914.0,193.0,948.0,176.0,948.0,2,0.0,0.0,-1,76.0,0.07421875,0.0908203125,0.0005350112915039,1.1406090536906346,51,False,0,0,0,0,petit,75-90,0.0005035400390625,0.5547900146586515,0.3866510910630728,0.2609899919191338,0.7428079464607373,-0.125661099143939,-0.16692792960976555,Q3
val,P0199,60,val:P0199:60,small-vehicle,10,0,551.5,33.0,19.0,33.060550689697266,17.0,3.5763343749973444,138.0,1404.0,137.0,1421.0,105.0,1423.0,105.0,1406.0,1172,1579,GoogleEarth,0.14275362573,0.0002980133881771,1.944738275864545,P0199__x0_y555,47,0,555,1024,1.0,551.5,138.0,849.0,137.0,866.0,105.0,868.0,105.0,851.0,1,0.7857073545455933,0.6543444395065308,9,105.0,0.1025390625,0.118408203125,0.000525951385498,1.080019942480139,51,False,0,1,1,1,petit,0-15,0.0005035400390625,0.4629538344029295,0.286953175244745,0.1478738931899252,-1.4667990768000498,-0.1390792820548198,-0.43885748870756697,Q1
val,P0199,61,val:P0199:61,small-vehicle,10,0,528.0,33.0,17.0,33.0151481628418,16.0,1.735704588928371,135.0,1427.0,135.0,1443.0,102.0,1444.0,102.0,1428.0,1172,1579,GoogleEarth,0.14275362573,0.0002853147215911,2.0634467601776123,P0199__x0_y555,48,0,555,1024,1.0,528.0,135.0,872.0,135.0,888.0,102.0,889.0,102.0,873.0,1,0.0,0.0,-1,102.0,0.099609375,0.11572265625,0.0005035400390625,1.119540674275456,51,False,1,0,0,0,tres petit,0-15,0.0005035400390625,0.4565676425030933,0.2865395843533744,0.1452331054830666,-0.4594041537007853,-0.1413064788703077,-0.48527356785641806,Q1
val,P0199,62,val:P0199:62,small-vehicle,10,0,559.0,36.0,17.0,35.0142822265625,16.031219482421875,1.6365770416167322,100.0,1359.0,101.0,1343.0,136.0,1342.0,135.0,1358.0,1172,1579,GoogleEarth,0.14275362573,0.0003020661541088,2.1841309243476723,P0199__x0_y555,49,0,555,1024,1.0,559.0,100.0,804.0,101.0,788.0,136.0,787.0,135.0,803.0,1,0.7357797622680664,0.6325564384460449,10,100.0,0.09765625,0.115234375,0.000533103942871,1.1581793865926822,51,False,0,1,1,1,petit,0-15,0.0005035400390625,0.4521256396344256,0.2827263629651808,0.1440855507327453,-1.447834468522924,-0.1386408122324354,-0.490668744187128,Q1
val,P0199,63,val:P0199:63,small-vehicle,10,0,646.5,37.0,19.0,35.0142822265625,18.11077117919922,0.0,141.0,975.0,139.0,994.0,104.0,994.0,106.0,976.0,1172,1579,GoogleEarth,0.14275362573,0.0003493484233119,1.933340213959386,P0199__x0_y555,50,0,555,1024,1.0,646.5,141.0,420.0,139.0,439.0,104.0,439.0,106.0,421.0,1,0.6336907148361206,0.503661036491394,19,104.0,0.1015625,0.11962890625,0.0006165504455566,1.0761417784812726,51,False,0,1,1,1,petit,0-15,0.0005035400390625,0.4592350263957705,0.2833041430448051,0.1502018390077499,-1.458439357911636,-0.1331023040370552,-1.0,Q1
val,P0199,64,val:P0199:64,tennis-court,4,0,13188.0,79.0,168.0,168.0029754638672,78.0,89.65895772114114,311.0,308.0,390.0,308.0,389.0,476.0,311.0,476.0,1172,1579,GoogleEarth,0.14275362573,0.007126383614289,2.15388430081881,P0199__x148_y0,20,148,0,1024,1.0,13188.0,163.0,308.0,242.0,308.0,241.0,476.0,163.0,476.0,1,0.8333654403686523,0.5698335766792297,22,163.0,0.1591796875,0.197509765625,0.0125770568847656,1.1486348045511965,21,False,0,1,1,1,grand,75-90,0.0005035400390625,0.05,0.6149096911076819,0.2074696079632659,-0.8127983030310666,-0.4074400831444159,-0.5037769162746767,Q1
val,P0199,9,val:P0199:9,small-vehicle,10,0,569.0,18.0,33.0,33.0,17.0,90.0,245.0,115.0,228.0,115.0,228.0,82.0,246.0,83.0,1172,1579,GoogleEarth,0.14275362573,0.0003074698420177,1.9411764705882355,P0199__x148_y0,0,148,0,1024,1.0,569.0,97.0,115.0,80.0,115.0,80.0,82.0,98.0,83.0,1,0.0,0.6784588694572449,15,80.0,0.078125,0.086669921875,0.0005426406860351,1.07880966137193,21,False,0,0,0,0,petit,75-90,0.0005035400390625,0.4941126242969411,0.3877385553344709,0.15846218266658,0.5371759524086339,-0.2292763726678908,-0.4811573797395681,Q1
val,P0249,0,val:P0249:0,plane,0,0,962.0,42.0,45.0,36.8917350769043,26.07680892944336,57.17145820858747,164.0,799.0,144.0,768.0,166.0,754.0,186.0,785.0,1009,1677,GoogleEarth,0.268892846487,0.0005685266708153,1.41473349659934,P0249__x0_y0,0,0,0,1024,1.0,962.0,164.0,799.0,144.0,768.0,166.0,754.0,186.0,785.0,2,0.6370503902435303,0.8679412603378296,3,144.0,0.140625,0.1611328125,0.0009174346923828,0.8815889276401397,17,False,0,1,1,1,petit,45-60,0.0005035400390625,0.0855517939679725,0.7693154193782322,0.1468245111351274,-0.874757334159947,-0.6224909082431048,-0.16804055802306012,Q3
val,P0249,1,val:P0249:1,plane,0,0,895.5,41.0,44.0,35.46829605102539,25.238859176635746,40.42607874009914,194.0,749.0,221.0,726.0,235.0,748.0,208.0,770.0,1009,1677,GoogleEarth,0.268892846487,0.0005292262304731,1.4053050418324493,P0249__x0_y0,1,0,0,1024,1.0,895.5,194.0,749.0,221.0,726.0,235.0,748.0,208.0,770.0,2,0.6472365856170654,0.6919658780097961,10,194.0,0.189453125,0.20947265625,0.0008540153503417,0.8776767320354221,17,False,0,1,1,1,petit,30-45,0.0005035400390625,0.0789070448344242,0.746899161494029,0.1368950101507255,-0.8847873174576004,-0.6100041513433035,-0.16121567918697036,Q3
val,P0249,10,val:P0249:10,plane,0,0,1164.0,48.0,50.0,42.8018684387207,27.20294189453125,52.59464336859144,324.0,1003.0,298.0,969.0,320.0,953.0,346.0,987.0,1009,1677,GoogleEarth,0.268892846487,0.0006879054520052,1.573427925724658,P0249__x0_y653,3,0,653,1024,1.0,1164.0,324.0,350.0,298.0,316.0,320.0,300.0,346.0,334.0,2,0.6185743808746338,0.95611971616745,1,298.0,0.291015625,0.314453125,0.0011100769042968,0.9452388333942826,16,False,0,1,1,1,moyen,45-60,0.0005035400390625,0.0779883357560628,0.7208468403736948,0.1507733614154769,-0.8728388022746152,-0.5700734789582179,-0.10328855615776034,Q4
val,P0249,11,val:P0249:11,plane,0,0,1232.5,49.0,51.0,42.8018684387207,28.600698471069336,53.67317404787977,386.0,1082.0,361.0,1048.0,384.0,1031.0,410.0,1065.0,1009,1677,GoogleEarth,0.268892846487,0.0007283878604781,1.4965322781195842,P0249__x0_y653,4,0,653,1024,1.0,1232.5,386.0,429.0,361.0,395.0,384.0,378.0,410.0,412.0,1,0.658248782157898,0.767986536026001,7,361.0,0.3525390625,0.376220703125,0.0011754035949707,0.9149026802238658,16,False,0,1,1,1,moyen,45-60,0.0005035400390625,0.0781360664626968,0.7270186746584373,0.1583539324668773,-0.8647836328548497,-0.56866474219156,-0.07357845367584596,Q4
val,P0249,12,val:P0249:12,plane,0,0,1130.5,49.0,44.0,40.70626449584961,27.294687271118164,30.46554491945986,580.0,1247.0,546.0,1227.0,559.0,1203.0,595.0,1222.0,1009,1677,GoogleEarth,0.268892846487,0.0006681074858178,1.49136218676969,P0249__x0_y653,5,0,653,1024,1.0,1130.5,580.0,594.0,546.0,574.0,559.0,550.0,595.0,569.0,1,0.7460162043571472,0.2740464508533478,14,429.0,0.4189453125,0.441650390625,0.0010781288146972,0.9128296238519424,16,False,0,1,1,1,moyen,30-45,0.0005035400390625,0.0697111564555728,0.6112596357496054,0.152049633039123,-0.8770806102620925,-0.4592100027104824,-0.125149907484618,Q4
val,P0249,13,val:P0249:13,plane,0,0,1163.5,51.0,46.0,42.43819046020508,27.20294189453125,34.4389893088036,621.0,1278.0,586.0,1254.0,602.0,1232.0,637.0,1255.0,1009,1677,GoogleEarth,0.268892846487,0.0006876099599726,1.560058857778785,P0249__x0_y653,6,0,653,1024,1.0,1163.5,621.0,625.0,586.0,601.0,602.0,579.0,637.0,602.0,1,0.6809318661689758,0.8594383597373962,5,387.0,0.3779296875,0.40283203125,0.0011096000671386,0.9400302495470126,16,False,0,1,1,1,moyen,30-45,0.0005035400390625,0.0707780952187009,0.6379974145800196,0.150530350615832,-0.8770430990934724,-0.4874670639641875,-0.1495829215030143,Q3
val,P0249,14,val:P0249:14,plane,0,0,868.5,42.0,42.0,34.058773040771484,24.83948516845703,40.23635830927381,657.0,1306.0,631.0,1284.0,648.0,1264.0,673.0,1287.0,1009,1677,GoogleEarth,0.268892846487,0.0005132696607101,1.3711545472778868,P0249__x0_y653,7,0,653,1024,1.0,868.5,657.0,653.0,631.0,631.0,648.0,611.0,673.0,634.0,1,0.6251708269119263,0.6246466636657715,10,351.0,0.3427734375,0.363037109375,0.0008282661437988,0.8633769872777984,16,False,0,1,1,1,petit,30-45,0.0005035400390625,0.0756802976076266,0.7515809695358364,0.1492032578023032,-0.8711364862367621,-0.6023777117335332,-0.04875372265412607,Q4
val,P0249,15,val:P0249:15,plane,0,0,1232.5,53.0,47.0,46.64761352539063,26.4196891784668,30.96375653207352,705.0,1340.0,665.0,1316.0,679.0,1293.0,718.0,1317.0,1009,1677,GoogleEarth,0.268892846487,0.0007283878604781,1.765638240869634,P0249__x0_y653,8,0,653,1024,1.0,1232.5,705.0,687.0,665.0,663.0,679.0,640.0,718.0,664.0,1,0.7078343629837036,0.9000762701034546,4,306.0,0.298828125,0.324462890625,0.0011754035949707,1.0172714368617732,16,False,0,1,1,1,moyen,30-45,0.0005035400390625,0.0688358422801727,0.5982060959405515,0.1443115639331741,-0.8853908484499418,-0.4538945320073774,-0.1906446495204607,Q3
val,P0249,16,val:P0249:16,plane,0,0,1174.0,51.0,44.0,43.8292121887207,26.83281517028809,27.14968169778317,749.0,1370.0,710.0,1350.0,723.0,1326.0,761.0,1346.0,1009,1677,GoogleEarth,0.268892846487,0.0006938152926582,1.6334183316423947,P0249__x0_y653,9,0,653,1024,1.0,1174.0,749.0,717.0,710.0,697.0,723.0,673.0,761.0,693.0,1,0.7401607036590576,0.4623668491840362,11,263.0,0.2568359375,0.281494140625,0.0011196136474609,0.968282748122832,16,False,0,1,1,1,moyen,15-30,0.0005035400390625,0.0698970291347927,0.5895169720602826,0.1435374167879212,-0.8873102904681374,-0.4459795552723614,-0.20093804028557838,Q3
val,P0249,17,val:P0249:17,plane,0,0,954.0,28.0,41.0,40.199501037597656,24.020824432373047,84.14398641457103,774.0,1206.0,770.0,1167.0,794.0,1165.0,798.0,1205.0,1009,1677,GoogleEarth,0.268892846487,0.000563798798293,1.673527116056037,P0249__x0_y653,10,0,653,1024,1.0,954.0,774.0,553.0,770.0,514.0,794.0,512.0,798.0,552.0,1,0.6333702206611633,0.6331661939620972,9,226.0,0.220703125,0.234375,0.0009098052978515,0.9833986178859928,16,False,0,1,1,1,petit,75-90,0.0005035400390625,0.0893966952282977,0.7054770241413071,0.1464297019606957,-0.8824845141118804,-0.5590473221806114,-0.34915076870110173,Q2
val,P0249,18,val:P0249:18,plane,0,0,1131.0,47.0,38.0,43.011627197265625,25.961509704589844,17.592424562181577,695.0,977.0,654.0,990.0,648.0,963.0,688.0,952.0,1009,1677,GoogleEarth,0.268892846487,0.0006684029778505,1.6567459938457054,P0249__x0_y653,11,0,653,1024,1.0,1131.0,695.0,324.0,654.0,337.0,648.0,310.0,688.0,299.0,2,0.7081403136253357,0.7890864610671997,6,299.0,0.2919921875,0.31005859375,0.0010786056518554,0.9771020633541097,16,False,0,1,1,1,moyen,15-30,0.0005035400390625,0.0663693157618622,0.5788995764092286,0.1366123464979404,-0.8933225597263084,-0.4422872299112882,-0.18827225010097384,Q3
val,P0249,19,val:P0249:19,plane,0,0,936.5,39.0,39.0,34.1760139465332,28.792360305786133,20.556045219583467,662.0,924.0,694.0,912.0,701.0,940.0,672.0,951.0,1009,1677,GoogleEarth,0.268892846487,0.0005534565771503,1.186982018270491,P0249__x0_y653,12,0,653,1024,1.0,936.5,662.0,271.0,694.0,259.0,701.0,287.0,672.0,298.0,2,0.786846935749054,0.2883707880973816,13,259.0,0.2529296875,0.272216796875,0.0008931159973144,0.7825225195622882,16,False,0,1,1,1,petit,15-30,0.0005035400390625,0.0736851857542178,0.6174267342578298,0.1441110603250567,-0.8863213388088838,-0.473315673932773,0.011702020021734396,Q4
val,P0249,2,val:P0249:2,plane,0,0,963.0,45.0,44.0,37.48332977294922,25.45584487915039,41.63353933657021,332.0,639.0,359.0,615.0,377.0,633.0,350.0,659.0,1009,1677,GoogleEarth,0.268892846487,0.0005691176548806,1.472484215350084,P0249__x0_y0,2,0,0,1024,1.0,963.0,332.0,639.0,359.0,615.0,377.0,633.0,350.0,659.0,1,0.6199525594711304,0.924309015274048,1,332.0,0.32421875,0.34619140625,0.0009183883666992,0.9052234004094514,17,False,0,1,1,1,petit,30-45,0.0005035400390625,0.075768595630442,0.7184961301624027,0.1458998442026084,-0.8771778750582716,-0.5725962859597943,-0.13441686405766487,Q3
val,P0249,20,val:P0249:20,plane,0,0,1129.5,46.0,39.0,40.80441284179688,27.892650604248047,17.10272896905238,636.0,881.0,597.0,893.0,590.0,866.0,628.0,854.0,1009,1677,GoogleEarth,0.268892846487,0.0006675165017525,1.462909116123312,P0249__x0_y653,13,0,653,1024,1.0,1129.5,636.0,228.0,597.0,240.0,590.0,213.0,628.0,201.0,2,0.7353515028953552,0.7414295077323914,8,201.0,0.1962890625,0.21533203125,0.0010771751403808,0.9013432187918636,16,False,0,1,1,1,moyen,15-30,0.0005035400390625,0.070046816522284,0.5890534359872761,0.1348887136526175,-0.8960649935675826,-0.4541647223346586,-0.1664247704026591,Q3
val,P0249,21,val:P0249:21,plane,0,0,1098.5,46.0,37.0,41.48493576049805,26.68332862854004,15.37625124882618,730.0,845.0,690.0,856.0,684.0,830.0,723.0,819.0,1009,1677,GoogleEarth,0.268892846487,0.0006491959957283,1.5547136692731227,P0249__x0_y0,14,0,0,1024,1.0,1098.5,730.0,845.0,690.0,856.0,684.0,830.0,723.0,819.0,2,0.0,0.4865916669368744,16,168.0,0.1640625,0.18212890625,0.0010476112365722,0.9379401505550168,17,False,0,0,0,0,moyen,15-30,0.0005035400390625,0.0696408455473022,0.5843422722297508,0.1298698875105505,0.1736100815338477,-0.4544723847192002,-0.25452100686862106,Q3
val,P0249,22,val:P0249:22,plane,0,0,1215.0,48.0,51.0,38.18376541137695,31.890438079833984,45.0,225.0,722.0,252.0,695.0,273.0,719.0,246.0,746.0,1009,1677,GoogleEarth,0.268892846487,0.0007180456393354,1.1973421411078882,P0249__x0_y0,15,0,0,1024,1.0,1215.0,225.0,722.0,252.0,695.0,273.0,719.0,246.0,746.0,2,0.7036938071250916,0.3517227172851562,24,225.0,0.2197265625,0.2431640625,0.0011587142944335,0.7872485123235735,17,False,0,1,1,1,moyen,30-45,0.0005035400390625,0.0828492975373565,0.7826129372223587,0.1460685326022639,-0.873568769529738,-0.6365444046200948,0.01931302708071697,Q4
val,P0249,23,val:P0249:23,plane,0,0,1089.0,49.0,45.0,38.28837966918945,28.28427124023437,40.76360520094116,317.0,566.0,288.0,591.0,268.0,569.0,297.0,546.0,1009,1677,GoogleEarth,0.268892846487,0.000643581647108,1.353698645582363,P0249__x0_y0,16,0,0,1024,1.0,1089.0,317.0,566.0,288.0,591.0,268.0,569.0,297.0,546.0,1,0.6399784684181213,0.8638383150100708,4,268.0,0.26171875,0.28564453125,0.0010385513305664,0.8559879826236919,17,False,0,1,1,1,moyen,30-45,0.0005035400390625,0.0782424280701491,0.7612939429376394,0.1424140157754177,-0.8778482983822056,-0.6188799271622217,-0.0654241344749626,Q4
val,P0249,3,val:P0249:3,plane,0,0,1191.0,49.0,48.0,39.66106414794922,28.84440994262696,37.74680538727466,362.0,605.0,393.0,581.0,411.0,607.0,378.0,629.0,1009,1677,GoogleEarth,0.268892846487,0.0007038620217683,1.3750000165313545,P0249__x0_y0,3,0,0,1024,1.0,1191.0,362.0,605.0,393.0,581.0,411.0,607.0,378.0,629.0,1,0.6821662783622742,0.4040081202983856,20,362.0,0.353515625,0.376953125,0.0011358261108398,0.8649974444471749,17,False,0,1,1,1,moyen,30-45,0.0005035400390625,0.0752222064371571,0.7067520736122598,0.1494349180339635,-0.8744181158619113,-0.5573171555782963,-0.07840112269761645,Q4
val,P0249,4,val:P0249:4,plane,0,0,1341.5,54.0,50.0,44.40720748901367,30.610456466674805,35.8376529542783,356.0,525.0,320.0,551.0,302.0,526.0,337.0,501.0,1009,1677,GoogleEarth,0.268892846487,0.0007928051235954,1.4507201987451317,P0249__x0_y0,4,0,0,1024,1.0,1341.5,356.0,525.0,320.0,551.0,302.0,526.0,337.0,501.0,1,0.6652973890304565,0.3628726303577423,22,302.0,0.294921875,0.321044921875,0.0012793540954589,0.8963819400307329,17,False,0,1,1,1,moyen,30-45,0.0005035400390625,0.0746728058627469,0.668414212655669,0.1411270540792373,-0.8856315252450149,-0.5272871585764317,-0.13752828066017297,Q3
val,P0249,5,val:P0249:5,plane,0,0,1260.0,50.0,51.0,40.31128692626953,31.827661514282227,46.005086005254185,364.0,454.0,336.0,483.0,314.0,460.0,341.0,432.0,1009,1677,GoogleEarth,0.268892846487,0.0007446399222737,1.2665488134646774,P0249__x0_y0,5,0,0,1024,1.0,1260.0,364.0,454.0,336.0,483.0,314.0,460.0,341.0,432.0,1,0.7275828123092651,0.5726023316383362,13,314.0,0.306640625,0.330810546875,0.0012016296386718,0.8182583281025122,17,False,0,1,1,1,moyen,45-60,0.0005035400390625,0.080359834510677,0.7904029668660147,0.1513183585173912,-0.8669966124121505,-0.6390846083486235,0.00020948865128625686,Q4
val,P0249,6,val:P0249:6,plane,0,0,1127.5,29.0,42.0,42.01190185546875,27.01851272583008,87.13759477388825,374.0,395.0,376.0,435.0,348.0,436.0,347.0,394.0,1009,1677,GoogleEarth,0.268892846487,0.0006663345336219,1.5549302169880277,P0249__x0_y0,6,0,0,1024,1.0,1127.5,374.0,395.0,376.0,435.0,348.0,436.0,347.0,394.0,1,0.760827898979187,0.2539197206497192,29,347.0,0.3388671875,0.352783203125,0.001075267791748,0.9380249109492262,17,False,0,1,1,1,moyen,75-90,0.0005035400390625,0.0903549593975098,0.7235122626894415,0.2138067785016359,-0.8136567233738412,-0.5097054841878056,-0.5366938726876669,Q1
val,P0249,7,val:P0249:7,plane,0,0,997.5,47.0,42.0,40.8166618347168,25.05992889404297,30.96375653207352,421.0,359.0,386.0,380.0,374.0,358.0,407.0,338.0,1009,1677,GoogleEarth,0.268892846487,0.0005895066051334,1.6287620769913431,P0249__x0_y0,7,0,0,1024,1.0,997.5,421.0,359.0,386.0,380.0,374.0,358.0,407.0,338.0,1,0.0,0.4858691096305847,17,338.0,0.330078125,0.350341796875,0.0009512901306152,0.9665130422196896,17,False,0,0,0,0,moyen,30-45,0.0005035400390625,0.0704862214164806,0.5993162202943819,0.1488496484550682,0.1942965657310367,-0.4504665718393136,-0.2177283300102637,Q3
val,P0249,8,val:P0249:8,plane,0,0,1100.0,50.0,43.0,43.90899658203125,24.698177337646484,30.068582821862435,478.0,383.0,440.0,361.0,453.0,340.0,490.0,359.0,1009,1677,GoogleEarth,0.268892846487,0.0006500824718263,1.777823358450927,P0249__x0_y0,8,0,0,1024,1.0,1100.0,478.0,383.0,440.0,361.0,453.0,340.0,490.0,359.0,1,0.613362193107605,0.7147141695022583,8,340.0,0.33203125,0.352294921875,0.0010490417480468,1.0216676564396885,17,False,0,1,1,1,moyen,30-45,0.0005035400390625,0.068561822279208,0.5951996162103078,0.1464739288494808,-0.8833228441793606,-0.4487256873608269,-0.21739815187214329,Q3
val,P0249,9,val:P0249:9,plane,0,0,948.5,44.0,44.0,38.41874694824219,25.238859176635746,49.57392125990086,293.0,960.0,270.0,933.0,290.0,916.0,314.0,946.0,1009,1677,GoogleEarth,0.268892846487,0.0005605483859338,1.5222061615133304,P0249__x0_y653,2,0,653,1024,1.0,948.5,293.0,307.0,270.0,280.0,290.0,263.0,314.0,293.0,2,0.6333774924278259,0.921385645866394,3,263.0,0.2568359375,0.279052734375,0.0009045600891113,0.9251339794489244,16,False,0,1,1,1,petit,45-60,0.0005035400390625,0.0783397616839543,0.7246642597477286,0.1476498748485198,-0.8757532572143844,-0.5770143848992089,-0.09404456396275641,Q4
val,P0305,0,val:P0305:0,small-vehicle,10,0,701.5,43.0,32.0,39.0,17.464248657226562,22.61986494804043,541.0,675.0,532.0,658.0,568.0,643.0,575.0,659.0,686,870,GoogleEarth,0.133640862307,0.0011753962668811,2.233133572789696,P0305__x0_y0,0,0,0,1024,1.0,701.5,541.0,675.0,532.0,658.0,568.0,643.0,575.0,659.0,1,0.7506394386291504,0.2637571692466736,29,349.0,0.3408203125,0.356689453125,0.0006690025329589,1.1734518133212308,22,False,0,1,1,1,petit,15-30,0.0005035400390625,0.2792193414528046,0.3744949710252852,0.1914396749527171,-1.0508713529510672,-0.1830552960725681,-0.196094158739695,Q3
val,P0305,1,val:P0305:1,small-vehicle,10,0,735.0,46.0,29.0,42.05948257446289,17.0880069732666,18.004161605913396,531.0,651.0,525.0,635.0,565.0,622.0,571.0,639.0,686,870,GoogleEarth,0.133640862307,0.001231527093596,2.461345120016805,P0305__x0_y0,1,0,0,1024,1.0,735.0,531.0,651.0,525.0,635.0,565.0,622.0,571.0,639.0,1,0.7670319080352783,0.3705694377422333,16,373.0,0.3642578125,0.378173828125,0.0007009506225585,1.2416572765315108,22,False,0,1,1,1,petit,15-30,0.0005035400390625,0.2556671865401121,0.416697906028348,0.2157847163868698,-0.9845708269560076,-0.2009131896414782,-0.23669100238397875,Q3
val,P0305,10,val:P0305:10,small-vehicle,10,0,766.5,47.0,29.0,42.72002029418945,18.027755737304688,16.699244233993625,237.0,119.0,231.0,102.0,271.0,90.0,278.0,107.0,686,870,GoogleEarth,0.133640862307,0.0012843068261787,2.369680448120853,P0305__x0_y0,10,0,0,1024,1.0,766.5,237.0,119.0,231.0,102.0,271.0,90.0,278.0,107.0,1,0.9602574110031128,0.2801020741462707,27,90.0,0.087890625,0.10205078125,0.0007309913635253,1.214817917352264,22,False,0,1,1,1,petit,15-30,0.0005035400390625,0.3325896273774298,0.3764541258450209,0.1032561650007343,-1.2074745315016666,-0.2731979608442866,-0.28443781487408976,Q2
val,P0305,11,val:P0305:11,small-vehicle,10,0,724.5,46.0,39.0,44.04542922973633,15.55634880065918,36.60707481260749,306.0,271.0,318.0,284.0,283.0,310.0,272.0,299.0,686,870,GoogleEarth,0.133640862307,0.0012139338494018,2.83134749639131,P0305__x0_y0,11,0,0,1024,1.0,724.5,306.0,271.0,318.0,284.0,283.0,310.0,272.0,299.0,1,0.6721968054771423,0.2640988230705261,28,271.0,0.2646484375,0.2841796875,0.0006909370422363,1.3432165680500654,22,False,0,1,1,1,petit,30-45,0.0005035400390625,0.2551855568763267,0.3845053816840906,0.1806534033036204,-1.0302250757315228,-0.2038519783804701,-0.1380087141256883,Q3
val,P0305,12,val:P0305:12,small-vehicle,10,0,774.0,35.0,48.0,46.06517028808594,16.124515533447266,65.77225468204583,264.0,779.0,281.0,772.0,299.0,812.0,285.0,820.0,686,870,GoogleEarth,0.133640862307,0.0012968734291746,2.856840578715834,P0305__x0_y0,12,0,0,1024,1.0,774.0,264.0,779.0,281.0,772.0,299.0,812.0,285.0,820.0,1,0.8432884812355042,0.3440053761005401,19,204.0,0.19921875,0.222900390625,0.0007381439208984,1.349848345396966,22,False,0,1,1,1,petit,60-75,0.0005035400390625,0.2730382173856507,0.3562417098118526,0.1675931764987882,-1.0741947966572254,-0.1886485333130644,-0.1991769721507771,Q3
val,P0305,13,val:P0305:13,small-vehicle,10,0,1209.0,52.0,56.0,55.31726837158203,22.022714614868164,49.398705354995535,294.0,775.0,310.0,759.0,346.0,801.0,329.0,815.0,686,870,GoogleEarth,0.133640862307,0.0020257364029355,2.511827871312275,P0305__x0_y0,13,0,0,1024,1.0,1209.0,294.0,775.0,310.0,759.0,346.0,801.0,329.0,815.0,1,0.0,0.6165888905525208,6,209.0,0.2041015625,0.23095703125,0.0011529922485351,1.25613666298642,22,False,0,0,0,0,moyen,45-60,0.0005035400390625,0.293186144494562,0.3644042649387679,0.1470819678545959,0.2982367317893988,-0.2173222970841719,-0.17408368992269976,Q3
val,P0305,14,val:P0305:14,small-vehicle,10,0,666.5,38.0,40.0,38.28837966918945,17.69180679321289,49.39870535499554,387.0,694.0,374.0,682.0,398.0,654.0,412.0,665.0,686,870,GoogleEarth,0.133640862307,0.001116752119567,2.164187079178257,P0305__x0_y0,14,0,0,1024,1.0,666.5,387.0,694.0,374.0,682.0,398.0,654.0,412.0,665.0,1,0.0,0.5784428119659424,7,330.0,0.322265625,0.342041015625,0.0006356239318847,1.1518961755842063,22,False,0,0,0,0,petit,45-60,0.0005035400390625,0.293499407115342,0.374296094943363,0.1832576047432735,0.3387503007973865,-0.1910384902000895,-0.28909002208103,Q2
val,P0305,15,val:P0305:15,small-vehicle,10,0,812.0,42.0,46.0,44.04542922973633,18.439088821411133,50.52754015165618,447.0,686.0,433.0,674.0,461.0,640.0,475.0,652.0,686,870,GoogleEarth,0.133640862307,0.001360544217687,2.388698793976825,P0305__x0_y0,15,0,0,1024,1.0,812.0,447.0,686.0,433.0,674.0,461.0,640.0,475.0,652.0,1,0.0,0.4430458843708038,12,338.0,0.330078125,0.3525390625,0.0007743835449218,1.2204460111232338,22,False,0,0,0,0,petit,45-60,0.0005035400390625,0.2727562734803056,0.3709965920274243,0.19610057117022,0.335244635567389,-0.1748960208572043,-0.22946592593183884,Q3
val,P0305,16,val:P0305:16,small-vehicle,10,0,981.0,43.0,51.0,45.0,21.931713104248047,53.13010235415598,460.0,707.0,444.0,692.0,471.0,656.0,487.0,671.0,686,870,GoogleEarth,0.133640862307,0.0016437116718608,2.051823301996585,P0305__x0_y0,16,0,0,1024,1.0,981.0,460.0,707.0,444.0,692.0,471.0,656.0,487.0,671.0,1,0.6616877913475037,0.341752827167511,21,317.0,0.3095703125,0.33447265625,0.0009355545043945,1.1157392159390358,22,False,0,1,1,1,moyen,45-60,0.0005035400390625,0.3061384926310232,0.3755414663734042,0.1827390441829852,-1.0927781767101543,-0.1928024221904189,-0.2697970807688439,Q2
val,P0305,17,val:P0305:17,small-vehicle,10,0,998.5,43.0,50.0,42.63801193237305,22.627416610717773,50.71059313749964,477.0,723.0,459.0,706.0,486.0,673.0,502.0,689.0,686,870,GoogleEarth,0.133640862307,0.0016730337455179,1.884351743105176,P0305__x0_y0,17,0,0,1024,1.0,998.5,477.0,723.0,459.0,706.0,486.0,673.0,502.0,689.0,1,0.4875597655773163,0.6217295527458191,5,301.0,0.2939453125,0.318603515625,0.0009522438049316,1.0593001756144458,22,False,0,1,0,0,moyen,45-60,0.0005035400390625,0.3259565701380472,0.3762867582922027,0.1648072749692812,0.3467735039797928,-0.2114794833229215,-0.23873493497651344,Q3
val,P0305,18,val:P0305:18,small-vehicle,10,0,706.5,38.0,43.0,39.69886779785156,17.69180679321289,49.085616779974885,491.0,737.0,478.0,724.0,504.0,694.0,516.0,707.0,686,870,GoogleEarth,0.133640862307,0.0011837740022117,2.243912578396529,P0305__x0_y0,18,0,0,1024,1.0,706.5,491.0,737.0,478.0,724.0,504.0,694.0,516.0,707.0,1,0.0,0.325204461812973,23,287.0,0.2802734375,0.30126953125,0.000673770904541,1.1767801871836714,22,False,0,0,0,0,petit,45-60,0.0005035400390625,0.2969962212398936,0.3583201562632723,0.1597722666969709,0.311150873213103,-0.1985478895663014,-0.2672647713560895,Q2
val,P0305,19,val:P0305:19,small-vehicle,10,0,791.0,46.0,29.0,41.231056213378906,18.97366523742676,14.036243467926482,520.0,592.0,511.0,573.0,551.0,563.0,557.0,581.0,686,870,GoogleEarth,0.133640862307,0.0013253577292986,2.1730675490177846,P0305__x0_y0,19,0,0,1024,1.0,791.0,520.0,592.0,511.0,573.0,551.0,563.0,557.0,581.0,1,0.6907103657722473,0.3193848133087158,25,432.0,0.421875,0.436279296875,0.0007543563842773,1.1546988010658488,22,False,0,1,1,1,petit,0-15,0.0005035400390625,0.2633656744212936,0.4150463960203961,0.1903789984570064,-1.0187569256614173,-0.2246673975633897,-0.4242611504860991,Q1
val,P0305,2,val:P0305:2,large-vehicle,9,0,1654.5,75.0,67.0,80.05622863769531,20.51828384399414,41.455233544405104,372.0,339.0,388.0,353.0,328.0,406.0,313.0,392.0,686,870,GoogleEarth,0.133640862307,0.0027721926208907,3.9017019769481545,P0305__x0_y0,2,0,0,1024,1.0,1654.5,372.0,339.0,388.0,353.0,328.0,406.0,313.0,392.0,1,0.7104809880256653,0.35951629281044,17,313.0,0.3056640625,0.342041015625,0.0015778541564941,1.5895824870415491,22,False,0,1,1,1,moyen,30-45,0.0005035400390625,0.1823180548184044,0.7010803258132892,0.3393782219862001,-0.7272717191869158,-0.361702103827089,0.1535029327077508,Q4
val,P0305,20,val:P0305:20,small-vehicle,10,0,847.0,50.0,31.0,45.221675872802734,18.3847770690918,18.03428556712987,525.0,632.0,518.0,615.0,561.0,601.0,568.0,619.0,686,870,GoogleEarth,0.133640862307,0.0014191883650011,2.459734795959464,P0305__x0_y0,20,0,0,1024,1.0,847.0,525.0,632.0,518.0,615.0,561.0,601.0,568.0,619.0,1,0.0,0.2867435216903686,26,392.0,0.3828125,0.397705078125,0.000807762145996,1.2411919375653524,22,False,0,0,0,0,petit,15-30,0.0005035400390625,0.2512661227233294,0.4166149810435446,0.2157847163868698,0.3555957148367012,-0.2008302646566748,-0.23669100238397875,Q3
val,P0305,21,val:P0305:21,large-vehicle,9,0,1032.5,57.0,37.0,54.424259185791016,18.97366523742676,20.806791012711216,348.0,303.0,354.0,321.0,304.0,340.0,297.0,322.0,686,870,GoogleEarth,0.133640862307,0.0017300023457658,2.868410425964284,P0305__x0_y0,21,0,0,1024,1.0,1032.5,348.0,303.0,354.0,321.0,304.0,340.0,297.0,322.0,1,0.8338189125061035,0.5216989517211914,8,297.0,0.2900390625,0.31396484375,0.0009846687316894,1.3528436800189363,22,False,0,1,1,1,moyen,15-30,0.0005035400390625,0.2364240903974238,0.6484106346032318,0.2450632379218973,-0.8637984939137792,-0.4033473966813344,-0.18381589898705988,Q3
val,P0305,3,val:P0305:3,large-vehicle,9,0,1720.0,77.0,70.0,84.2911605834961,19.10497283935547,41.63353933657021,390.0,360.0,403.0,374.0,340.0,430.0,326.0,413.0,686,870,GoogleEarth,0.133640862307,0.0028819409537213,4.412001068635896,P0305__x0_y0,3,0,0,1024,1.0,1720.0,390.0,360.0,403.0,374.0,340.0,430.0,326.0,413.0,1,0.8455766439437866,0.320784717798233,24,326.0,0.318359375,0.356201171875,0.0016403198242187,1.6886189077652656,22,False,0,1,1,1,moyen,30-45,0.0005035400390625,0.1613161175693993,0.702465233583266,0.3474622973954004,-0.7097668378792211,-0.3550029361878655,0.24608592271233376,Q4
val,P0305,4,val:P0305:4,large-vehicle,9,0,1780.0,78.0,67.0,83.09632873535156,20.51828384399414,39.62900530446427,379.0,427.0,394.0,441.0,330.0,494.0,316.0,475.0,686,870,GoogleEarth,0.133640862307,0.0029824737776884,4.049867394717541,P0305__x0_y0,4,0,0,1024,1.0,1780.0,379.0,427.0,394.0,441.0,330.0,494.0,316.0,475.0,1,0.7394301891326904,0.8107904195785522,1,316.0,0.30859375,0.346435546875,0.0016975402832031,1.6193619844707348,22,False,0,1,1,1,moyen,30-45,0.0005035400390625,0.1755247326157424,0.7009234876708685,0.3412317971190053,-0.7224393970755362,-0.3596916905518632,0.22681679229286256,Q4
val,P0305,5,val:P0305:5,large-vehicle,9,0,1461.0,70.0,65.0,76.48529052734375,19.10497283935547,41.82016988013575,404.0,534.0,417.0,548.0,360.0,599.0,347.0,585.0,686,870,GoogleEarth,0.133640862307,0.002447974263597,4.003423149065522,P0305__x0_y0,5,0,0,1024,1.0,1461.0,404.0,534.0,417.0,548.0,360.0,599.0,347.0,585.0,1,0.7206670641899109,0.4595756232738495,11,347.0,0.3388671875,0.373046875,0.0013933181762695,1.6101223079951257,22,False,0,1,1,1,moyen,30-45,0.0005035400390625,0.1728701108430498,0.7077422032202533,0.3515818813494782,-0.7094999854605284,-0.356160321870775,0.12323670126245923,Q4
val,P0305,6,val:P0305:6,large-vehicle,9,0,1497.5,71.0,65.0,78.74642944335938,18.60107612609864,41.76029970389786,410.0,562.0,421.0,577.0,365.0,627.0,350.0,613.0,686,870,GoogleEarth,0.133640862307,0.0025091317315103,4.233434071745587,P0305__x0_y0,6,0,0,1024,1.0,1497.5,410.0,562.0,421.0,577.0,365.0,627.0,350.0,613.0,1,0.8383398652076721,0.4020062088966369,14,350.0,0.341796875,0.37744140625,0.0014281272888183,1.6550676728790237,22,False,0,1,1,1,moyen,30-45,0.0005035400390625,0.1638152194571361,0.709176663608641,0.3515818813494782,-0.7053927130018774,-0.3575947822591627,0.19089874963447306,Q4
val,P0305,7,val:P0305:7,small-vehicle,10,0,586.5,39.0,22.0,38.63935852050781,15.29705810546875,10.437475351118168,216.0,54.0,213.0,39.0,251.0,32.0,252.0,48.0,686,870,GoogleEarth,0.133640862307,0.0009827083542776,2.525933957634253,P0305__x0_y0,7,0,0,1024,1.0,586.5,216.0,54.0,213.0,39.0,251.0,32.0,252.0,48.0,1,0.817516028881073,0.3851320743560791,15,32.0,0.03125,0.042236328125,0.0005593299865722,1.260145353690867,22,False,0,1,1,1,petit,0-15,0.0005035400390625,0.3343506977253401,0.3798633176761561,0.1396830027924184,-1.1718070441610162,-0.2401803148837377,-0.37024702524408726,Q2
val,P0305,8,val:P0305:8,small-vehicle,10,0,652.5,42.0,24.0,38.83297729492188,16.76305389404297,10.713123022791024,218.0,35.0,214.0,18.0,251.0,11.0,256.0,27.0,686,870,GoogleEarth,0.133640862307,0.0010932944606413,2.3165813067463694,P0305__x0_y0,8,0,0,1024,1.0,652.5,218.0,35.0,214.0,18.0,251.0,11.0,256.0,27.0,1,0.0,0.4320627152919769,13,11.0,0.0107421875,0.022216796875,0.000622272491455,1.198934525511812,22,False,0,0,0,0,petit,0-15,0.0005035400390625,0.3582130490983854,0.3295005169183835,0.1027961972725172,0.2867067374899709,-0.2267043196458663,-0.3340870049116548,Q2
val,P0305,9,val:P0305:9,small-vehicle,10,0,571.0,38.0,22.0,36.67424011230469,15.132745742797852,9.462322208025626,219.0,76.0,217.0,60.0,253.0,54.0,255.0,69.0,686,870,GoogleEarth,0.133640862307,0.0009567373747528,2.4235020356275467,P0305__x0_y0,9,0,0,1024,1.0,571.0,219.0,76.0,217.0,60.0,253.0,54.0,255.0,69.0,1,0.7054673433303833,0.3420334756374359,20,54.0,0.052734375,0.063232421875,0.0005445480346679,1.2306640141830236,22,False,0,1,1,1,petit,0-15,0.0005035400390625,0.3370985058038406,0.3888798588406384,0.1162220006047509,-1.1945446642090911,-0.2726578582358874,-0.39242243543275107,Q2
val,P0309,1,val:P0309:1,harbor,7,0,17915.5,255.0,79.0,255.12545776367188,70.0,2.0373306968199074,273.0,837.0,273.0,767.0,526.0,758.0,528.0,829.0,772,1832,GoogleEarth,0.142460161844,0.0126673614724981,3.644649396623884,P0309__x0_y0,0,0,0,1024,1.0,17915.5,273.0,837.0,273.0,767.0,526.0,758.0,528.0,829.0,1,0.8239362239837646,0.308751106262207,3,187.0,0.1826171875,0.220947265625,0.0170855522155761,1.5357158896805474,3,False,0,1,1,1,grand,0-15,0.0005035400390625,0.05,0.2154273977976302,0.2955193768017455,-0.7457739180510109,0.0800919790041152,-0.4034707449997975,Q2
val,P0309,2,val:P0309:2,harbor,7,0,9903.0,256.0,116.0,256.1445007324219,37.336307525634766,17.79598892393038,340.0,334.0,353.0,299.0,596.0,377.0,583.0,415.0,772,1832,GoogleEarth,0.142460161844,0.0070020306808154,6.860466867446799,P0309__x0_y0,1,0,0,1024,1.0,9903.0,340.0,334.0,353.0,299.0,596.0,377.0,583.0,415.0,1,0.0,0.5391002893447876,0,299.0,0.2919921875,0.347900390625,0.009444236755371,2.0618460025711247,3,False,0,0,0,0,grand,15-30,0.0005035400390625,0.05,0.1686549164224724,0.3071956294585789,0.3160722040071301,0.1385407130361065,0.09993349986581926,Q4
val,P0309,3,val:P0309:3,harbor,7,0,9723.5,209.0,155.0,219.6724853515625,44.65422821044922,33.101684825875054,496.0,41.0,524.0,6.0,705.0,124.0,680.0,161.0,772,1832,GoogleEarth,0.142460161844,0.0068751131298504,4.919410639374985,P0309__x0_y0,2,0,0,1024,1.0,9723.5,496.0,41.0,524.0,6.0,705.0,124.0,680.0,161.0,1,0.0,0.4919513165950775,1,6.0,0.005859375,0.0810546875,0.0092730522155761,1.778236889780439,3,False,0,0,0,0,grand,30-45,0.0005035400390625,0.05,0.1916072846217172,0.25233827341511,0.2624228673425688,0.0607309887933928,0.33228234973540616,Q4
val,P0359,0,val:P0359:0,tennis-court,4,0,15651.0,105.0,190.0,183.09559631347656,85.58621215820312,83.72892255049887,447.0,364.0,532.0,354.0,552.0,536.0,466.0,544.0,623,854,GoogleEarth,0.131202085082,0.0294168505493927,2.139311831852434,P0359__x0_y0,0,0,0,1024,1.0,15651.0,447.0,364.0,532.0,354.0,552.0,536.0,466.0,544.0,1,0.9437605738639832,0.8855189681053162,6,354.0,0.345703125,0.43896484375,0.0149259567260742,1.1440036140702634,6,False,0,1,1,1,grand,75-90,0.0005035400390625,0.05,0.6304999627365051,0.1487868294843588,-0.8706605408979304,-0.4817131332521462,-0.3975315459619893,Q2
val,P0359,1,val:P0359:1,tennis-court,4,0,15996.0,105.0,192.0,183.9836883544922,86.46965026855469,84.07249580760984,338.0,372.0,424.0,363.0,443.0,546.0,356.0,555.0,623,854,GoogleEarth,0.131202085082,0.0300652955969641,2.127725598323591,P0359__x0_y0,1,0,0,1024,1.0,15996.0,338.0,372.0,424.0,363.0,443.0,546.0,356.0,555.0,1,0.8968477845191956,0.7677801847457886,8,338.0,0.330078125,0.381103515625,0.0152549743652343,1.1403060945139587,6,False,0,1,1,1,grand,75-90,0.0005035400390625,0.05,0.6419049700534041,0.1487868294843588,-0.8700602773549357,-0.4931181405690452,-0.408114303436197,Q2
val,P0359,2,val:P0359:2,tennis-court,4,0,15907.5,105.0,189.0,181.7965850830078,87.3670425415039,84.25771672219588,226.0,384.0,313.0,376.0,331.0,555.0,243.0,565.0,623,854,GoogleEarth,0.131202085082,0.0298989553456306,2.0808371188328247,P0359__x0_y0,2,0,0,1024,1.0,15907.5,226.0,384.0,313.0,376.0,331.0,555.0,243.0,565.0,1,0.8980173468589783,0.9675044417381288,2,226.0,0.220703125,0.271728515625,0.0151705741882324,1.1252013518856143,6,False,0,1,1,1,grand,75-90,0.0005035400390625,0.05,0.6370114587002309,0.1386793079393999,-0.880425352129009,-0.4983321507608309,-0.43664448708503933,Q1
val,P0359,3,val:P0359:3,tennis-court,4,0,15419.0,104.0,188.0,181.0,85.37564086914062,83.94101227602167,420.0,85.0,505.0,77.0,524.0,256.0,439.0,265.0,623,854,GoogleEarth,0.131202085082,0.0289807947492867,2.120042651011281,P0359__x0_y0,3,0,0,1024,1.0,15419.0,420.0,85.0,505.0,77.0,524.0,256.0,439.0,265.0,1,0.9182468056678772,0.3990750908851623,14,77.0,0.0751953125,0.166748046875,0.0147047042846679,1.1378466719238782,6,False,0,1,1,1,grand,75-90,0.0005035400390625,0.05,0.6114192195023084,0.1369118457389407,-0.8835397742872535,-0.4745073737633676,-0.4975739399882033,Q1
val,P0359,4,val:P0359:4,tennis-court,4,0,16022.0,108.0,190.0,183.20753479003903,87.57283020019531,83.418055344822,308.0,96.0,395.0,86.0,416.0,268.0,328.0,276.0,623,854,GoogleEarth,0.131202085082,0.0301141639193898,2.092059082379988,P0359__x0_y0,4,0,0,1024,1.0,16022.0,308.0,96.0,395.0,86.0,416.0,268.0,328.0,276.0,1,0.923503577709198,0.9186444282531738,4,86.0,0.083984375,0.17724609375,0.0152797698974609,1.1288372386862098,6,False,0,1,1,1,grand,75-90,0.0005035400390625,0.05,0.5886467585673139,0.1365657569786372,-0.8850844136230831,-0.4520810015886766,-0.4953141169508663,Q1
val,P0359,5,val:P0359:5,tennis-court,4,0,15840.0,107.0,189.0,181.10769653320312,87.46427917480469,83.6598082540901,196.0,107.0,283.0,98.0,303.0,278.0,216.0,287.0,623,854,GoogleEarth,0.131202085082,0.0297720856624101,2.070647563118244,P0359__x0_y0,5,0,0,1024,1.0,15840.0,196.0,107.0,283.0,98.0,303.0,278.0,216.0,287.0,1,0.8658040165901184,0.9700502157211304,0,98.0,0.095703125,0.18798828125,0.015106201171875,1.1218884719677562,6,False,0,1,1,1,grand,75-90,0.0005035400390625,0.05,0.6170606870901412,0.1372702500382318,-0.8828844506412346,-0.4797904370519094,-0.49343503285004164,Q1
val,P0420,0,val:P0420:0,ship,1,0,493.0,23.0,32.0,30.5941162109375,16.124515533447266,75.46554491945987,1569.0,535.0,1553.0,537.0,1546.0,510.0,1563.0,505.0,1620,1118,GoogleEarth,0.254614338275,0.0002722012411934,1.897366537771369,P0420__x596_y0,0,596,0,1024,1.0,493.0,973.0,535.0,957.0,537.0,950.0,510.0,967.0,505.0,1,0.0,0.0,-1,51.0,0.0498046875,0.060791015625,0.0004701614379882,1.0638022340048712,13,False,1,0,0,0,tres petit,75-90,0.0005035400390625,0.4523890176276467,0.3260218214690611,0.2167180946153413,-0.5883562373497153,-0.1093037268537198,-0.4206776562962665,Q1
val,P0420,1,val:P0420:1,harbor,7,0,2274.0,56.0,68.0,56.30275344848633,40.31128692626953,71.89623696549337,1287.0,535.0,1326.0,520.0,1343.0,572.0,1306.0,588.0,1620,1118,GoogleEarth,0.254614338275,0.0012555489299675,1.39669947901851,P0420__x596_y0,1,596,0,1024,1.0,2274.0,691.0,535.0,730.0,520.0,747.0,572.0,710.0,588.0,1,0.6584281325340271,0.2825126051902771,4,277.0,0.2705078125,0.29736328125,0.0021686553955078,0.8740925737994345,13,False,0,1,1,1,moyen,60-75,0.0005035400390625,0.05,0.2754792834000316,0.1452818689274332,-0.892850800367302,-0.1301974144725983,0.04567897921910381,Q4
val,P0420,10,val:P0420:10,harbor,7,0,1620.0,36.0,90.0,88.0738296508789,17.464248657226562,78.81824578980333,1561.0,507.0,1580.0,503.0,1597.0,589.0,1580.0,593.0,1620,1118,GoogleEarth,0.254614338275,0.0008944543828264,5.04309297121893,P0420__x596_y0,5,596,0,1024,1.0,1620.0,965.0,507.0,984.0,503.0,1001.0,589.0,984.0,593.0,1,0.5389673709869385,0.3885210752487182,1,23.0,0.0224609375,0.03955078125,0.0015449523925781,1.7989159622054611,13,False,0,1,1,0,moyen,75-90,0.0005035400390625,0.05,0.1972844267406538,0.2306927941166716,-0.8115553939496097,0.0334083673760177,-0.3425854845669978,Q2
val,P0420,11,val:P0420:11,harbor,7,0,3685.0,58.0,80.0,75.66372680664062,48.25971221923828,82.40535663140857,1410.0,510.0,1458.0,505.0,1468.0,580.0,1419.0,585.0,1620,1118,GoogleEarth,0.254614338275,0.0020346076547626,1.5678445503965934,P0420__x596_y0,6,596,0,1024,1.0,3685.0,814.0,510.0,862.0,505.0,872.0,580.0,823.0,585.0,1,0.5162314176559448,0.3868383169174194,2,152.0,0.1484375,0.177001953125,0.003514289855957,0.9430668506608386,13,False,0,1,1,0,grand,75-90,0.0005035400390625,0.05,0.2691996421896344,0.0987667952517728,-0.9396963814750884,-0.1704328469378616,-0.30203678830791636,Q2
val,P0420,12,val:P0420:12,harbor,7,0,1293.5,55.0,31.0,52.46903991699219,24.1867733001709,6.581944655178006,1198.0,913.0,1195.0,888.0,1247.0,882.0,1250.0,906.0,1620,1118,GoogleEarth,0.254614338275,0.0007141831754234,2.169327808460563,P0420__x596_y0,7,596,0,1024,1.0,1293.5,602.0,913.0,599.0,888.0,651.0,882.0,654.0,906.0,1,0.0,0.0,-1,111.0,0.1083984375,0.123779296875,0.0012335777282714,1.153519517599636,13,False,0,0,0,0,moyen,0-15,0.0005035400390625,0.05,0.2457098968509746,0.0912744955259458,0.1042065953602077,-0.1544354013250288,-0.2600474276578834,Q2
val,P0420,13,val:P0420:13,ship,1,0,318.0,15.0,28.0,26.172504425048828,12.165525436401367,83.418055344822,1196.0,886.0,1208.0,884.0,1211.0,910.0,1199.0,912.0,1620,1118,GoogleEarth,0.254614338275,0.0001755780825548,2.1513665449036954,P0420__x596_y0,8,596,0,1024,1.0,318.0,600.0,886.0,612.0,884.0,615.0,910.0,603.0,912.0,1,0.0,0.0,-1,112.0,0.109375,0.123046875,0.0003032684326171,1.147836182542164,13,False,1,0,0,0,tres petit,75-90,0.0005035400390625,0.4082978356707261,0.5886171254272866,0.2241280037695991,-0.9134217492368066,-0.3644891216576875,-0.4600205157424289,Q1
val,P0420,14,val:P0420:14,harbor,7,0,6282.0,107.0,117.0,96.79875946044922,64.8999252319336,56.80243420778355,409.0,825.0,463.0,789.0,516.0,870.0,462.0,906.0,1620,1118,GoogleEarth,0.254614338275,0.0034684953289604,1.4915080273901458,P0420__x0_y94,5,0,94,1024,1.0,6282.0,409.0,731.0,463.0,695.0,516.0,776.0,462.0,812.0,2,0.425740122795105,0.3411851823329925,1,212.0,0.20703125,0.26416015625,0.005990982055664,0.912888160644686,15,False,0,1,0,0,grand,45-60,0.0005035400390625,0.05,0.2744110899634204,0.113712403557254,0.1281550925026972,-0.1606986864061663,-0.018274737516852154,Q4
val,P0420,15,val:P0420:15,ship,1,0,494.0,29.0,38.0,35.51056289672852,14.866068840026855,59.34933204294713,479.0,307.0,492.0,299.0,508.0,326.0,498.0,337.0,1620,1118,GoogleEarth,0.254614338275,0.0002727533735285,2.38869894111592,P0420__x0_y0,7,0,0,1024,1.0,494.0,479.0,307.0,492.0,299.0,508.0,326.0,498.0,337.0,2,0.0,0.0,-1,299.0,0.2919921875,0.309814453125,0.0004711151123046,1.220446054543762,16,False,1,0,0,0,tres petit,45-60,0.0005035400390625,0.3383425535337188,0.3918261504934875,0.2612065845083879,-0.9026376931177732,-0.1306195659850996,-0.1924866946706813,Q3
val,P0420,16,val:P0420:16,ship,1,0,370.0,25.0,29.0,25.55386543273925,13.892443656921388,63.43494882292201,369.0,397.0,383.0,390.0,394.0,412.0,382.0,419.0,1620,1118,GoogleEarth,0.254614338275,0.0002042889639788,1.8394075271277424,P0420__x0_y0,8,0,0,1024,1.0,370.0,369.0,397.0,383.0,390.0,394.0,412.0,382.0,419.0,2,0.0,0.0,-1,369.0,0.3603515625,0.373046875,0.0003528594970703,1.0435954132009766,16,False,1,0,0,0,tres petit,60-75,0.0005035400390625,0.3748893055212314,0.4210543135343134,0.282851268544048,-0.8926958095965608,-0.1382030449902653,-0.17078121522218967,Q3
val,P0420,17,val:P0420:17,ship,1,0,470.5,28.0,37.0,32.75667953491211,14.21267032623291,60.25511870305778,500.0,22.0,512.0,13.0,528.0,41.0,517.0,50.0,1620,1118,GoogleEarth,0.254614338275,0.0002597782636542,2.3047519419663,P0420__x0_y0,9,0,0,1024,1.0,470.5,500.0,22.0,512.0,13.0,528.0,41.0,517.0,50.0,1,0.3274779021739959,0.2923081815242767,3,13.0,0.0126953125,0.03076171875,0.0004487037658691,1.1953614151060064,16,False,1,0,0,0,tres petit,60-75,0.0005035400390625,0.4266926126359056,0.3587772658659118,0.223523575291904,-0.659105214299907,-0.1352536905740077,-0.3480226697410811,Q2
val,P0420,18,val:P0420:18,small-vehicle,10,0,261.5,13.0,25.0,24.1867733001709,10.198039054870604,87.51044707800085,143.0,114.0,155.0,113.0,156.0,136.0,146.0,138.0,1620,1118,GoogleEarth,0.254614338275,0.0001443826056229,2.3717082441078947,P0420__x0_y0,10,0,0,1024,1.0,261.5,143.0,114.0,155.0,113.0,156.0,136.0,146.0,138.0,2,0.0,0.0,-1,113.0,0.1103515625,0.122314453125,0.0002493858337402,1.2154195132965944,16,False,1,0,0,0,tres petit,75-90,0.0005035400390625,0.560072020080569,0.6981032431859983,0.1840079173253421,-0.8426386394489187,-0.5140953258606561,-0.6882464998665117,Q1
val,P0420,19,val:P0420:19,small-vehicle,10,0,246.0,23.0,15.0,22.360679626464844,11.045360565185549,10.304846468766016,876.0,847.0,875.0,858.0,853.0,854.0,854.0,843.0,1620,1118,GoogleEarth,0.254614338275,0.0001358245544292,2.024440894844542,P0420__x596_y0,9,596,0,1024,1.0,246.0,280.0,847.0,279.0,858.0,257.0,854.0,258.0,843.0,3,0.0,0.0,-1,166.0,0.162109375,0.16943359375,0.0002346038818359,1.1067262462494123,13,False,1,0,0,0,tres petit,0-15,0.0005035400390625,0.5531678002918975,0.3176825621125139,0.0876098332160182,-0.3884511326462945,-0.2300727288964956,-0.42239293101959086,Q1
val,P0420,2,val:P0420:2,swimming-pool,14,0,1394.0,46.0,59.0,53.3104133605957,25.079872131347656,63.92464441605123,145.0,261.0,168.0,251.0,191.0,298.0,166.0,310.0,1620,1118,GoogleEarth,0.254614338275,0.0007696724750988,2.125625405161549,P0420__x0_y0,0,0,0,1024,1.0,1394.0,145.0,261.0,168.0,251.0,191.0,298.0,166.0,310.0,2,0.0,0.0,-1,145.0,0.1416015625,0.16357421875,0.0013294219970703,1.1396343928167931,16,False,0,0,0,0,moyen,60-75,0.0005035400390625,0.4982066591198226,0.4216110062039913,0.0838725143146047,0.5024699601886319,-0.3377384918893866,-0.2869929591967833,Q2
val,P0420,20,val:P0420:20,small-vehicle,10,0,264.0,13.0,23.0,22.022714614868164,11.045360565185549,87.3974377975002,896.0,863.0,909.0,864.0,908.0,886.0,897.0,885.0,1620,1118,GoogleEarth,0.254614338275,0.0001457629364606,1.9938429791312309,P0420__x596_y0,10,596,0,1024,1.0,264.0,300.0,863.0,313.0,864.0,312.0,886.0,301.0,885.0,3,0.0,0.0,-1,138.0,0.134765625,0.14599609375,0.0002517700195312,1.0965578394421909,13,False,1,0,0,0,tres petit,75-90,0.0005035400390625,0.5801388686139604,0.5327887158345397,0.1549729044874871,-0.6449465155140408,-0.3778158113470525,-0.6912592836191421,Q1
val,P0420,21,val:P0420:21,small-vehicle,10,0,183.5,11.0,21.0,19.10497283935547,9.219544410705566,86.98721249581666,894.0,893.0,903.0,895.0,902.0,914.0,892.0,912.0,1620,1118,GoogleEarth,0.254614338275,0.0001013162834868,2.0722252627983573,P0420__x0_y94,11,0,94,1024,1.0,183.5,894.0,799.0,903.0,801.0,902.0,820.0,892.0,818.0,3,0.0,0.0,-1,121.0,0.1181640625,0.123291015625,0.0001749992370605,1.1224021403309192,15,False,1,0,0,0,tres petit,75-90,0.0005035400390625,0.5859361176058858,0.5636375225875258,0.1546722917508671,-0.6729398982165304,-0.4089652308366586,-0.7037273939335787,Q1
val,P0420,22,val:P0420:22,small-vehicle,10,0,375.0,15.0,30.0,30.149627685546875,12.0,84.28940686250036,703.0,1056.0,716.0,1056.0,713.0,1086.0,701.0,1086.0,1620,1118,GoogleEarth,0.254614338275,0.0002070496256542,2.5124689737955728,P0420__x0_y94,12,0,94,1024,1.0,375.0,703.0,962.0,716.0,962.0,713.0,992.0,701.0,992.0,1,0.0,0.0,-1,32.0,0.03125,0.0458984375,0.0003576278686523,1.2563192015377411,15,False,1,0,0,0,tres petit,75-90,0.0005035400390625,0.5653621421698014,0.514604294123381,0.1445866081128617,-0.625759267075628,-0.3700176860105193,-0.5365108121841242,Q1
val,P0420,23,val:P0420:23,ship,1,0,311.0,28.0,25.0,25.80697631835937,11.40175437927246,35.537677791974374,850.0,853.0,858.0,863.0,837.0,878.0,830.0,869.0,1620,1118,GoogleEarth,0.254614338275,0.0001717131562092,2.2634215279426235,P0420__x0_y94,13,0,94,1024,1.0,311.0,850.0,759.0,858.0,769.0,837.0,784.0,830.0,775.0,3,0.0,0.0,-1,166.0,0.162109375,0.176025390625,0.0002965927124023,1.182776193436375,15,False,1,0,0,0,tres petit,30-45,0.0005035400390625,0.3790700738183316,0.2914137795941564,0.2164214639449665,-0.6459196425282988,-0.0749923156491899,-0.30899314061666894,Q2
val,P0420,24,val:P0420:24,swimming-pool,14,0,815.0,30.0,44.0,39.29376602172852,20.880613327026367,75.25643716352927,30.0,313.0,50.0,306.0,60.0,344.0,40.0,350.0,1620,1118,GoogleEarth,0.254614338275,0.0004499878530886,1.8818300691804624,P0420__x0_y0,15,0,0,1024,1.0,815.0,30.0,313.0,50.0,306.0,60.0,344.0,40.0,350.0,2,0.0,0.0,-1,30.0,0.029296875,0.0439453125,0.000777244567871,1.0584255330285677,16,False,0,0,0,0,petit,75-90,0.0005035400390625,0.5637128664040288,0.4173447250685675,0.0901946684867524,0.629432645339105,-0.327150056581815,-0.38219953005973084,Q2
val,P0420,3,val:P0420:3,harbor,7,0,859.0,62.0,55.0,71.0633544921875,11.40175437927246,40.42607874009914,214.0,509.0,206.0,519.0,152.0,473.0,159.0,464.0,1620,1118,GoogleEarth,0.254614338275,0.000474281675832,6.232668423499403,P0420__x0_y0,1,0,0,1024,1.0,859.0,214.0,509.0,206.0,519.0,152.0,473.0,159.0,464.0,2,0.4032380282878876,0.4264204502105713,0,152.0,0.1484375,0.178466796875,0.0008192062377929,1.9786080446346088,16,False,0,1,0,0,petit,30-45,0.0005035400390625,0.05,0.282599095798662,0.2344596042032587,0.249333240824241,-0.0481394915954032,-0.10359647403111247,Q4
val,P0420,4,val:P0420:4,harbor,7,0,1242.5,56.0,105.0,111.89280700683594,11.180339813232422,65.77225468204583,342.0,456.0,331.0,459.0,286.0,359.0,296.0,354.0,1620,1118,GoogleEarth,0.254614338275,0.0006860244263345,10.007996972901118,P0420__x0_y0,2,0,0,1024,1.0,1242.5,342.0,456.0,331.0,459.0,286.0,359.0,296.0,354.0,2,0.0,0.4019057750701904,1,286.0,0.279296875,0.306396484375,0.0011849403381347,2.398622006200136,16,False,0,0,0,0,moyen,60-75,0.0005035400390625,0.05,0.2412785521052104,0.2693255808150442,0.2820244519784763,0.0280470287098338,-0.035718694052284825,Q4
val,P0420,5,val:P0420:5,harbor,7,0,8512.0,122.0,152.0,141.82383728027344,57.706153869628906,61.80869162620685,441.0,401.0,386.0,431.0,319.0,306.0,370.0,279.0,1620,1118,GoogleEarth,0.254614338275,0.0046997504361845,2.457689999591468,P0420__x0_y0,3,0,0,1024,1.0,8512.0,441.0,401.0,386.0,431.0,319.0,306.0,370.0,279.0,2,0.6221600770950317,0.3690816462039947,2,279.0,0.2724609375,0.345947265625,0.00811767578125,1.2406007359294868,16,False,0,1,1,1,grand,60-75,0.0005035400390625,0.05,0.3047839528914944,0.1973682816818959,-0.8392220365869728,-0.1074156712095985,-0.12664912254038854,Q4
val,P0420,6,val:P0420:6,harbor,7,0,5614.5,100.0,119.0,106.32967376708984,52.15361785888672,57.82134379339891,573.0,331.0,529.0,359.0,473.0,270.0,518.0,240.0,1620,1118,GoogleEarth,0.254614338275,0.0030999469952958,2.0387784804265845,P0420__x0_y0,4,0,0,1024,1.0,5614.5,573.0,331.0,529.0,359.0,473.0,270.0,518.0,240.0,2,0.0,0.2574077248573303,5,240.0,0.234375,0.29296875,0.0053544044494628,1.111455619019441,16,False,0,0,0,0,grand,45-60,0.0005035400390625,0.05,0.3116047760481858,0.1430337061619382,0.1594339575328953,-0.1685710698862476,-0.1388184335629801,Q3
val,P0420,7,val:P0420:7,swimming-pool,14,0,1497.0,57.0,57.0,51.62363815307617,29.0,44.21517539700812,728.0,22.0,765.0,58.0,745.0,79.0,708.0,43.0,1620,1118,GoogleEarth,0.254614338275,0.0008265421056118,1.7801254535543507,P0420__x0_y0,5,0,0,1024,1.0,1497.0,728.0,22.0,765.0,58.0,745.0,79.0,708.0,43.0,2,0.0,0.0,-1,22.0,0.021484375,0.04931640625,0.0014276504516601,1.0224960538621692,16,False,0,0,0,0,moyen,30-45,0.0005035400390625,0.567032256326019,0.4255026652663696,0.0859089117824588,0.6431645962622714,-0.3395937534839108,-0.32723363286912305,Q2
val,P0420,8,val:P0420:8,harbor,7,0,5733.0,120.0,110.0,112.29425811767578,49.57822036743164,40.99219545762767,1179.0,150.0,1143.0,189.0,1059.0,116.0,1092.0,79.0,1620,1118,GoogleEarth,0.254614338275,0.0031653746770025,2.264991709775909,P0420__x596_y0,3,596,0,1024,1.0,5733.0,583.0,150.0,547.0,189.0,463.0,116.0,496.0,79.0,1,0.6764693260192871,0.3165774345397949,3,79.0,0.0771484375,0.13037109375,0.005467414855957,1.1832572236060006,13,False,0,1,1,1,grand,30-45,0.0005035400390625,0.05,0.2341019636286131,0.088317107572275,-0.95199331539464,-0.145784856056338,-0.20878230293750633,Q3
val,P0420,9,val:P0420:9,harbor,7,0,6882.0,68.0,133.0,127.76932525634766,54.33230972290039,83.55839990066497,1366.0,172.0,1312.0,163.0,1326.0,39.0,1380.0,45.0,1620,1118,GoogleEarth,0.254614338275,0.0037997747300072,2.3516269768022484,P0420__x596_y0,4,596,0,1024,1.0,6882.0,770.0,172.0,716.0,163.0,730.0,39.0,784.0,45.0,1,0.0,0.4954274892807007,0,39.0,0.0380859375,0.102294921875,0.0065631866455078,1.209445892657126,13,False,0,0,0,0,grand,75-90,0.0005035400390625,0.05,0.4447521731735221,0.1057404407146672,0.1291484498290631,-0.3390117324588549,-0.40612235772099065,Q2
val,P0613,0,val:P0613:0,harbor,7,0,5478.0,135.0,134.0,157.0350341796875,33.42155075073242,43.451842301022026,880.0,720.0,853.0,694.0,967.0,586.0,988.0,612.0,1177,875,GoogleEarth,0.254913273871,0.0053190921228304,4.698616032239202,P0613__x0_y0,0,0,0,1024,1.0,5478.0,880.0,720.0,853.0,694.0,967.0,586.0,988.0,612.0,1,0.7455780506134033,0.2678937315940857,6,36.0,0.03515625,0.099609375,0.0052242279052734,1.7402233439979382,6,False,0,1,1,1,grand,30-45,0.0005035400390625,0.05,0.2334842919205638,0.2958516245829383,-0.7444913074212426,0.0623673326623745,0.3180450306670013,Q4
val,P0613,1,val:P0613:1,harbor,7,0,2750.5,107.0,109.0,132.943603515625,20.51828384399414,45.30970389995883,750.0,549.0,736.0,533.0,828.0,440.0,843.0,454.0,1177,875,GoogleEarth,0.254913273871,0.0026707124651049,6.47927499816407,P0613__x0_y0,1,0,0,1024,1.0,2750.5,750.0,549.0,736.0,533.0,828.0,440.0,843.0,454.0,1,0.4080868363380432,0.2619317173957824,7,181.0,0.1767578125,0.229248046875,0.0026230812072753,2.0121358619096825,6,False,0,1,0,0,moyen,45-60,0.0005035400390625,0.05,0.1920947356531509,0.301322937918177,0.3114331871630796,0.109228202265026,0.2717013611049897,Q4
val,P0613,2,val:P0613:2,harbor,7,0,3178.0,118.0,118.0,146.37281799316406,21.931713104248047,44.723210947822224,618.0,417.0,602.0,402.0,706.0,299.0,720.0,316.0,1177,875,GoogleEarth,0.254913273871,0.0030858113848768,6.674025749717312,P0613__x0_y0,2,0,0,1024,1.0,3178.0,618.0,417.0,602.0,402.0,706.0,299.0,720.0,316.0,1,0.4515884518623352,0.2731702327728271,5,299.0,0.2919921875,0.35009765625,0.003030776977539,2.0378413472683508,6,False,0,1,0,0,grand,30-45,0.0005035400390625,0.05,0.1958272879640069,0.2978606197471207,0.3081673191136473,0.1020333317831137,0.24008570170985052,Q4
val,P0613,3,val:P0613:3,harbor,7,0,2296.0,88.0,84.0,99.03534698486328,22.627416610717773,42.51044707800085,486.0,274.0,470.0,256.0,542.0,190.0,558.0,206.0,1177,875,GoogleEarth,0.254913273871,0.0022293967714528,4.376785414290462,P0613__x0_y0,3,0,0,1024,1.0,2296.0,486.0,274.0,470.0,256.0,542.0,190.0,558.0,206.0,1,0.5024179220199585,0.3329752683639526,3,190.0,0.185546875,0.22607421875,0.0021896362304687,1.6820906889580036,6,False,0,1,1,0,moyen,30-45,0.0005035400390625,0.05,0.2338729361745394,0.3053741702976011,-0.7349483067458442,0.0715012341230617,0.31316525010881446,Q4
val,P0613,4,val:P0613:4,harbor,7,0,808.5,56.0,63.0,73.75635528564453,10.630146026611328,49.39870535499554,431.0,190.0,422.0,183.0,470.0,127.0,478.0,134.0,1177,875,GoogleEarth,0.254913273871,0.0007850467289719,6.938414119712384,P0613__x0_y0,4,0,0,1024,1.0,808.5,431.0,190.0,422.0,183.0,470.0,127.0,478.0,134.0,1,0.2465870678424835,0.4315575063228607,2,127.0,0.1240234375,0.15478515625,0.0007710456848144,2.071713522276041,6,False,0,0,0,0,petit,45-60,0.0005035400390625,0.05,0.1727035731514525,0.3020723490343934,0.3111620107792067,0.1293687758829409,0.2748110710246225,Q4
val,P0613,5,val:P0613:5,harbor,7,0,3430.0,133.0,140.0,174.09193420410156,17.69180679321289,47.32781508904117,115.0,184.0,102.0,172.0,220.0,44.0,235.0,60.0,1177,875,GoogleEarth,0.254913273871,0.0033305012744265,9.84025748409645,P0613__x0_y0,5,0,0,1024,1.0,3430.0,115.0,184.0,102.0,172.0,220.0,44.0,235.0,60.0,1,0.0,0.4837639331817627,0,44.0,0.04296875,0.1123046875,0.0032711029052734,2.383266748874828,6,False,0,0,0,0,grand,45-60,0.0005035400390625,0.05,0.1579104239544897,0.2930283511485776,0.3013394260935508,0.1351179271940878,0.26661695359680543,Q4
val,P0615,0,val:P0615:0,harbor,7,0,5360.5,185.0,133.0,204.1665954589844,24.698177337646484,33.53330791845653,959.0,1411.0,946.0,1390.0,1115.0,1278.0,1131.0,1301.0,1357,1419,GoogleEarth,0.263948238086,0.0027838322212026,8.266464066066165,P0615__x333_y395,0,333,395,1024,1.0,5360.5,626.0,1016.0,613.0,995.0,782.0,883.0,798.0,906.0,1,0.0,0.3194108307361603,2,8.0,0.0078125,0.072265625,0.0051121711730957,2.22640186841532,5,False,0,0,0,0,grand,30-45,0.0005035400390625,0.05,0.1797379350183712,0.2854043925371381,0.2948642838538945,0.1056664575187668,0.2756018951108661,Q4
val,P0615,1,val:P0615:1,harbor,7,0,11449.5,222.0,164.0,231.71749877929688,49.39635467529297,31.688980831132767,847.0,1197.0,822.0,1154.0,1018.0,1033.0,1044.0,1075.0,1357,1419,GoogleEarth,0.263948238086,0.0059459914218187,4.690983784177846,P0615__x333_y395,1,333,395,1024,1.0,11449.5,514.0,802.0,489.0,759.0,685.0,638.0,711.0,680.0,1,0.5118137001991272,0.4382969737052917,0,222.0,0.216796875,0.297119140625,0.0109190940856933,1.7388831302368266,5,False,0,1,1,0,grand,30-45,0.0005035400390625,0.05,0.2273072721929483,0.2822024393533663,-0.7584655989522681,0.0548951671604179,0.3288510425353724,Q4
val,P0615,2,val:P0615:2,harbor,7,0,3682.5,104.0,89.0,102.2007827758789,35.0,36.64564916462032,890.0,1052.0,869.0,1024.0,951.0,963.0,973.0,993.0,1357,1419,GoogleEarth,0.263948238086,0.0019124078266166,2.920022365025112,P0615__x333_y395,2,333,395,1024,1.0,3682.5,557.0,657.0,536.0,629.0,618.0,568.0,640.0,598.0,2,0.5037118792533875,0.3973394632339477,1,367.0,0.3583984375,0.4013671875,0.003511905670166,1.3660973591496446,5,False,0,1,1,0,grand,30-45,0.0005035400390625,0.05,0.2795810423052304,0.2290260784286366,-0.8088907088184565,-0.0505549638765938,-0.2620178329834608,Q2
val,P0615,3,val:P0615:3,harbor,7,0,4444.0,183.0,136.0,208.3314666748047,20.24845695495605,34.83430512045732,662.0,938.0,651.0,921.0,822.0,802.0,834.0,821.0,1357,1419,GoogleEarth,0.263948238086,0.0023078724729082,10.288757663769193,P0615__x333_y395,3,333,395,1024,1.0,4444.0,329.0,543.0,318.0,526.0,489.0,407.0,501.0,426.0,2,0.0,0.0,-1,318.0,0.310546875,0.399658203125,0.0042381286621093,2.4238073334681856,5,False,0,0,0,0,grand,30-45,0.0005035400390625,0.05,0.1856370408692447,0.283262984477775,0.2930333550498405,0.0976259436085302,0.20714476310472213,Q4
val,P0615,4,val:P0615:4,harbor,7,0,8202.0,165.0,132.0,168.3597412109375,49.40647888183594,33.12373559624041,516.0,658.0,487.0,618.0,628.0,526.0,652.0,570.0,1357,1419,GoogleEarth,0.263948238086,0.0042594892040488,3.407645009748593,P0615__x0_y0,2,0,0,1024,1.0,8202.0,516.0,658.0,487.0,618.0,628.0,526.0,652.0,570.0,2,0.0,0.0,-1,366.0,0.357421875,0.4208984375,0.007822036743164,1.4833405354290117,6,False,0,0,0,0,grand,30-45,0.0005035400390625,0.05,0.277852801865261,0.2633252805311573,0.2779491122082763,-0.0145275213341037,-0.15015561400470934,Q3
val,P0615,5,val:P0615:5,swimming-pool,14,0,1795.0,59.0,67.0,62.68173599243164,28.301942825317383,56.05641298024819,657.0,327.0,681.0,308.0,716.0,360.0,692.0,375.0,1357,1419,GoogleEarth,0.263948238086,0.0009321852135171,2.2147502869082176,P0615__x0_y0,3,0,0,1024,1.0,1795.0,657.0,327.0,681.0,308.0,716.0,360.0,692.0,375.0,1,0.0,0.0,-1,308.0,0.30078125,0.32958984375,0.0017118453979492,1.1677496834158505,6,False,0,0,0,0,moyen,45-60,0.0005035400390625,0.3934797430228928,0.3458029498607174,0.1175475246349575,0.3418870323142355,-0.2282554252257599,-0.3999652411012127,Q2
val,P0615,6,val:P0615:6,harbor,7,0,6387.0,178.0,163.0,213.35650634765625,29.4108829498291,41.00908690157021,292.0,455.0,271.0,432.0,432.0,292.0,449.0,316.0,1357,1419,GoogleEarth,0.263948238086,0.0033169175257571,7.254338698760351,P0615__x0_y0,4,0,0,1024,1.0,6387.0,292.0,455.0,271.0,432.0,432.0,292.0,449.0,316.0,1,0.0,0.0,-1,271.0,0.2646484375,0.3525390625,0.0060911178588867,2.110738964988177,6,False,0,0,0,0,grand,30-45,0.0005035400390625,0.05,0.1832302786399066,0.2763272337216973,0.2859709325974818,0.0930969550817906,0.24600821268328948,Q4
val,P0615,7,val:P0615:7,harbor,7,0,13890.0,256.0,218.0,290.0241394042969,45.45327377319336,39.12260739335687,160.0,383.0,131.0,348.0,356.0,165.0,387.0,205.0,1357,1419,GoogleEarth,0.263948238086,0.0072133997859349,6.380709579941022,P0615__x0_y0,5,0,0,1024,1.0,13890.0,160.0,383.0,131.0,348.0,356.0,165.0,387.0,205.0,1,0.0,0.0,-1,131.0,0.1279296875,0.25244140625,0.0132465362548828,1.998869783033857,6,False,0,0,0,0,grand,30-45,0.0005035400390625,0.05,0.1838441388931524,0.2779329465808834,0.2876089538910494,0.094088807687731,0.26772132571204066,Q4
val,P0749,0,val:P0749:0,small-vehicle,10,1,762.5,45.0,39.0,42.8018684387207,17.029386520385742,34.077195280130724,736.0,726.0,725.0,739.0,691.0,716.0,702.0,700.0,1439,824,GoogleEarth,0.129898266708,0.0006430605126267,2.51341223522544,P0749__x0_y0,0,0,0,1024,1.0,762.5,736.0,726.0,725.0,739.0,691.0,716.0,702.0,700.0,2,0.6659584045410156,0.5340607762336731,1,285.0,0.2783203125,0.296630859375,0.0007271766662597,1.2565877120369862,35,False,0,1,1,1,petit,30-45,0.0005035400390625,0.2685748512747962,0.5293882848558693,0.2200665221670537,-0.9527392278448288,-0.3093217626888156,-0.07527601749418629,Q4
val,P0749,1,val:P0749:1,ship,1,0,783.0,27.0,45.0,42.95346450805664,18.24828720092773,77.9052429229879,192.0,60.0,174.0,57.0,183.0,15.0,201.0,18.0,1439,824,GoogleEarth,0.129898266708,0.0006603493526383,2.353835405761967,P0749__x0_y0,1,0,0,1024,1.0,783.0,192.0,60.0,174.0,57.0,183.0,15.0,201.0,18.0,1,0.0,0.0,-1,15.0,0.0146484375,0.03662109375,0.000746726989746,1.2101045881843162,35,False,0,0,0,0,petit,75-90,0.0005035400390625,0.2229976247684407,0.4534668298859847,0.1954640687202052,0.3256078484553871,-0.2580027611657794,-0.18906216700144127,Q3
val,P0749,10,val:P0749:10,ship,1,0,862.0,33.0,51.0,49.97999572753906,17.0880069732666,71.56505117707799,277.0,103.0,261.0,97.0,276.0,52.0,294.0,56.0,1439,824,GoogleEarth,0.129898266708,0.0007269746385367,2.924858106959487,P0749__x0_y0,7,0,0,1024,1.0,862.0,277.0,103.0,261.0,97.0,276.0,52.0,294.0,56.0,1,0.0,0.0,-1,52.0,0.05078125,0.0751953125,0.0008220672607421,1.367330199487781,35,False,0,0,0,0,petit,60-75,0.0005035400390625,0.1786576545930703,0.4631723955724448,0.3306684417643327,0.4314172882446991,-0.1325039538081121,-0.17401234790019188,Q3
val,P0749,11,val:P0749:11,ship,1,0,2094.0,48.0,76.0,71.56814575195312,28.861740112304688,73.37924308610795,243.0,112.0,214.0,103.0,234.0,36.0,262.0,43.0,1439,824,GoogleEarth,0.129898266708,0.0017659917553317,2.47968921740243,P0749__x0_y0,8,0,0,1024,1.0,2094.0,243.0,112.0,214.0,103.0,234.0,36.0,262.0,43.0,1,0.0,0.0,-1,36.0,0.03515625,0.07177734375,0.0019969940185546,1.246942984454294,35,False,0,0,0,0,moyen,60-75,0.0005035400390625,0.2096751678721341,0.4557696526355108,0.2905503049030749,0.4114671413006865,-0.1652193477324359,-0.1705031381505451,Q3
val,P0749,12,val:P0749:12,ship,1,0,1001.5,33.0,52.0,49.04079818725586,19.92485809326172,73.4126614430726,125.0,140.0,104.0,135.0,118.0,88.0,137.0,94.0,1439,824,GoogleEarth,0.129898266708,0.0008446230864205,2.4612872000248123,P0749__x0_y0,9,0,0,1024,1.0,1001.5,125.0,140.0,104.0,135.0,118.0,88.0,137.0,94.0,1,0.7438687086105347,0.5179756879806519,3,88.0,0.0859375,0.111572265625,0.0009551048278808,1.2416405430147452,35,False,0,1,1,1,moyen,60-75,0.0005035400390625,0.2132269842793424,0.4599975433668332,0.2914764212689006,-0.8548721354693591,-0.1685211220979325,-0.17735011534141346,Q3
val,P0749,13,val:P0749:13,ship,1,0,914.5,23.0,47.0,46.09772109985352,20.02498435974121,86.18592516570965,119.0,56.0,99.0,54.0,102.0,9.0,122.0,10.0,1439,824,GoogleEarth,0.129898266708,0.0007712509361274,2.302010342266717,P0749__x0_y0,10,0,0,1024,1.0,914.5,119.0,56.0,99.0,54.0,102.0,9.0,122.0,10.0,1,0.7792763710021973,0.4143086373806,7,9.0,0.0087890625,0.031494140625,0.0008721351623535,1.194531477614993,35,False,0,1,1,1,petit,75-90,0.0005035400390625,0.2376407950090092,0.6829778460937096,0.2567431357405338,-0.8420782547490708,-0.4262347103531757,-0.26798068858566404,Q2
val,P0749,14,val:P0749:14,ship,1,0,1548.0,44.0,66.0,61.35144805908203,25.29822158813477,70.97439396243131,1291.0,402.0,1315.0,410.0,1295.0,468.0,1271.0,458.0,1439,824,GoogleEarth,0.129898266708,0.0013055182603884,2.425128890793524,P0749__x415_y0,8,415,0,1024,1.0,1548.0,876.0,402.0,900.0,410.0,880.0,468.0,856.0,458.0,1,0.8216012716293335,0.2873055636882782,6,124.0,0.12109375,0.142578125,0.0014762878417968,1.2311391033545835,34,False,0,1,1,1,moyen,60-75,0.0005035400390625,0.2126506574228672,0.4587060781629917,0.2783762649928649,-0.8678186984281728,-0.1803298131701268,-0.1622861973013189,Q3
val,P0749,15,val:P0749:15,ship,1,0,960.0,20.0,51.0,51.009803771972656,19.0,88.8542371618249,60.0,68.0,41.0,67.0,42.0,17.0,61.0,17.0,1439,824,GoogleEarth,0.129898266708,0.0008096237273727,2.68472651431435,P0749__x0_y0,11,0,0,1024,1.0,960.0,60.0,68.0,41.0,67.0,42.0,17.0,61.0,17.0,1,0.753198504447937,0.4720436334609985,6,17.0,0.0166015625,0.041259765625,0.00091552734375,1.3041963069616125,35,False,0,1,1,1,petit,75-90,0.0005035400390625,0.2119820635816561,0.7201830307544933,0.4403069921748934,-0.6349656327547217,-0.2798760385795999,-0.18289256845963967,Q3
val,P0749,16,val:P0749:16,harbor,7,0,15018.5,133.0,202.0,186.6815490722656,77.49193572998047,73.50653756799237,1364.0,432.0,1438.0,455.0,1385.0,634.0,1305.0,606.0,1439,824,GoogleEarth,0.129898266708,0.0126659728641114,2.4090448549737458,P0749__x415_y0,9,415,0,1024,1.0,15018.5,949.0,432.0,1023.0,455.0,970.0,634.0,890.0,606.0,1,0.0,0.0,-1,1.0,0.0009765625,0.064453125,0.0143227577209472,1.2264321508790432,34,False,0,0,0,0,grand,60-75,0.0005035400390625,0.05,0.2796841705095643,0.2065227648094305,0.2212429843099339,-0.0731614057001337,-0.15802168588113952,Q3
val,P0749,17,val:P0749:17,harbor,7,0,4835.0,86.0,183.0,184.1140899658203,24.698177337646484,70.97439396243131,1275.0,397.0,1298.0,406.0,1238.0,580.0,1212.0,570.0,1439,824,GoogleEarth,0.129898266708,0.0040776361685906,7.454561826519169,P0749__x415_y0,10,415,0,1024,1.0,4835.0,860.0,397.0,883.0,406.0,823.0,580.0,797.0,570.0,1,0.0,0.0,-1,141.0,0.1376953125,0.178955078125,0.0046110153198242,2.1347061568230195,34,False,0,0,0,0,grand,60-75,0.0005035400390625,0.05,0.2101905821787523,0.3344692093977411,0.3455318716176754,0.1242786272189888,0.24015966949393724,Q4
val,P0749,18,val:P0749:18,harbor,7,0,9294.5,103.0,188.0,180.9364471435547,50.28916549682617,72.96711550611938,1181.0,367.0,1229.0,382.0,1176.0,555.0,1126.0,537.0,1439,824,GoogleEarth,0.129898266708,0.0078385913896516,3.597921050310009,P0749__x415_y0,11,415,0,1024,1.0,9294.5,766.0,367.0,814.0,382.0,761.0,555.0,711.0,537.0,1,0.0,0.0,-1,210.0,0.205078125,0.2548828125,0.0088639259338378,1.5256042557520817,34,False,0,0,0,0,grand,60-75,0.0005035400390625,0.05,0.2919398525135747,0.3193400852300976,0.3347053406255489,0.0274002327165229,-0.118082156958694,Q4
val,P0749,19,val:P0749:19,harbor,7,0,14035.5,131.0,199.0,182.78402709960932,77.49193572998047,71.0580221161632,1096.0,334.0,1168.0,364.0,1110.0,533.0,1037.0,507.0,1439,824,GoogleEarth,0.129898266708,0.0118369519016037,2.358749015336482,P0749__x415_y0,12,415,0,1024,1.0,14035.5,681.0,334.0,753.0,364.0,695.0,533.0,622.0,507.0,1,0.0,0.0,-1,271.0,0.2646484375,0.328369140625,0.0133852958679199,1.2115685877838387,34,False,0,0,0,0,grand,60-75,0.0005035400390625,0.05,0.3258291425156951,0.1389719872909021,0.1561208895285702,-0.186857155224793,-0.2124017956721334,Q3
val,P0749,2,val:P0749:2,ship,1,0,1076.0,37.0,57.0,54.424259185791016,19.697715759277344,70.86635679409451,1123.0,459.0,1105.0,451.0,1122.0,402.0,1142.0,408.0,1439,824,GoogleEarth,0.129898266708,0.0009074532610969,2.7629731208887995,P0749__x415_y0,1,415,0,1024,1.0,1076.0,708.0,459.0,690.0,451.0,707.0,402.0,727.0,408.0,1,0.0,0.0,-1,297.0,0.2900390625,0.30859375,0.0010261535644531,1.325209368585204,34,False,0,0,0,0,moyen,60-75,0.0005035400390625,0.1975054243267498,0.4770081927789394,0.3085804658224794,0.4259790232433841,-0.16842772695646,-0.17763052035914184,Q3
val,P0749,20,val:P0749:20,harbor,7,0,21066.0,168.0,209.0,183.73077392578125,115.76700592041016,71.4640005243328,927.0,277.0,1036.0,316.0,979.0,486.0,868.0,451.0,1439,824,GoogleEarth,0.129898266708,0.0177661806675347,1.5870737302482902,P0749__x415_y0,13,415,0,1024,1.0,21066.0,512.0,277.0,621.0,316.0,564.0,486.0,453.0,451.0,2,0.0,0.0,-1,277.0,0.2705078125,0.37353515625,0.020090103149414,0.9505274030870168,34,False,0,0,0,0,grand,60-75,0.0005035400390625,0.05,0.3365920034100099,0.1233558295397799,0.1410711981403068,-0.2132361738702299,-0.3588229760601946,Q2
val,P0749,21,val:P0749:21,harbor,7,0,12327.0,126.0,191.0,180.3607482910156,66.73080444335938,70.7552707601671,847.0,247.0,910.0,269.0,851.0,438.0,784.0,416.0,1439,824,GoogleEarth,0.129898266708,0.0103960746742951,2.702810940097456,P0749__x415_y0,14,415,0,1024,1.0,12327.0,432.0,247.0,495.0,269.0,436.0,438.0,369.0,416.0,2,0.0,0.0,-1,247.0,0.2412109375,0.33447265625,0.0117559432983398,1.3090922447537772,34,False,0,0,0,0,grand,60-75,0.0005035400390625,0.05,0.3235750782707177,0.2428695145705988,0.259899781848005,-0.0807055637001189,-0.1644136574757533,Q3
val,P0749,22,val:P0749:22,harbor,7,0,8601.0,102.0,177.0,168.90826416015625,48.10405349731445,72.32031902256115,738.0,211.0,783.0,228.0,732.0,388.0,681.0,370.0,1439,824,GoogleEarth,0.129898266708,0.0072537225824298,3.511310417314126,P0749__x0_y0,14,0,0,1024,1.0,8601.0,738.0,211.0,783.0,228.0,732.0,388.0,681.0,370.0,2,0.0,0.0,-1,211.0,0.2060546875,0.28369140625,0.0082025527954101,1.5065876694735163,35,False,0,0,0,0,grand,60-75,0.0005035400390625,0.05,0.3079822121156013,0.3163714753159534,0.3325810654273008,0.0083892632003521,-0.15945940137942818,Q3
val,P0749,23,val:P0749:23,harbor,7,0,19951.0,169.0,200.0,167.14065551757812,117.17507934570312,70.69369965939963,610.0,161.0,719.0,204.0,664.0,361.0,550.0,317.0,1439,824,GoogleEarth,0.129898266708,0.0168258364425133,1.426418112544741,P0749__x0_y0,15,0,0,1024,1.0,19951.0,610.0,161.0,719.0,204.0,664.0,361.0,550.0,317.0,2,0.0,0.0,-1,161.0,0.1572265625,0.254638671875,0.019026756286621,0.8864161421454235,35,False,0,0,0,0,grand,60-75,0.0005035400390625,0.05,0.3152009240047014,0.1154801697772237,0.1320696920932607,-0.1997207542274777,-0.3071677983511846,Q2
val,P0749,24,val:P0749:24,harbor,7,0,4943.0,84.0,176.0,176.78518676757812,27.513633728027344,70.84761022059625,541.0,141.0,568.0,150.0,510.0,317.0,484.0,308.0,1439,824,GoogleEarth,0.129898266708,0.00416871883792,6.425366729640373,P0749__x0_y0,16,0,0,1024,1.0,4943.0,541.0,141.0,568.0,150.0,510.0,317.0,484.0,308.0,2,0.0,0.0,-1,141.0,0.1376953125,0.2236328125,0.004714012145996,2.004902074666415,35,False,0,0,0,0,grand,60-75,0.0005035400390625,0.05,0.2498267483497982,0.3524173450616818,0.3655661212906186,0.1025905967118835,0.23178258366599114,Q4
val,P0749,25,val:P0749:25,harbor,7,0,19011.0,162.0,210.0,187.74717712402344,101.0197982788086,69.40766866778009,347.0,64.0,441.0,101.0,376.0,274.0,279.0,239.0,1439,824,GoogleEarth,0.129898266708,0.0160330798761275,1.858518630237733,P0749__x0_y0,17,0,0,1024,1.0,19011.0,347.0,64.0,441.0,101.0,376.0,274.0,279.0,239.0,1,0.7981333136558533,0.3915664553642273,8,64.0,0.0625,0.16552734375,0.0181303024291992,1.0503035291880505,35,False,0,1,1,1,grand,60-75,0.0005035400390625,0.05,0.2989065072829004,0.1077426329235134,-0.9291570245879128,-0.1911638743593869,-0.22602786064699407,Q3
val,P0749,26,val:P0749:26,ship,1,0,4146.5,75.0,115.0,107.33592224121094,38.07886505126953,68.69421638217123,1245.0,395.0,1280.0,410.0,1241.0,510.0,1205.0,493.0,1439,824,GoogleEarth,0.129898266708,0.0034969841516155,2.818779448827937,P0749__x415_y0,18,415,0,1024,1.0,4146.5,830.0,395.0,865.0,410.0,826.0,510.0,790.0,493.0,1,0.0,0.0,-1,159.0,0.1552734375,0.191650390625,0.0039544105529785,1.3399308555487377,34,False,0,0,0,0,grand,60-75,0.0005035400390625,0.1856857545252797,0.4642516011175657,0.3321186731224816,0.4379806414254302,-0.132132927995084,-0.16636110680525354,Q3
val,P0749,27,val:P0749:27,ship,1,0,2474.0,59.0,88.0,81.93900299072266,29.529645919799805,66.25050550713324,1342.0,433.0,1371.0,446.0,1338.0,521.0,1312.0,507.0,1439,824,GoogleEarth,0.129898266708,0.0020864678140834,2.774804791539409,P0749__x415_y0,19,415,0,1024,1.0,2474.0,927.0,433.0,956.0,446.0,923.0,521.0,897.0,507.0,1,0.0,0.0,-1,68.0,0.06640625,0.095947265625,0.002359390258789,1.3283486705134482,34,False,0,0,0,0,moyen,60-75,0.0005035400390625,0.1810887325129266,0.4590769127503606,0.3132683435504228,0.4147856379833298,-0.1458085691999378,-0.14587907834314645,Q3
val,P0749,28,val:P0749:28,small-vehicle,10,1,897.0,45.0,42.0,41.88078308105469,21.470911026000977,34.077195280130724,633.0,741.0,622.0,760.0,588.0,737.0,598.0,718.0,1439,824,GoogleEarth,0.129898266708,0.0007564921702638,1.950582489505808,P0749__x0_y0,18,0,0,1024,1.0,897.0,633.0,741.0,622.0,760.0,588.0,737.0,598.0,718.0,2,0.6463051438331604,0.255967229604721,13,264.0,0.2578125,0.2783203125,0.0008554458618164,1.0820026049300049,35,False,0,1,1,1,petit,30-45,0.0005035400390625,0.3235945486248563,0.5346305767356586,0.1012928908605437,-1.1213413415497366,-0.4333376858751148,-0.14308554864841833,Q3
val,P0749,29,val:P0749:29,small-vehicle,10,0,771.0,33.0,42.0,36.7695541381836,20.615528106689453,67.61986494804042,358.0,362.0,378.0,370.0,364.0,404.0,345.0,396.0,1439,824,GoogleEarth,0.129898266708,0.0006502290560462,1.783585360893684,P0749__x0_y0,19,0,0,1024,1.0,771.0,358.0,362.0,378.0,370.0,364.0,404.0,345.0,396.0,1,0.0,0.3469219207763672,11,345.0,0.3369140625,0.352783203125,0.0007352828979492,1.0237397949194351,35,False,0,0,0,0,petit,60-75,0.0005035400390625,0.4062857578176855,0.5547624780135971,0.1071192659378321,0.486749865601566,-0.447643212075765,-0.3078844406422171,Q2
val,P0749,3,val:P0749:3,ship,1,0,1228.5,39.0,56.0,50.59644317626953,24.35159111022949,71.56505117707799,1133.0,404.0,1110.0,396.0,1126.0,348.0,1149.0,357.0,1439,824,GoogleEarth,0.129898266708,0.0010360653636222,2.077746909729247,P0749__x415_y0,2,415,0,1024,1.0,1228.5,718.0,404.0,695.0,396.0,711.0,348.0,734.0,357.0,1,0.0,0.3644967377185821,2,290.0,0.283203125,0.30224609375,0.001171588897705,1.1241978064769318,34,False,0,0,0,0,moyen,60-75,0.0005035400390625,0.2520860295448595,0.4869285080950662,0.1481519148094305,0.3122722269399679,-0.3387765932856357,-0.279128769248934,Q2
val,P0749,30,val:P0749:30,small-vehicle,10,1,1118.5,40.0,55.0,50.15974426269531,21.931713104248047,67.55724663470565,321.0,468.0,341.0,477.0,322.0,523.0,301.0,514.0,1439,824,GoogleEarth,0.129898266708,0.0009432959781941,2.2870873800086167,P0749__x0_y0,20,0,0,1024,1.0,1118.5,321.0,468.0,341.0,477.0,322.0,523.0,301.0,514.0,1,0.0,0.3523179888725281,10,301.0,0.2939453125,0.313720703125,0.0010666847229003,1.1900018778421686,35,False,0,0,0,0,moyen,60-75,0.0005035400390625,0.3429931582406235,0.5441752318498912,0.0929738907202174,0.3770628370524935,-0.4512013411296738,-0.24604888141528108,Q3
val,P0749,31,val:P0749:31,small-vehicle,10,1,613.0,28.0,38.0,34.78505325317383,17.72004508972168,71.56505117707798,249.0,673.0,266.0,678.0,255.0,711.0,238.0,705.0,1439,824,GoogleEarth,0.129898266708,0.0005169784842494,1.9630341275683616,P0749__x0_y0,21,0,0,1024,1.0,613.0,249.0,673.0,266.0,678.0,255.0,711.0,238.0,705.0,1,0.0,0.0,-1,238.0,0.232421875,0.24609375,0.000584602355957,1.0862137864354455,35,False,0,0,0,0,petit,60-75,0.0005035400390625,0.3818022857421183,0.5328502634370024,0.0926295408819324,0.4217207747160174,-0.4402207225550699,-0.22799399446611873,Q3
val,P0749,32,val:P0749:32,small-vehicle,10,0,816.0,33.0,44.0,39.5600814819336,20.24845695495605,70.64100582430527,302.0,674.0,321.0,681.0,308.0,718.0,288.0,711.0,1439,824,GoogleEarth,0.129898266708,0.0006881801682667,1.9537331447002328,P0749__x0_y0,22,0,0,1024,1.0,816.0,302.0,674.0,321.0,681.0,308.0,718.0,288.0,711.0,1,0.0,0.0,-1,288.0,0.28125,0.297607421875,0.0007781982421875,1.0830698430956682,35,False,0,0,0,0,petit,60-75,0.0005035400390625,0.3852980520314285,0.53977715016759,0.0927005920156194,0.4310354308394611,-0.4470765581519705,-0.23529830265905527,Q3
val,P0749,33,val:P0749:33,small-vehicle,10,0,639.0,30.0,37.0,34.78505325317383,17.464248657226562,71.56505117707798,215.0,763.0,232.0,767.0,221.0,800.0,202.0,795.0,1439,824,GoogleEarth,0.129898266708,0.0005389057935324,1.9917864166907664,P0749__x0_y0,23,0,0,1024,1.0,639.0,215.0,763.0,232.0,767.0,221.0,800.0,202.0,795.0,1,0.0,0.0,-1,202.0,0.197265625,0.21240234375,0.0006093978881835,1.0958706727683485,35,False,0,0,0,0,petit,60-75,0.0005035400390625,0.3757233016496787,0.5272270408040667,0.0893645514816886,0.4066781481822531,-0.437862489322378,-0.22950376584455887,Q3
val,P0749,34,val:P0749:34,small-vehicle,10,0,597.0,38.0,29.0,33.241539001464844,17.464248657226562,23.42869280874541,205.0,582.0,197.0,599.0,167.0,586.0,174.0,570.0,1439,824,GoogleEarth,0.129898266708,0.0005034847554599,1.9034050450094664,P0749__x0_y0,24,0,0,1024,1.0,597.0,205.0,582.0,197.0,599.0,167.0,586.0,174.0,570.0,1,0.0,0.0,-1,167.0,0.1630859375,0.181396484375,0.0005693435668945,1.0658842016649068,35,False,0,0,0,0,petit,15-30,0.0005035400390625,0.3055583395138632,0.5045675109630352,0.1001212254414502,0.3221338430522363,-0.4044462855215849,-0.13004853072780284,Q4
val,P0749,35,val:P0749:35,small-vehicle,10,0,666.0,44.0,29.0,38.62641525268555,17.0,21.250505507133227,110.0,547.0,102.0,563.0,66.0,549.0,74.0,534.0,1439,824,GoogleEarth,0.129898266708,0.0005616764608648,2.272142073687385,P0749__x0_y0,25,0,0,1024,1.0,666.0,110.0,547.0,102.0,563.0,66.0,549.0,74.0,534.0,1,0.0,0.0,-1,66.0,0.064453125,0.0859375,0.0006351470947265,1.1854448388514358,35,False,0,0,0,0,petit,15-30,0.0005035400390625,0.2586821705691523,0.4806526018879217,0.0749051683975354,0.2426284490335054,-0.4057474334903863,-0.11824736845756571,Q4
val,P0749,36,val:P0749:36,small-vehicle,10,0,644.0,40.0,39.0,39.62322616577149,15.55634880065918,45.0,788.0,784.0,800.0,772.0,828.0,800.0,817.0,811.0,1439,824,GoogleEarth,0.129898266708,0.0005431225837791,2.547077509864815,P0749__x415_y0,21,415,0,1024,1.0,644.0,373.0,784.0,385.0,772.0,413.0,800.0,402.0,811.0,2,0.0,0.2636960446834564,8,213.0,0.2080078125,0.226806640625,0.0006141662597656,1.2661240277841392,34,False,0,0,0,0,petit,30-45,0.0005035400390625,0.2745151893339187,0.5234980983355142,0.2080265585212497,0.4061122764683683,-0.3154715398142644,-0.12945401324606146,Q4
val,P0749,37,val:P0749:37,small-vehicle,10,0,712.0,45.0,36.0,43.046485900878906,16.6433162689209,30.256437163529263,621.0,678.0,630.0,664.0,666.0,685.0,658.0,700.0,1439,824,GoogleEarth,0.129898266708,0.0006004709311347,2.586412780081713,P0749__x0_y0,27,0,0,1024,1.0,712.0,621.0,678.0,630.0,664.0,666.0,685.0,658.0,700.0,2,0.563331127166748,0.6652956604957581,0,324.0,0.31640625,0.334228515625,0.0006790161132812,1.2771524773374952,35,False,0,1,1,0,petit,30-45,0.0005035400390625,0.2593509603839488,0.5379283353672453,0.2380443527787956,-0.923757963269354,-0.2998839825884496,-0.06450172031648611,Q4
val,P0749,38,val:P0749:38,small-vehicle,10,0,705.0,42.0,30.0,38.27531814575195,18.027755737304688,19.855214369321057,574.0,659.0,580.0,641.0,616.0,654.0,610.0,671.0,1439,824,GoogleEarth,0.129898266708,0.0005945674247893,2.123132723977902,P0749__x0_y0,28,0,0,1024,1.0,705.0,574.0,659.0,580.0,641.0,616.0,654.0,610.0,671.0,2,0.0,0.0,-1,353.0,0.3447265625,0.359130859375,0.0006723403930664,1.138836576270097,35,False,0,0,0,0,petit,15-30,0.0005035400390625,0.2885206031403796,0.5334855037413245,0.1060045933515446,0.3223447431654202,-0.4274809103897799,-0.19877242209311138,Q3
val,P0749,39,val:P0749:39,small-vehicle,10,0,751.0,32.0,45.0,41.231056213378906,17.464248657226562,69.77514056883192,272.0,766.0,288.0,773.0,274.0,811.0,256.0,804.0,1439,824,GoogleEarth,0.129898266708,0.0006333618950592,2.3608834838891184,P0749__x0_y0,29,0,0,1024,1.0,751.0,272.0,766.0,288.0,773.0,274.0,811.0,256.0,804.0,1,0.0,0.0,-1,213.0,0.2080078125,0.22998046875,0.000716209411621,1.2122038810456863,35,False,0,0,0,0,petit,60-75,0.0005035400390625,0.3328556922729606,0.5270307518892277,0.1101439710451762,0.3730933565640326,-0.4168867808440514,-0.1898207440521615,Q3
val,P0749,4,val:P0749:4,ship,1,0,4588.0,76.0,132.0,127.81236267089844,34.539833068847656,69.86369657175187,1059.0,456.0,1023.0,444.0,1067.0,324.0,1099.0,337.0,1439,824,GoogleEarth,0.129898266708,0.003869326730402,3.7004337113075287,P0749__x415_y0,3,415,0,1024,1.0,4588.0,644.0,456.0,608.0,444.0,652.0,324.0,684.0,337.0,1,0.0,0.0,-1,324.0,0.31640625,0.3681640625,0.0043754577636718,1.5476547834601695,34,False,0,0,0,0,grand,60-75,0.0005035400390625,0.1499955098405394,0.4973224185365638,0.3613937526039512,0.4491534416257443,-0.1359286659326125,0.10737459569310213,Q4
val,P0749,40,val:P0749:40,small-vehicle,10,0,882.5,34.0,49.0,44.59820556640625,19.313207626342773,68.19859051364818,372.0,319.0,391.0,328.0,375.0,368.0,357.0,361.0,1439,824,GoogleEarth,0.129898266708,0.0007442634785483,2.309207586293191,P0749__x0_y0,30,0,0,1024,1.0,882.5,372.0,319.0,391.0,328.0,375.0,368.0,357.0,361.0,1,0.0,0.0,-1,319.0,0.3115234375,0.3359375,0.0008416175842285,1.196708760816816,35,False,0,0,0,0,petit,60-75,0.0005035400390625,0.3433175487037135,0.5465932256322792,0.1040537066155538,0.3898159437389917,-0.4425395190167253,-0.2467480998638286,Q3
val,P0749,41,val:P0749:41,small-vehicle,10,0,629.0,29.0,38.0,34.1760139465332,18.027755737304688,71.02959219151344,386.0,448.0,403.0,454.0,392.0,486.0,374.0,480.0,1439,824,GoogleEarth,0.129898266708,0.0005304722130389,1.8957442315358788,P0749__x0_y0,31,0,0,1024,1.0,629.0,386.0,448.0,403.0,454.0,392.0,486.0,374.0,480.0,1,0.0,0.0,-1,374.0,0.365234375,0.379638671875,0.0005998611450195,1.063242152783399,35,False,0,0,0,0,petit,60-75,0.0005035400390625,0.3996070350146406,0.5416800548375966,0.1081424179414264,0.4686715601266588,-0.4335376368961702,-0.3004435990250241,Q2
val,P0749,42,val:P0749:42,ship,1,0,3033.0,57.0,108.0,103.84603881835938,28.160255432128903,74.35775354279127,1363.0,602.0,1336.0,594.0,1364.0,494.0,1393.0,504.0,1439,824,GoogleEarth,0.129898266708,0.0025579049636681,3.687680996667318,P0749__x415_y0,24,415,0,1024,1.0,3033.0,948.0,602.0,921.0,594.0,949.0,494.0,978.0,504.0,1,0.5981563329696655,0.3351538181304931,4,46.0,0.044921875,0.0732421875,0.0028924942016601,1.5449380031734423,34,False,0,1,1,0,grand,60-75,0.0005035400390625,0.1427086922267627,0.4718531374054071,0.3622671068544653,-0.7256506725294342,-0.1095860305509418,0.12746642778156864,Q4
val,P0749,43,val:P0749:43,small-vehicle,10,0,671.5,43.0,29.0,40.16217041015625,16.76305389404297,19.35899417569472,230.0,534.0,236.0,518.0,273.0,531.0,268.0,547.0,1439,824,GoogleEarth,0.129898266708,0.0005663149301362,2.3958743236176403,P0749__x0_y0,32,0,0,1024,1.0,671.5,230.0,534.0,236.0,518.0,273.0,531.0,268.0,547.0,1,0.7855072617530823,0.3770269155502319,9,230.0,0.224609375,0.245849609375,0.0006403923034667,1.2225612605845892,35,False,0,1,1,1,petit,15-30,0.0005035400390625,0.2549360038190144,0.5176338356452571,0.1556026217783589,-1.0094469618123538,-0.3620312138668982,-0.10956699082969644,Q4
val,P0749,44,val:P0749:44,small-vehicle,10,0,593.5,40.0,29.0,36.7695541381836,16.155494689941406,22.98871680208064,98.0,485.0,105.0,470.0,138.0,484.0,132.0,499.0,1439,824,GoogleEarth,0.129898266708,0.0005005330022871,2.2759782256049848,P0749__x0_y0,33,0,0,1024,1.0,593.5,98.0,485.0,105.0,470.0,138.0,484.0,132.0,499.0,1,0.0,0.0,-1,98.0,0.095703125,0.115478515625,0.0005660057067871,1.186616519328009,35,False,0,0,0,0,petit,15-30,0.0005035400390625,0.2626030431383906,0.4972116273027702,0.0828674377604881,0.2599352778139741,-0.414344189542282,-0.12017717572261781,Q4
val,P0749,45,val:P0749:45,ship,1,0,448.5,36.0,29.0,34.13209533691406,13.03840446472168,32.7352262721076,1387.0,807.0,1395.0,796.0,1423.0,814.0,1416.0,825.0,1439,824,GoogleEarth,0.129898266708,0.0003782460851319,2.6178122813467004,P0749__x415_y0,25,415,0,1024,1.0,448.5,972.0,807.0,980.0,796.0,1008.0,814.0,1001.0,825.0,1,0.0,0.0,-1,16.0,0.015625,0.032958984375,0.0004277229309082,1.2858695009799233,34,False,1,0,0,0,tres petit,30-45,0.0005035400390625,0.1535567940823241,0.383585515840228,0.3084940156526841,-2.084081187008538,-0.0750915001875438,-0.04065178570145508,Q4
val,P0749,46,val:P0749:46,ship,1,0,406.5,35.0,27.0,33.12099075317383,11.661903381347656,31.26373169437743,1395.0,778.0,1402.0,767.0,1430.0,784.0,1424.0,794.0,1439,824,GoogleEarth,0.129898266708,0.0003428250470593,2.84010162579021,P0749__x415_y0,26,415,0,1024,1.0,406.5,980.0,778.0,987.0,767.0,1015.0,784.0,1009.0,794.0,1,0.0,0.0,-1,9.0,0.0087890625,0.025634765625,0.0003876686096191,1.3454988312989762,34,False,1,0,0,0,tres petit,30-45,0.0005035400390625,0.1403475903020878,0.379516513619787,0.3146596506081995,-2.3068593792708114,-0.0648568630115875,-0.0490752375058793,Q4
val,P0749,47,val:P0749:47,ship,1,0,415.0,35.0,22.0,34.20526123046875,11.180339813232422,18.970407808486545,1403.0,751.0,1406.0,738.0,1438.0,749.0,1436.0,760.0,1439,824,GoogleEarth,0.129898266708,0.0003499935904788,3.0594115923010965,P0749__x415_y0,27,415,0,1024,1.0,415.0,988.0,751.0,991.0,738.0,1023.0,749.0,1021.0,760.0,1,0.0,0.0,-1,1.0,0.0009765625,0.017822265625,0.0003957748413085,1.401038035105907,34,False,1,0,0,0,tres petit,15-30,0.0005035400390625,0.1202279797949522,0.3864927933231727,0.2776996646804848,-2.418568816083326,-0.1087931286426879,-0.10995756614816661,Q4
val,P0749,48,val:P0749:48,ship,1,0,507.0,39.0,26.0,36.40055084228516,13.928388595581056,20.924501744921145,1392.0,795.0,1387.0,808.0,1353.0,795.0,1361.0,782.0,1439,824,GoogleEarth,0.129898266708,0.0004275825310187,2.613407185798482,P0749__x415_y0,28,415,0,1024,1.0,507.0,977.0,795.0,972.0,808.0,938.0,795.0,946.0,782.0,1,0.0,0.0,-1,47.0,0.0458984375,0.064208984375,0.0004835128784179,1.284651146008638,34,False,1,0,0,0,tres petit,15-30,0.0005035400390625,0.144205013908493,0.4244833606484542,0.2786441667809548,-2.078117130873016,-0.1458391938674994,-0.06349155046945511,Q4
val,P0749,49,val:P0749:49,ship,1,0,526.0,38.0,27.0,34.928497314453125,14.317821502685549,23.629377730656813,1398.0,777.0,1392.0,792.0,1360.0,778.0,1366.0,765.0,1439,824,GoogleEarth,0.129898266708,0.0004436063339562,2.439511996144225,P0749__x415_y0,29,415,0,1024,1.0,526.0,983.0,777.0,977.0,792.0,945.0,778.0,951.0,765.0,1,0.0,0.0,-1,41.0,0.0400390625,0.05859375,0.0005016326904296,1.2353295997360194,34,False,1,0,0,0,tres petit,15-30,0.0005035400390625,0.1562304174959231,0.4210526470277703,0.2797380975105815,-1.9318627794601917,-0.1413145495171888,-0.07945824304563849,Q4
val,P0749,5,val:P0749:5,ship,1,0,11624.0,128.0,202.0,196.4688262939453,57.24508666992188,69.0674646348969,952.0,466.0,898.0,447.0,968.0,264.0,1026.0,284.0,1439,824,GoogleEarth,0.129898266708,0.0098031939656044,3.432064439465254,P0749__x415_y0,4,415,0,1024,1.0,11624.0,537.0,466.0,483.0,447.0,553.0,264.0,611.0,284.0,2,0.0,0.0,-1,264.0,0.2578125,0.356689453125,0.0110855102539062,1.4888654889298194,34,False,0,0,0,0,grand,60-75,0.0005035400390625,0.1606977921754167,0.5052579539851041,0.3441176298027124,0.4408573225230778,-0.1611403241823916,-0.20454528746392572,Q3
val,P0749,50,val:P0749:50,ship,1,0,797.0,57.0,32.0,55.36244201660156,14.317821502685549,19.44003482817618,1330.0,776.0,1335.0,790.0,1284.0,808.0,1278.0,795.0,1439,824,GoogleEarth,0.129898266708,0.0006721563653292,3.866680556550968,P0749__x415_y0,30,415,0,1024,1.0,797.0,915.0,776.0,920.0,790.0,869.0,808.0,863.0,795.0,1,0.0,0.0,-1,104.0,0.1015625,0.129150390625,0.0007600784301757,1.5824120941279234,34,False,0,0,0,0,petit,15-30,0.0005035400390625,0.0969204463651335,0.4498159103079538,0.3329629070660816,0.3812381211750843,-0.1168530032418722,0.10325000214414705,Q4
val,P0749,51,val:P0749:51,ship,1,0,1020.0,63.0,34.0,60.4400520324707,15.81138801574707,18.74134044519272,1333.0,758.0,1338.0,773.0,1282.0,792.0,1275.0,775.0,1439,824,GoogleEarth,0.129898266708,0.0008602252103334,3.822564595358517,P0749__x415_y0,31,415,0,1024,1.0,1020.0,918.0,758.0,923.0,773.0,867.0,792.0,860.0,775.0,1,0.0,0.0,-1,101.0,0.0986328125,0.12890625,0.0009727478027343,1.573305860287308,34,False,0,0,0,0,moyen,15-30,0.0005035400390625,0.0977069448630253,0.4504339485297945,0.3329629070660816,0.381739216185245,-0.1174710414637129,0.006701289050523595,Q4
val,P0749,52,val:P0749:52,ship,1,0,1250.0,65.0,40.0,61.6846809387207,20.24845695495605,20.224859431168085,1182.0,772.0,1174.0,791.0,1117.0,770.0,1124.0,751.0,1439,824,GoogleEarth,0.129898266708,0.0010541975616832,3.0463892175064053,P0749__x415_y0,32,415,0,1024,1.0,1250.0,767.0,772.0,759.0,791.0,702.0,770.0,709.0,751.0,1,0.0,0.0,-1,233.0,0.2275390625,0.2470703125,0.0011920928955078,1.3978249322172822,34,False,0,0,0,0,moyen,15-30,0.0005035400390625,0.129860944049716,0.4489614683752614,0.2896137658725912,0.3566174932957738,-0.1593477025026702,-0.11128115035648295,Q4
val,P0749,53,val:P0749:53,ship,1,1,4597.0,89.0,86.0,96.3846435546875,52.55473327636719,21.0923395058275,1350.0,422.0,1369.0,373.0,1439.0,400.0,1439.0,459.0,1439,824,GoogleEarth,0.129898266708,0.0038769169528461,1.8339859713079307,P0749__x415_y0,33,415,0,1024,1.0,4597.0,935.0,422.0,954.0,373.0,1024.0,400.0,1024.0,459.0,1,0.0,0.0,-1,0.0,0.0,0.038818359375,0.0043840408325195,1.0416841911178918,34,False,0,0,0,0,grand,15-30,0.0005035400390625,0.1960200838287983,0.4081327097578195,0.1533706363907586,0.2528783558882772,-0.2547620733670608,-0.13795262565605568,Q3
val,P0749,54,val:P0749:54,harbor,7,0,16080.0,144.0,200.0,181.892822265625,87.66413116455078,71.0580221161632,201.0,18.0,283.0,49.0,225.0,218.0,139.0,189.0,1439,824,GoogleEarth,0.129898266708,0.0135611974334927,2.074883077597625,P0749__x0_y0,34,0,0,1024,1.0,16080.0,201.0,18.0,283.0,49.0,225.0,218.0,139.0,189.0,1,0.7561309933662415,0.5272544622421265,2,18.0,0.017578125,0.11572265625,0.0153350830078125,1.12326687699008,35,False,0,1,1,1,grand,60-75,0.0005035400390625,0.05,0.2918091313065685,0.0996006168325823,-0.9376725867828616,-0.1922085144739861,-0.20960222751800253,Q3
val,P0749,6,val:P0749:6,ship,1,0,4466.0,74.0,122.0,115.76700592041016,37.336307525634766,71.72289039077988,864.0,365.0,829.0,352.0,865.0,243.0,903.0,256.0,1439,824,GoogleEarth,0.129898266708,0.0037664370483817,3.100654927939128,P0749__x415_y0,5,415,0,1024,1.0,4466.0,449.0,365.0,414.0,352.0,450.0,243.0,488.0,256.0,2,0.0,0.0,-1,243.0,0.2373046875,0.296875,0.0042591094970703,1.4111466994751614,34,False,0,0,0,0,grand,60-75,0.0005035400390625,0.177605297845906,0.4875365475806071,0.3249690802392977,0.4302580291065705,-0.1625674673413094,-0.20588637584960717,Q3
val,P0749,7,val:P0749:7,ship,1,0,1189.5,39.0,56.0,50.59644317626953,22.472204208374023,69.04422326936782,755.0,276.0,732.0,267.0,750.0,220.0,771.0,228.0,1439,824,GoogleEarth,0.129898266708,0.0010031743996977,2.251512255189249,P0749__x0_y0,4,0,0,1024,1.0,1189.5,755.0,276.0,732.0,267.0,750.0,220.0,771.0,228.0,2,0.0,0.0,-1,220.0,0.21484375,0.241943359375,0.0011343955993652,1.179120197407849,35,False,0,0,0,0,moyen,60-75,0.0005035400390625,0.2317639520740067,0.4683791323679651,0.1602641057906239,0.3015662473389872,-0.3081150265773411,-0.2682126624760466,Q2
val,P0749,8,val:P0749:8,ship,1,0,985.0,40.0,50.0,45.17742919921875,21.470911026000977,62.30052719194501,450.0,201.0,430.0,191.0,451.0,151.0,470.0,161.0,1439,824,GoogleEarth,0.129898266708,0.0008307076786063,2.10412260311216,P0749__x0_y0,5,0,0,1024,1.0,985.0,450.0,201.0,430.0,191.0,451.0,151.0,470.0,161.0,2,0.0,0.0,-1,151.0,0.1474609375,0.171875,0.0009393692016601,1.1327310999662394,35,False,0,0,0,0,moyen,60-75,0.0005035400390625,0.2318109654445777,0.4629086980569656,0.1546435701024779,0.2943322500787291,-0.3082651279544877,-0.25983264836998504,Q2
val,P0749,9,val:P0749:9,ship,1,0,845.5,33.0,47.0,43.65776062011719,18.97366523742676,69.90476880809518,264.0,159.0,245.0,153.0,260.0,112.0,278.0,118.0,1439,824,GoogleEarth,0.129898266708,0.0007130592307225,2.30096610611636,P0749__x0_y0,6,0,0,1024,1.0,845.5,264.0,159.0,245.0,153.0,260.0,112.0,278.0,118.0,1,0.0,0.0,-1,112.0,0.109375,0.13232421875,0.0008063316345214,1.194215185055955,35,False,0,0,0,0,petit,60-75,0.0005035400390625,0.2225454958485942,0.4618530134290024,0.1543932994038948,0.2865982160053016,-0.3074597140251076,-0.21437802500498127,Q3
val,P0761,24,val:P0761:24,ship,1,0,1037.5,58.0,35.0,54.4058837890625,18.027755737304688,19.44003482817619,713.0,800.0,720.0,781.0,771.0,799.0,765.0,816.0,1618,1364,GoogleEarth,0.133372619155,0.0004701053761024,3.0178955485002965,P0761__x594_y340,0,594,340,1024,1.0,1037.5,119.0,460.0,126.0,441.0,177.0,459.0,171.0,476.0,1,0.0,0.0,-1,119.0,0.1162109375,0.144775390625,0.0009894371032714,1.390758270161438,46,False,0,0,0,0,moyen,15-30,0.0005035400390625,0.0959101318565575,0.4926494440972468,0.3208856509791428,0.3731482354935067,-0.171763793118104,-0.4100790743787307,Q2
val,P0761,29,val:P0761:29,harbor,7,0,6689.5,110.0,97.0,92.04889678955078,73.37574768066406,17.056965576617046,644.0,627.0,556.0,600.0,581.0,530.0,666.0,557.0,1618,1364,GoogleEarth,0.133372619155,0.0030311035310237,1.254486662134653,P0761__x594_y340,1,594,340,1024,0.70406156278029,4553.9877911657095,49.89324951171875,287.33984375,0.0,264.689453125,6.103515625e-05,194.12939453125,72.06927490234375,216.77978515625,1,0.0,0.0,-1,0.0,0.0,0.0297760218381881,0.0043430211936623,0.8129223027535633,46,False,0,0,0,0,grand,15-30,0.0005035400390625,0.05,0.3603461836081403,0.1870422044437469,0.2060077930547017,-0.1733039791643933,-0.19799269586672208,Q3
val,P0761,31,val:P0761:31,harbor,7,0,51341.0,205.0,486.0,473.8269653320313,105.32331085205078,77.44470325921144,1097.0,781.0,988.0,753.0,1090.0,295.0,1193.0,317.0,1618,1364,GoogleEarth,0.133372619155,0.0232633061344333,4.498785325858423,P0761__x594_y340,2,594,340,1024,0.9284631495783098,48331.21617507935,503.0001220703125,441.0,392.91900634765625,418.224609375,484.1602783203125,0.0,594.2413330078125,0.0,1,0.0,0.3917522132396698,4,0.0,0.0,0.2097716331481933,0.0460922395468514,1.7045272180035842,46,False,0,0,0,0,grand,75-90,0.0005035400390625,0.05,0.3021344305769005,0.4164154858121268,0.4323172979477531,0.1142810552352263,-0.25066764142030207,Q3
val,P0761,32,val:P0761:32,harbor,7,0,4077.5,80.0,71.0,70.40596771240234,58.694122314453125,10.304846468766016,1536.0,938.0,1470.0,926.0,1481.0,867.0,1550.0,881.0,1618,1364,GoogleEarth,0.133372619155,0.0018475707672844,1.1995403446907875,P0761__x594_y340,3,594,340,1024,1.0,4077.5,942.0,598.0,876.0,586.0,887.0,527.0,956.0,541.0,1,0.3344336748123169,0.4180032610893249,3,68.0,0.06640625,0.106201171875,0.0038886070251464,0.7882484043030127,46,False,0,0,0,0,grand,0-15,0.0005035400390625,0.05,0.3960596998504068,0.1953401848176311,0.2161854321781788,-0.2007195150327757,-0.14151294659019625,Q3
val,P0761,41,val:P0761:41,harbor,7,0,3057.5,64.0,82.0,71.16881561279297,43.08131790161133,70.78732818281438,661.0,779.0,701.0,795.0,678.0,861.0,637.0,846.0,1618,1364,GoogleEarth,0.133372619155,0.0013853948794536,1.6519646816591724,P0761__x594_y340,4,594,340,1024,1.0,3057.5,67.0,439.0,107.0,455.0,84.0,521.0,43.0,506.0,1,0.0,0.2843221127986908,12,43.0,0.0419921875,0.073486328125,0.0029158592224121,0.9753007546101892,46,False,0,0,0,0,grand,60-75,0.0005035400390625,0.05,0.3752268572388262,0.199136306460895,0.2188850884208333,-0.1760905507779311,-0.15426343257240976,Q3
val,P0761,42,val:P0761:42,harbor,7,0,2341.5,51.0,77.0,68.96376037597656,33.241539001464844,75.34324888423957,725.0,803.0,756.0,815.0,739.0,880.0,705.0,869.0,1618,1364,GoogleEarth,0.133372619155,0.001060965530741,2.074625978446352,P0761__x594_y340,5,594,340,1024,1.0,2341.5,131.0,463.0,162.0,475.0,145.0,540.0,111.0,529.0,1,0.0,0.2694634795188904,14,111.0,0.1083984375,0.134033203125,0.0022330284118652,1.1231832608350083,46,False,0,0,0,0,moyen,75-90,0.0005035400390625,0.05,0.3603516406888156,0.1899107590842096,0.2088766349099368,-0.170440881604606,-0.2861669817846326,Q2
val,P0761,43,val:P0761:43,harbor,7,0,4770.5,97.0,85.0,82.07923126220703,58.30952072143555,21.80140948635181,884.0,867.0,959.0,897.0,938.0,952.0,862.0,921.0,1618,1364,GoogleEarth,0.133372619155,0.0021615785028401,1.4076471603038463,P0761__x594_y340,6,594,340,1024,1.0,4770.5,290.0,527.0,365.0,557.0,344.0,612.0,268.0,581.0,1,0.0,0.0,-1,268.0,0.26171875,0.309326171875,0.004549503326416,0.8786499885972612,46,False,0,0,0,0,grand,15-30,0.0005035400390625,0.05,0.3685472400753231,0.1859253932005279,0.205322616362387,-0.1826218468747952,-0.0856427748920225,Q4
val,P0761,44,val:P0761:44,harbor,7,0,3350.5,72.0,78.0,60.74536895751953,55.54277801513672,70.3461759419467,975.0,902.0,1026.0,924.0,1006.0,980.0,954.0,959.0,1618,1364,GoogleEarth,0.133372619155,0.0015181571688011,1.0936681802441532,P0761__x594_y340,7,594,340,1024,1.0,3350.5,381.0,562.0,432.0,584.0,412.0,640.0,360.0,619.0,1,0.0,0.0,-1,360.0,0.3515625,0.386962890625,0.0031952857971191,0.7389176377353263,46,False,0,0,0,0,grand,60-75,0.0005035400390625,0.05,0.3853074079292846,0.1978664576659751,0.2181457949254111,-0.1874409502633095,0.15389754214244342,Q4
val,P0761,45,val:P0761:45,harbor,7,0,4194.5,83.0,88.0,67.779052734375,61.32699203491211,68.35556485928599,1160.0,977.0,1216.0,1002.0,1191.0,1065.0,1133.0,1037.0,1618,1364,GoogleEarth,0.133372619155,0.0019005850603003,1.1052075193218327,P0761__x594_y340,8,594,340,1024,1.0,4194.5,566.0,637.0,622.0,662.0,597.0,725.0,539.0,697.0,1,0.640886664390564,0.2921794652938843,11,299.0,0.2919921875,0.335693359375,0.004000186920166,0.7444140462761322,46,False,0,1,1,1,grand,60-75,0.0005035400390625,0.05,0.3759321544541716,0.1813121759486078,-0.8515335001327516,-0.1946199785055638,0.1916806000644395,Q4
val,P0761,46,val:P0761:46,harbor,7,0,2536.0,56.0,79.0,70.21395874023438,35.11410140991211,72.59729586864371,1314.0,1032.0,1347.0,1044.0,1326.0,1111.0,1291.0,1098.0,1618,1364,GoogleEarth,0.133372619155,0.0011490961289597,1.999594348736892,P0761__x594_y340,9,594,340,1024,1.0,2536.0,720.0,692.0,753.0,704.0,732.0,771.0,697.0,758.0,1,0.7099789977073669,0.3864185810089111,5,253.0,0.2470703125,0.285888671875,0.0024185180664062,1.0984770624377524,46,False,0,1,1,1,moyen,60-75,0.0005035400390625,0.05,0.3272764407357611,0.1798814033075974,-0.8555250998115731,-0.1473950374281637,-0.07612444597402832,Q4
val,P0761,47,val:P0761:47,harbor,7,0,2738.5,59.0,73.0,62.09669876098633,43.96589660644531,73.66395711028153,1391.0,1062.0,1434.0,1077.0,1417.0,1135.0,1375.0,1122.0,1618,1364,GoogleEarth,0.133372619155,0.0012408516361026,1.412383314204562,P0761__x594_y340,10,594,340,1024,1.0,2738.5,797.0,722.0,840.0,737.0,823.0,795.0,781.0,782.0,1,0.0,0.0,-1,184.0,0.1796875,0.208740234375,0.0026116371154785,0.8806151858921812,46,False,0,0,0,0,moyen,60-75,0.0005035400390625,0.05,0.383983949844084,0.189800098414911,0.2100097799856523,-0.1941838514291729,-0.09986753549591958,Q4
val,P0761,48,val:P0761:48,harbor,7,0,2697.0,54.0,75.0,68.65857696533203,39.81205749511719,76.80938928779315,1464.0,1078.0,1503.0,1089.0,1488.0,1153.0,1449.0,1145.0,1618,1364,GoogleEarth,0.133372619155,0.0012220474210585,1.7245674121151051,P0761__x594_y340,11,594,340,1024,1.0,2697.0,870.0,738.0,909.0,749.0,894.0,813.0,855.0,805.0,1,0.0,0.0,-1,115.0,0.1123046875,0.138671875,0.0025720596313476,1.0023096676657663,46,False,0,0,0,0,moyen,75-90,0.0005035400390625,0.05,0.3772197150340399,0.2078745860712112,0.2277282552835291,-0.1693451289628287,-0.2851005170522614,Q2
val,P0761,49,val:P0761:49,harbor,7,0,1818.0,41.0,60.0,55.57877349853516,32.38827133178711,80.53767779197437,1581.0,1111.0,1614.0,1117.0,1605.0,1171.0,1573.0,1166.0,1618,1364,GoogleEarth,0.133372619155,0.0008237605530161,1.7160154343892997,P0761__x594_y340,12,594,340,1024,1.0,1818.0,987.0,771.0,1020.0,777.0,1011.0,831.0,979.0,826.0,1,0.0,0.0,-1,4.0,0.00390625,0.024169921875,0.0017337799072265,0.9991658924451408,46,False,0,0,0,0,moyen,75-90,0.0005035400390625,0.05,0.3791755400413721,0.2015914940198147,0.2215481013904133,-0.1775840460215574,-0.34281424749327943,Q2
val,P0761,50,val:P0761:50,harbor,7,0,2222.5,47.0,70.0,63.95310592651367,32.75667953491211,80.09581678702612,1528.0,1094.0,1560.0,1101.0,1549.0,1164.0,1513.0,1156.0,1618,1364,GoogleEarth,0.133372619155,0.0010070450104941,1.9523683973631203,P0761__x594_y340,13,594,340,1024,1.0,2222.5,934.0,754.0,966.0,761.0,955.0,824.0,919.0,816.0,1,0.0,0.0,-1,58.0,0.056640625,0.07861328125,0.0021195411682128,1.0826076948065866,46,False,0,0,0,0,moyen,75-90,0.0005035400390625,0.05,0.3967246839890115,0.2080547438509204,0.2289349903766579,-0.1886699401380911,-0.37637828421539005,Q2
val,P0761,51,val:P0761:51,ship,1,0,1925.5,76.0,53.0,74.46475982666016,25.961509704589844,22.08717160322834,973.0,878.0,966.0,903.0,897.0,875.0,907.0,850.0,1618,1364,GoogleEarth,0.133372619155,0.0008724702666845,2.868275407477371,P0761__x594_y340,14,594,340,1024,1.0,1925.5,379.0,538.0,372.0,563.0,303.0,535.0,313.0,510.0,1,0.0,0.3479706048965454,7,303.0,0.2958984375,0.333740234375,0.0018362998962402,1.352808776575826,46,False,0,0,0,0,moyen,15-30,0.0005035400390625,0.1175656360584442,0.4781447861942852,0.3413990585440539,0.4051016954924525,-0.1367457276502313,-0.37470066065454755,Q2
val,P0761,52,val:P0761:52,ship,1,0,560.0,39.0,28.0,36.40055084228516,14.866068840026855,20.924501744921145,1016.0,902.0,1011.0,916.0,977.0,903.0,983.0,888.0,1618,1364,GoogleEarth,0.133372619155,0.0002537436246914,2.4485660085386365,P0761__x594_y340,15,594,340,1024,1.0,560.0,422.0,562.0,417.0,576.0,383.0,563.0,389.0,548.0,1,0.0,0.0,-1,383.0,0.3740234375,0.393310546875,0.0005340576171875,1.2379584949380424,46,False,0,0,0,0,petit,15-30,0.0005035400390625,0.1349191511486244,0.47658869133837,0.2894375260173467,0.3637669274458758,-0.1871511653210233,-0.34074100446592154,Q2
val,P0761,53,val:P0761:53,ship,1,0,383.5,22.0,32.0,28.460498809814453,13.0,68.96248897457819,964.0,931.0,951.0,925.0,961.0,899.0,973.0,904.0,1618,1364,GoogleEarth,0.133372619155,0.000173769071552,2.1892691392164965,P0761__x594_y340,16,594,340,1024,1.0,383.5,370.0,591.0,357.0,585.0,367.0,559.0,379.0,564.0,1,0.0,0.0,-1,357.0,0.3486328125,0.359619140625,0.0003657341003417,1.1597917805835751,46,False,1,0,0,0,tres petit,60-75,0.0005035400390625,0.1559257771277624,0.4513254374846849,0.2104027897777014,-1.590300496921111,-0.2409226477069834,-0.14106710010215692,Q3
val,P0761,54,val:P0761:54,small-vehicle,10,0,880.5,51.0,33.0,49.04079818725586,17.464248657226562,20.282559088916607,1294.0,1341.0,1299.0,1322.0,1345.0,1339.0,1338.0,1355.0,1618,1364,GoogleEarth,0.133372619155,0.0003989665384657,2.808068022265772,P0761__x594_y340,17,594,340,1024,1.0,880.5,700.0,1001.0,705.0,982.0,751.0,999.0,744.0,1015.0,1,0.0,0.3735901117324829,6,9.0,0.0087890625,0.024169921875,0.0008397102355957,1.3371219797595386,46,False,0,0,0,0,petit,15-30,0.0005035400390625,0.2555711312468804,0.431822774521526,0.2305052396855237,0.3787550451605355,-0.2013175348360022,-0.5183462180558357,Q1
val,P0761,56,val:P0761:56,small-vehicle,10,0,581.0,37.0,30.0,34.928497314453125,16.76305389404297,24.30454926593672,702.0,1136.0,708.0,1120.0,739.0,1134.0,734.0,1150.0,1618,1364,GoogleEarth,0.133372619155,0.0002632590106173,2.083659548864515,P0761__x594_y340,18,594,340,1024,1.0,581.0,108.0,796.0,114.0,780.0,145.0,794.0,140.0,810.0,1,0.0,0.0,-1,108.0,0.10546875,0.123779296875,0.000554084777832,1.1261170568915724,46,False,0,0,0,0,petit,15-30,0.0005035400390625,0.3159774311549077,0.5125277627834306,0.16977371285982,0.406530821844269,-0.3427540499236106,-0.4797674360374024,Q1
val,P0761,57,val:P0761:57,small-vehicle,10,0,547.5,38.0,25.0,35.735137939453125,14.866068840026855,17.92791976200724,598.0,1102.0,602.0,1086.0,636.0,1097.0,631.0,1111.0,1618,1364,GoogleEarth,0.133372619155,0.0002480797044974,2.403805493166852,P0761__x594_y340,19,594,340,1024,1.0,547.5,4.0,762.0,8.0,746.0,42.0,757.0,37.0,771.0,1,0.0,0.0,-1,4.0,0.00390625,0.022216796875,0.0005221366882324,1.2248940684107503,46,False,0,0,0,0,petit,15-30,0.0005035400390625,0.2732817054297712,0.4324849928413557,0.2060564555634674,0.3686920150361571,-0.2264285372778882,-0.45858514635683234,Q1
val,P0761,58,val:P0761:58,small-vehicle,10,0,491.5,37.0,25.0,35.735137939453125,13.34166431427002,20.556045219583467,1035.0,1251.0,1040.0,1237.0,1072.0,1249.0,1069.0,1262.0,1618,1364,GoogleEarth,0.133372619155,0.0002227053420282,2.678461779407193,P0761__x594_y340,20,594,340,1024,1.0,491.5,441.0,911.0,446.0,897.0,478.0,909.0,475.0,922.0,1,0.0,0.0,-1,102.0,0.099609375,0.111572265625,0.0004687309265136,1.302494670070386,46,False,1,0,0,0,tres petit,15-30,0.0005035400390625,0.2786372697120821,0.5109236452412576,0.2507077055874511,-1.1599796570004095,-0.2602159396538064,-0.5145654770348452,Q1
val,P0761,59,val:P0761:59,small-vehicle,10,0,772.0,29.0,46.0,42.72002029418945,18.027755737304688,74.6237487511738,1193.0,1257.0,1176.0,1251.0,1187.0,1211.0,1205.0,1216.0,1618,1364,GoogleEarth,0.133372619155,0.0003498037111817,2.369680448120853,P0761__x594_y340,21,594,340,1024,1.0,772.0,599.0,917.0,582.0,911.0,593.0,871.0,611.0,876.0,1,0.0,0.0,-1,107.0,0.1044921875,0.127197265625,0.0007362365722656,1.214817917352264,46,False,0,0,0,0,petit,60-75,0.0005035400390625,0.3300356729066829,0.4839969687090502,0.1805213268883224,0.4189463575846762,-0.3034756418207278,-0.3977290933286793,Q2
val,P0761,65,val:P0761:65,small-vehicle,10,0,690.0,40.0,31.0,36.40055084228516,18.97366523742676,20.924501744921145,1284.0,1318.0,1278.0,1336.0,1244.0,1323.0,1250.0,1305.0,1618,1364,GoogleEarth,0.133372619155,0.000312648394709,1.918477552269804,P0761__x594_y340,22,594,340,1024,1.0,690.0,690.0,978.0,684.0,996.0,650.0,983.0,656.0,965.0,1,0.0,0.0,-1,28.0,0.02734375,0.04248046875,0.0006580352783203,1.0710620941021662,46,False,0,0,0,0,petit,15-30,0.0005035400390625,0.3071999370186178,0.4633572372033476,0.1629315341415216,0.3683924191671835,-0.300425703061826,-0.48748588121440994,Q1
val,P0761,67,val:P0761:67,small-vehicle,10,0,811.0,31.0,47.0,42.05948257446289,19.313207626342773,71.9958383940866,1166.0,1199.0,1184.0,1206.0,1171.0,1246.0,1153.0,1239.0,1618,1364,GoogleEarth,0.133372619155,0.000367475142187,2.1777574905317496,P0761__x594_y340,23,594,340,1024,1.0,811.0,572.0,859.0,590.0,866.0,577.0,906.0,559.0,899.0,1,0.0,0.0,-1,118.0,0.115234375,0.13818359375,0.0007734298706054,1.1561757563708086,46,False,0,0,0,0,petit,60-75,0.0005035400390625,0.3424404476679547,0.4785667236448399,0.1626355425616087,0.4118610347664139,-0.3159311810832311,-0.3040835300824453,Q2
val,P0761,68,val:P0761:68,small-vehicle,10,0,696.0,42.0,36.0,39.96248245239258,17.8885440826416,31.70142966950572,1074.0,1261.0,1082.0,1245.0,1116.0,1266.0,1106.0,1281.0,1618,1364,GoogleEarth,0.133372619155,0.0003153670764022,2.233970650030191,P0761__x594_y340,24,594,340,1024,1.0,696.0,480.0,921.0,488.0,905.0,522.0,926.0,512.0,941.0,1,0.0,0.0,-1,83.0,0.0810546875,0.098388671875,0.0006637573242187,1.1737106856747073,46,False,0,0,0,0,petit,30-45,0.0005035400390625,0.3059509521040773,0.4887080946155745,0.1669052495868149,0.3823377284611698,-0.3218028450287595,-0.4739613284395274,Q1
val,P0761,69,val:P0761:69,small-vehicle,10,0,665.5,41.0,31.0,38.62641525268555,16.76305389404297,23.19859051364819,815.0,1173.0,821.0,1156.0,856.0,1171.0,851.0,1187.0,1618,1364,GoogleEarth,0.133372619155,0.0003015471111288,2.3042588478709174,P0761__x594_y340,25,594,340,1024,1.0,665.5,221.0,833.0,227.0,816.0,262.0,831.0,257.0,847.0,1,0.0,0.0,-1,177.0,0.1728515625,0.187744140625,0.0006346702575683,1.195212196376615,46,False,0,0,0,0,petit,15-30,0.0005035400390625,0.3157368303122707,0.4856570370794413,0.1579057256419499,0.3820005188430657,-0.3277513114374913,-0.41509568692593607,Q2
val,P0761,70,val:P0761:70,small-vehicle,10,0,603.0,41.0,28.0,37.336307525634766,16.155494689941406,20.37643521383639,860.0,1190.0,866.0,1175.0,901.0,1188.0,895.0,1203.0,1618,1364,GoogleEarth,0.133372619155,0.0002732275101588,2.311059379003775,P0761__x594_y340,26,594,340,1024,1.0,603.0,266.0,850.0,272.0,835.0,307.0,848.0,301.0,863.0,1,0.0,0.0,-1,161.0,0.1572265625,0.1708984375,0.0005750656127929,1.1972681922622803,46,False,0,0,0,0,petit,15-30,0.0005035400390625,0.3100808726150417,0.4902754276057791,0.1528168011614528,0.3731687618179753,-0.3374586264443263,-0.43894728974428604,Q1
val,P0761,79,val:P0761:79,ship,1,0,714.5,45.0,31.0,43.08131790161133,16.155494689941406,19.746836605426125,1355.0,1031.0,1349.0,1046.0,1310.0,1032.0,1315.0,1015.0,1618,1364,GoogleEarth,0.133372619155,0.0003237496782893,2.666666587958724,P0761__x594_y340,27,594,340,1024,1.0,714.5,761.0,691.0,755.0,706.0,716.0,692.0,721.0,675.0,1,0.0,0.0,-1,263.0,0.2568359375,0.279052734375,0.0006814002990722,1.2992829626644582,46,False,0,0,0,0,petit,15-30,0.0005035400390625,0.1162149779706802,0.4666389755802406,0.3020870298254677,0.3634486018317416,-0.1645519457547728,-0.3548952739755476,Q2
val,P0761,80,val:P0761:80,ship,1,0,890.0,44.0,51.0,50.21951675415039,16.401220321655273,51.519801751656985,1104.0,584.0,1117.0,574.0,1148.0,613.0,1133.0,625.0,1618,1364,GoogleEarth,0.133372619155,0.0004032711178131,3.061937817385654,P0761__x594_y340,28,594,340,1024,1.0,890.0,510.0,244.0,523.0,234.0,554.0,273.0,539.0,285.0,1,0.0,0.0,-1,234.0,0.228515625,0.2529296875,0.0008487701416015,1.401660154667226,46,False,0,0,0,0,petit,45-60,0.0005035400390625,0.113320554909774,0.4633864543798045,0.3753779284052848,0.4346002442475661,-0.0880085259745196,-0.22095497969064273,Q3
val,P0761,81,val:P0761:81,ship,1,0,1030.5,56.0,36.0,53.75872039794922,18.681541442871094,18.434948822922,1444.0,1062.0,1439.0,1080.0,1388.0,1063.0,1394.0,1044.0,1618,1364,GoogleEarth,0.133372619155,0.0004669335807937,2.877638366317124,P0761__x594_y340,29,594,340,1024,1.0,1030.5,850.0,722.0,845.0,740.0,794.0,723.0,800.0,704.0,1,0.7762502431869507,0.4525210559368133,2,174.0,0.169921875,0.197021484375,0.0009827613830566,1.3552262998463576,46,False,0,1,1,1,moyen,15-30,0.0005035400390625,0.1031102025294583,0.4755641998045194,0.3155993813883187,-0.7446919517546817,-0.1599648184162007,-0.3926323344011671,Q2
val,P0761,82,val:P0761:82,ship,1,0,970.0,50.0,34.0,47.12748718261719,20.615528106689453,17.28149837181664,1512.0,1074.0,1507.0,1094.0,1462.0,1080.0,1467.0,1060.0,1618,1364,GoogleEarth,0.133372619155,0.0004395202070547,2.286018914418446,P0761__x594_y340,30,594,340,1024,1.0,970.0,918.0,734.0,913.0,754.0,868.0,740.0,873.0,720.0,1,0.0,0.0,-1,106.0,0.103515625,0.1279296875,0.000925064086914,1.189676775660119,46,False,0,0,0,0,moyen,15-30,0.0005035400390625,0.1102877756651952,0.480236801012893,0.2065181137446687,0.2660477539222888,-0.2737186872682243,-0.3686211756178685,Q2
val,P0761,83,val:P0761:83,ship,1,0,903.0,51.0,26.0,50.63595581054688,18.027755737304688,9.272601777200292,1574.0,1086.0,1572.0,1104.0,1523.0,1096.0,1524.0,1078.0,1618,1364,GoogleEarth,0.133372619155,0.0004091615948149,2.808777562132501,P0761__x594_y340,31,594,340,1024,1.0,903.0,980.0,746.0,978.0,764.0,929.0,756.0,930.0,738.0,1,0.0,0.0,-1,44.0,0.04296875,0.068115234375,0.0008611679077148,1.3373082878212998,46,False,0,0,0,0,petit,0-15,0.0005035400390625,0.091114155456943,0.4949982151855441,0.3058376088814638,0.3554602810796425,-0.1891606063040802,-0.5035235421486569,Q1
val,P0761,84,val:P0761:84,ship,1,0,776.0,42.0,48.0,48.41487503051758,15.0,51.70983680775693,1132.0,444.0,1144.0,435.0,1174.0,473.0,1160.0,483.0,1618,1364,GoogleEarth,0.133372619155,0.0003516161656438,3.2276583353678387,P0761__x594_y340,32,594,340,1024,1.0,776.0,538.0,104.0,550.0,95.0,580.0,133.0,566.0,143.0,1,0.0,0.0,-1,95.0,0.0927734375,0.115966796875,0.0007400512695312,1.4416482547540028,46,False,0,0,0,0,petit,45-60,0.0005035400390625,0.0972977672453295,0.494097794141686,0.3990073804283661,0.4522637150495012,-0.0950904137133198,-0.3433481486945835,Q2
val,P0761,85,val:P0761:85,ship,1,0,2294.0,86.0,68.0,86.95401000976562,25.495098114013672,32.36663806472501,1035.0,465.0,1024.0,442.0,1095.0,397.0,1110.0,421.0,1618,1364,GoogleEarth,0.133372619155,0.0010394426340038,3.4106168025284185,P0761__x594_y340,33,594,340,1024,1.0,2294.0,441.0,125.0,430.0,102.0,501.0,57.0,516.0,81.0,1,0.0,0.0,-1,57.0,0.0556640625,0.089111328125,0.0021877288818359,1.4840145441975403,46,False,0,0,0,0,moyen,30-45,0.0005035400390625,0.0874315318646404,0.4969751132658224,0.412906895155909,0.4605211805149217,-0.0840682181099133,-0.48622638832178733,Q1
val,P0761,86,val:P0761:86,ship,1,0,727.5,45.0,39.0,43.60046005249024,16.401220321655273,35.537677791974374,1091.0,441.0,1101.0,455.0,1066.0,480.0,1056.0,467.0,1618,1364,GoogleEarth,0.133372619155,0.000329640155291,2.658366828651315,P0761__x594_y340,34,594,340,1024,1.0,727.5,497.0,101.0,507.0,115.0,472.0,140.0,462.0,127.0,1,0.442386656999588,0.3432101607322693,8,101.0,0.0986328125,0.117919921875,0.0006937980651855,1.2970168261467865,46,False,0,1,0,0,petit,30-45,0.0005035400390625,0.1050562911532915,0.4787848520409968,0.3868951706883907,0.4430991087892843,-0.0918896813526061,-0.41273479623493503,Q2
val,P0761,87,val:P0761:87,ship,1,0,522.5,35.0,35.0,34.65544509887695,14.866068840026855,42.61405596961119,1113.0,482.0,1123.0,471.0,1148.0,494.0,1138.0,506.0,1618,1364,GoogleEarth,0.133372619155,0.0002367518641094,2.3311774936469587,P0761__x594_y340,35,594,340,1024,1.0,522.5,519.0,142.0,529.0,131.0,554.0,154.0,544.0,166.0,1,0.0,0.0,-1,131.0,0.1279296875,0.144775390625,0.0004982948303222,1.2033258431857898,46,False,1,0,0,0,tres petit,30-45,0.0005035400390625,0.1178468149399535,0.4557012657466002,0.2280544868342799,-2.1628241271544466,-0.2276467789123202,-0.309206279737725,Q2
val,P0761,88,val:P0761:88,ship,1,0,860.5,49.0,41.0,47.70744323730469,17.0,33.02386755579664,1086.0,488.0,1094.0,503.0,1054.0,529.0,1045.0,512.0,1618,1364,GoogleEarth,0.133372619155,0.0003899042661553,2.8063201904296875,P0761__x594_y340,36,594,340,1024,1.0,860.5,492.0,148.0,500.0,163.0,460.0,189.0,451.0,172.0,1,0.0,0.0,-1,148.0,0.14453125,0.1640625,0.0008206367492675,1.336662893141426,46,False,0,0,0,0,petit,30-45,0.0005035400390625,0.1053840448231615,0.4779553556456991,0.3899976223818185,0.4462998471871877,-0.0879577332638806,-0.3938178257633327,Q2
val,P0761,89,val:P0761:89,ship,1,0,856.0,46.0,50.0,53.26349639892578,15.81138801574707,48.27048792318357,1096.0,506.0,1109.0,497.0,1142.0,534.0,1130.0,547.0,1618,1364,GoogleEarth,0.133372619155,0.0003878652548854,3.3686793560362287,P0761__x594_y340,37,594,340,1024,1.0,856.0,502.0,166.0,515.0,157.0,548.0,194.0,536.0,207.0,1,0.675128698348999,0.3100064992904663,10,157.0,0.1533203125,0.1767578125,0.0008163452148437,1.4744607565771062,46,False,0,1,1,1,petit,45-60,0.0005035400390625,0.0991987507138461,0.4776892133540528,0.4083345426174484,-0.6491837807204726,-0.0693546707366044,-0.2815559204309634,Q2
val,P0761,90,val:P0761:90,ship,1,0,2735.0,92.0,79.0,94.62557983398438,28.301942825317383,35.537677791974374,1076.0,529.0,1091.0,553.0,1014.0,608.0,999.0,582.0,1618,1364,GoogleEarth,0.133372619155,0.0012392657384483,3.343430534717124,P0761__x594_y340,38,594,340,1024,1.0,2735.0,482.0,189.0,497.0,213.0,420.0,268.0,405.0,242.0,1,0.7469066977500916,0.331665962934494,9,189.0,0.1845703125,0.22265625,0.002608299255371,1.468664481661925,46,False,0,1,1,1,moyen,30-45,0.0005035400390625,0.1005650488530863,0.4861874778751259,0.4089232359060488,-0.6485257005878315,-0.077264241969077,-0.33992413261606563,Q2
val,P0761,91,val:P0761:91,ship,1,0,1430.5,56.0,65.0,65.45991516113281,21.09502220153809,53.84181456019167,1076.0,603.0,1094.0,592.0,1132.0,644.0,1113.0,657.0,1618,1364,GoogleEarth,0.133372619155,0.0006481790270019,3.1030977135620166,P0761__x594_y340,39,594,340,1024,1.0,1430.5,482.0,263.0,500.0,252.0,538.0,304.0,519.0,317.0,1,0.0,0.0,-1,252.0,0.24609375,0.27734375,0.0013642311096191,1.4117422283268546,46,False,0,0,0,0,moyen,45-60,0.0005035400390625,0.1155128430350009,0.4685020517605074,0.3686890035783829,0.4298747466843498,-0.0998130481821245,-0.22237171241645745,Q3
val,P0761,93,val:P0761:93,ship,1,0,661.0,43.0,38.0,42.8018684387207,14.422204971313477,34.4389893088036,1055.0,602.0,1064.0,616.0,1029.0,640.0,1021.0,628.0,1618,1364,GoogleEarth,0.133372619155,0.0002995080998589,2.967775629583401,P0761__x594_y340,40,594,340,1024,1.0,661.0,461.0,262.0,470.0,276.0,435.0,300.0,427.0,288.0,1,0.0,0.0,-1,262.0,0.255859375,0.27490234375,0.0006303787231445,1.378205642860039,46,False,0,0,0,0,petit,30-45,0.0005035400390625,0.1128334282234609,0.4809467725773307,0.3643826826199168,0.4255514358950101,-0.1165640899574139,-0.3419698625110726,Q2
val,P0761,94,val:P0761:94,ship,1,0,1991.0,78.0,69.0,80.60397338867188,24.413110733032227,36.86989764584402,1054.0,631.0,1068.0,652.0,1004.0,700.0,990.0,680.0,1618,1364,GoogleEarth,0.133372619155,0.0009021492085011,3.30166746344252,P0761__x594_y340,41,594,340,1024,1.0,1991.0,460.0,291.0,474.0,312.0,410.0,360.0,396.0,340.0,1,0.8019713759422302,0.7129161953926086,1,291.0,0.2841796875,0.318115234375,0.0018987655639648,1.4590027297273678,46,False,0,1,1,1,moyen,30-45,0.0005035400390625,0.1106303843448439,0.4889500182637882,0.3703797244620721,-0.6931907583874617,-0.1185702938017161,-0.3474353000085425,Q2
val,P0761,95,val:P0761:95,ship,1,0,850.0,41.0,55.0,54.20331954956055,14.422204971313477,57.20046872738079,1074.0,641.0,1086.0,633.0,1115.0,678.0,1101.0,688.0,1618,1364,GoogleEarth,0.133372619155,0.0003851465731923,3.7583240327934457,P0761__x594_y340,42,594,340,1024,1.0,850.0,480.0,301.0,492.0,293.0,521.0,338.0,507.0,348.0,1,0.0,0.0,-1,293.0,0.2861328125,0.3125,0.0008106231689453,1.5598955122927431,46,False,0,0,0,0,petit,45-60,0.0005035400390625,0.1068852137113083,0.4625350847257957,0.3853847644576594,0.4407395319958092,-0.0771503202681362,-0.20535374462407124,Q3
val,P0761,96,val:P0761:96,ship,1,0,1920.0,58.0,79.0,75.59100341796875,24.1867733001709,60.35013649242442,1054.0,692.0,1075.0,680.0,1112.0,745.0,1089.0,759.0,1618,1364,GoogleEarth,0.133372619155,0.0008699781417991,3.125303341617488,P0761__x594_y340,43,594,340,1024,1.0,1920.0,460.0,352.0,481.0,340.0,518.0,405.0,495.0,419.0,1,0.0121118864044547,0.7143869996070862,0,340.0,0.33203125,0.3701171875,0.0018310546875,1.4171395544447205,46,False,0,0,0,0,moyen,60-75,0.0005035400390625,0.1266802664748976,0.480981816773626,0.3704419410896807,0.4402112390677756,-0.1105398756839452,-0.23272696579432747,Q3
val,P0761,97,val:P0761:97,ship,1,0,553.5,34.0,40.0,39.40811920166016,14.21267032623291,54.63753811293095,1091.0,692.0,1103.0,684.0,1125.0,715.0,1114.0,724.0,1618,1364,GoogleEarth,0.133372619155,0.0002507983861905,2.772745606356813,P0761__x594_y340,44,594,340,1024,1.0,553.5,497.0,352.0,509.0,344.0,531.0,375.0,520.0,384.0,1,0.0,0.0,-1,344.0,0.3359375,0.355224609375,0.0005278587341308,1.3278030139427384,46,False,0,0,0,0,petit,45-60,0.0005035400390625,0.1321630723307418,0.459347860972779,0.3558210101780701,0.4257751947018401,-0.1035268507947089,-0.1992047359702498,Q3
val,P0761,98,val:P0761:98,ship,1,0,2100.0,80.0,72.0,84.0238037109375,24.413110733032227,38.23382517744693,1054.0,673.0,1068.0,693.0,1002.0,745.0,988.0,723.0,1618,1364,GoogleEarth,0.133372619155,0.0009515385925928,3.4417491744404725,P0761__x594_y340,45,594,340,1024,1.0,2100.0,460.0,333.0,474.0,353.0,408.0,405.0,394.0,383.0,1,0.7988442778587341,0.2709970772266388,13,333.0,0.3251953125,0.35986328125,0.0020027160644531,1.4910482570702877,46,False,0,1,1,1,moyen,30-45,0.0005035400390625,0.1122777962079438,0.4926823008752355,0.3886942854623249,-0.6754705095509086,-0.1039880154129106,-0.31493655366696943,Q2
val,P0796,0,val:P0796:0,tennis-court,4,1,2051.0,26.0,83.0,83.0,24.0,90.0,572.0,1606.0,596.0,1606.0,596.0,1689.0,570.0,1687.0,596,2324,GoogleEarth,0.293042370809,0.0014807552357079,3.458333333333333,P0796__x0_y1024,0,0,1024,1024,1.0,2051.0,572.0,582.0,596.0,582.0,596.0,665.0,570.0,663.0,2,0.0,0.0,-1,359.0,0.3505859375,0.3916015625,0.0019559860229492,1.4947750041139605,134,False,0,0,0,0,moyen,75-90,0.0005035400390625,0.2658341466877478,0.522757802431791,0.5221314541360178,0.7114168502176477,-0.0006263482957732,-0.3477472702488725,Q2
val,P0796,1,val:P0796:1,ship,1,0,463.0,13.0,38.0,37.01351165771485,12.04159450531006,90.0,299.0,717.0,287.0,716.0,287.0,679.0,300.0,680.0,596,2324,GoogleEarth,0.293042370809,0.0003342709283923,3.073804855444415,P0796__x0_y0,0,0,0,1024,1.0,463.0,299.0,717.0,287.0,716.0,287.0,679.0,300.0,680.0,1,0.7701653242111206,0.3924084603786468,130,287.0,0.2802734375,0.286376953125,0.000441551208496,1.404577416668275,98,False,1,1,1,1,tres petit,75-90,0.0005035400390625,0.7113670791133352,0.4938233139627144,0.5910386672762098,0.6721102911471795,0.0972153533134953,-0.40280144549723057,Q2
val,P0796,10,val:P0796:10,ship,1,0,324.0,12.0,30.0,30.01666259765625,11.0,88.09084756700362,368.0,728.0,379.0,727.0,378.0,757.0,367.0,757.0,596,2324,GoogleEarth,0.293042370809,0.0002339174531298,2.728787508877841,P0796__x0_y0,9,0,0,1024,1.0,324.0,368.0,728.0,379.0,727.0,378.0,757.0,367.0,757.0,1,0.6270153522491455,0.3133481740951538,160,267.0,0.2607421875,0.275146484375,0.0003089904785156,1.31608311616675,98,False,1,1,1,1,tres petit,75-90,0.0005035400390625,0.7273260738397583,0.5056371171583557,0.5849453224317333,0.649966528268835,0.0793082052733775,-0.2191227415084559,Q3
val,P0796,100,val:P0796:100,ship,1,0,937.0,19.0,54.0,54.00925827026367,17.0,87.83892051177362,139.0,430.0,157.0,431.0,155.0,484.0,138.0,484.0,596,2324,GoogleEarth,0.293042370809,0.000676483498712,3.177015192368452,P0796__x0_y0,79,0,0,1024,1.0,937.0,139.0,430.0,157.0,431.0,155.0,484.0,138.0,484.0,1,0.7886488437652588,0.2716656923294067,182,138.0,0.134765625,0.143798828125,0.0008935928344726,1.4295969226567244,98,False,0,1,1,1,petit,75-90,0.0005035400390625,0.7153064136929964,0.5274298559014093,0.5960940549061445,-1.591261302755559,0.0686641990047352,-0.08254469828154849,Q4
val,P0796,101,val:P0796:101,ship,1,0,986.0,18.0,58.0,58.00862121582031,17.0,89.01223960036019,137.0,553.0,120.0,553.0,121.0,495.0,138.0,495.0,596,2324,GoogleEarth,0.293042370809,0.0007118599036606,3.412271836224724,P0796__x0_y0,80,0,0,1024,1.0,986.0,137.0,553.0,120.0,553.0,121.0,495.0,138.0,495.0,1,0.8199425935745239,0.3026500642299652,167,120.0,0.1171875,0.1259765625,0.0009403228759765,1.4843897124181724,98,False,0,1,1,1,moyen,75-90,0.0005035400390625,0.7072121433720694,0.5303702396807203,0.5801904712673805,-1.5541730682996684,0.0498202315866602,-0.14039514799712774,Q3
val,P0796,102,val:P0796:102,ship,1,0,907.5,17.0,56.0,56.0,16.031219482421875,90.0,147.0,497.0,163.0,496.0,163.0,552.0,146.0,551.0,596,2324,GoogleEarth,0.293042370809,0.000655185458998,3.4931840376462704,P0796__x0_y0,81,0,0,1024,1.0,907.5,147.0,497.0,163.0,496.0,163.0,552.0,146.0,551.0,1,0.6973004341125488,0.6080741286277771,49,146.0,0.142578125,0.151123046875,0.0008654594421386,1.5025615902209393,98,False,0,1,1,1,petit,75-90,0.0005035400390625,0.7026750729061005,0.5096932457619204,0.5871169846059201,-1.5716366310026015,0.0774237388439996,-0.21021511081355435,Q3
val,P0796,103,val:P0796:103,ship,1,0,980.0,20.0,56.0,56.080299377441406,17.0,86.93351449887412,212.0,555.0,194.0,555.0,197.0,499.0,214.0,499.0,596,2324,GoogleEarth,0.293042370809,0.000707528098973,3.2988411398494946,P0796__x0_y0,82,0,0,1024,1.0,980.0,212.0,555.0,194.0,555.0,197.0,499.0,214.0,499.0,1,0.6943898797035217,0.4851511120796203,97,194.0,0.189453125,0.199462890625,0.0009346008300781,1.458345484016647,98,False,0,1,1,1,moyen,75-90,0.0005035400390625,0.704148700650764,0.5123344584846583,0.6008182428985203,-1.5598630120613484,0.0884837844138619,-0.11035377667292041,Q4
val,P0796,104,val:P0796:104,ship,1,0,721.0,16.0,47.0,47.0,15.0,90.0,251.0,483.0,236.0,483.0,236.0,436.0,252.0,437.0,596,2324,GoogleEarth,0.293042370809,0.0005205385299587,3.1333333333333333,P0796__x0_y0,83,0,0,1024,1.0,721.0,251.0,483.0,236.0,483.0,236.0,436.0,252.0,437.0,1,0.7273032069206238,0.5258058905601501,80,236.0,0.23046875,0.238037109375,0.0006875991821289,1.4190841839428814,98,False,0,1,1,1,petit,75-90,0.0005035400390625,0.7123402244881525,0.4988923549825456,0.5957459077620734,-1.6451614513197017,0.0968535527795277,-0.33646566238476955,Q2
val,P0796,105,val:P0796:105,ship,1,0,581.5,15.0,42.0,42.01190185546875,14.0,88.63607246839707,284.0,276.0,270.0,276.0,271.0,234.0,285.0,235.0,596,2324,GoogleEarth,0.293042370809,0.0004198240709722,3.000850132533482,P0796__x0_y0,84,0,0,1024,1.0,581.5,284.0,276.0,270.0,276.0,271.0,234.0,285.0,235.0,1,0.5352383255958557,0.5435973405838013,73,234.0,0.228515625,0.249267578125,0.0005545616149902,1.3865068716712945,98,False,0,1,1,0,petit,75-90,0.0005035400390625,0.7163278802579408,0.5121122271302847,0.5878890764745851,-1.6441234824660578,0.0757768493443004,-0.26475806951494324,Q2
val,P0796,106,val:P0796:106,ship,1,0,1058.5,19.0,65.0,64.07027435302734,16.031219482421875,88.21008939175394,234.0,560.0,218.0,559.0,220.0,495.0,237.0,496.0,596,2324,GoogleEarth,0.293042370809,0.0007642025436357,3.9965939224573632,P0796__x0_y0,85,0,0,1024,1.0,1058.5,234.0,560.0,218.0,559.0,220.0,495.0,237.0,496.0,1,0.7256335020065308,0.8227572441101074,6,218.0,0.212890625,0.221923828125,0.001009464263916,1.6087564647928607,98,False,0,1,1,1,moyen,75-90,0.0005035400390625,0.6727541274164782,0.515663067738149,0.6054988208368219,-1.3902040971770109,0.0898357530986729,0.30383465390568304,Q4
val,P0796,107,val:P0796:107,ship,1,0,920.0,20.0,53.0,53.0848388671875,17.029386520385742,87.7974018382342,321.0,491.0,304.0,490.0,306.0,438.0,324.0,438.0,596,2324,GoogleEarth,0.293042370809,0.0006642100520971,3.117249044975288,P0796__x0_y0,86,0,0,1024,1.0,920.0,321.0,491.0,304.0,490.0,306.0,438.0,324.0,438.0,1,0.73564612865448,0.6977019906044006,27,304.0,0.296875,0.306396484375,0.0008773803710937,1.4151852328152137,98,False,0,1,1,1,petit,75-90,0.0005035400390625,0.7051658439924351,0.5064736310089596,0.5891147759559218,-1.5912706421879634,0.0826411449469621,-0.23830117410689855,Q3
val,P0796,108,val:P0796:108,ship,1,0,241.0,12.0,23.0,22.022714614868164,11.045360565185549,87.3974377975002,412.0,466.0,401.0,465.0,400.0,443.0,411.0,444.0,596,2324,GoogleEarth,0.293042370809,0.0001739941549515,1.9938429791312309,P0796__x0_y0,87,0,0,1024,1.0,241.0,412.0,466.0,401.0,465.0,400.0,443.0,411.0,444.0,1,0.0,0.7313129305839539,17,400.0,0.390625,0.396484375,0.0002298355102539,1.0965578394421909,98,False,1,0,0,0,tres petit,75-90,0.0005035400390625,0.7579781826259188,0.4990582491375889,0.4156156598233213,-0.6317639913676536,-0.0834425893142675,-0.40638168697146965,Q2
val,P0796,109,val:P0796:109,ship,1,0,975.0,21.0,54.0,53.0848388671875,18.11077117919922,87.7974018382342,370.0,493.0,352.0,491.0,354.0,439.0,373.0,440.0,596,2324,GoogleEarth,0.293042370809,0.0007039182617334,2.931119737637516,P0796__x0_y0,88,0,0,1024,1.0,975.0,370.0,493.0,352.0,491.0,354.0,439.0,373.0,440.0,1,0.7133697867393494,0.4541789889335632,112,352.0,0.34375,0.353759765625,0.000929832458496,1.3689243058174791,98,False,0,1,1,1,moyen,75-90,0.0005035400390625,0.7105825098088051,0.5057965298406354,0.5833873039020412,-1.6299890609820258,0.0775907740614058,-0.2597789967790452,Q2
val,P0796,11,val:P0796:11,ship,1,0,527.0,14.0,40.0,39.0128173828125,13.03840446472168,88.53119928561418,354.0,676.0,368.0,677.0,367.0,716.0,354.0,715.0,596,2324,GoogleEarth,0.293042370809,0.00038047684506,2.992146584221283,P0796__x0_y0,10,0,0,1024,1.0,527.0,354.0,676.0,368.0,677.0,367.0,716.0,354.0,715.0,1,0.0,0.8599015474319458,3,308.0,0.30078125,0.3203125,0.000502586364746,1.3843290772693828,98,False,1,0,0,0,tres petit,75-90,0.0005035400390625,0.7110211232736265,0.5081512009203378,0.5813145327912514,-0.7444136904752153,0.0731633318709136,-0.2659985158673989,Q2
val,P0796,110,val:P0796:110,ship,1,0,632.0,17.0,43.0,42.04759216308594,15.033296585083008,87.27368900609373,349.0,282.0,334.0,281.0,336.0,239.0,351.0,240.0,596,2324,GoogleEarth,0.293042370809,0.0004562834270928,2.796964187136987,P0796__x0_y0,89,0,0,1024,1.0,632.0,349.0,282.0,334.0,281.0,336.0,239.0,351.0,240.0,1,0.6744072437286377,0.4557395279407501,111,239.0,0.2333984375,0.25439453125,0.0006027221679687,1.3342018493213257,98,False,0,1,1,1,petit,75-90,0.0005035400390625,0.7245645590732825,0.5133532705418563,0.580608040448792,-1.6995720691548584,0.0672547699069356,-0.20723443809766742,Q3
val,P0796,111,val:P0796:111,ship,1,0,500.0,13.0,40.0,40.01249694824219,12.0,90.0,379.0,302.0,391.0,302.0,391.0,342.0,378.0,342.0,596,2324,GoogleEarth,0.293042370809,0.0003609837239658,3.334374745686849,P0796__x0_y0,90,0,0,1024,1.0,500.0,379.0,302.0,391.0,302.0,391.0,342.0,378.0,342.0,1,0.5299443006515503,0.5131660103797913,85,302.0,0.294921875,0.314453125,0.0004768371582031,1.466577365847512,98,False,1,1,1,0,tres petit,75-90,0.0005035400390625,0.6966714603726444,0.4938997223524503,0.5852020922967098,0.6867019683165221,0.0913023699442595,-0.31829351573593884,Q2
val,P0796,112,val:P0796:112,ship,1,0,929.0,17.0,59.0,58.00862121582031,16.031219482421875,89.01223960036019,366.0,356.0,350.0,355.0,351.0,297.0,367.0,298.0,596,2324,GoogleEarth,0.293042370809,0.0006707077591285,3.6184783870887913,P0796__x0_y0,91,0,0,1024,1.0,929.0,366.0,356.0,350.0,355.0,351.0,297.0,367.0,298.0,1,0.7134279012680054,0.5264119505882263,79,297.0,0.2900390625,0.31884765625,0.0008859634399414,1.5300652974009057,98,False,0,1,1,1,petit,75-90,0.0005035400390625,0.6820669956542145,0.507289047538227,0.5906404113425648,-1.466380641765924,0.0833513638043378,-0.06788122405881193,Q4
val,P0796,113,val:P0796:113,ship,1,0,561.0,15.0,44.0,43.046485900878906,13.03840446472168,87.33699923393286,332.0,297.0,345.0,298.0,343.0,341.0,330.0,340.0,596,2324,GoogleEarth,0.293042370809,0.0004050237382896,3.301514845420757,P0796__x0_y0,92,0,0,1024,1.0,561.0,332.0,297.0,345.0,298.0,343.0,341.0,330.0,340.0,1,0.6303954124450684,0.8362422585487366,4,297.0,0.2900390625,0.3115234375,0.0005350112915039,1.4589672502928284,98,False,0,1,1,1,petit,75-90,0.0005035400390625,0.695376877110614,0.5069548679177327,0.5893961156093358,-1.5361001401245171,0.0824412476916031,-0.18267562236066542,Q3
val,P0796,114,val:P0796:114,ship,1,0,713.5,17.0,46.0,45.0111083984375,16.031219482421875,88.72696997994329,322.0,342.0,306.0,341.0,307.0,296.0,323.0,298.0,596,2324,GoogleEarth,0.293042370809,0.0005151237740992,2.8077158102533546,P0796__x0_y0,93,0,0,1024,1.0,713.5,322.0,342.0,306.0,341.0,307.0,296.0,323.0,298.0,1,0.6852177381515503,0.5573844313621521,67,296.0,0.2890625,0.30712890625,0.0006804466247558,1.3370294844838286,98,False,0,1,1,1,petit,75-90,0.0005035400390625,0.721526157094715,0.5087670012648751,0.5782359536533866,-1.6945495048215036,0.0694689523885115,-0.29880424381945514,Q2
val,P0796,115,val:P0796:115,ship,1,0,876.5,17.0,57.0,57.00876998901367,15.0,87.95459151111277,284.0,293.0,300.0,294.0,298.0,350.0,283.0,350.0,596,2324,GoogleEarth,0.293042370809,0.0006328044681121,3.800584665934245,P0796__x0_y0,94,0,0,1024,1.0,876.5,284.0,293.0,300.0,294.0,298.0,350.0,283.0,350.0,1,0.779240071773529,0.5421098470687866,74,283.0,0.2763671875,0.284423828125,0.00083589553833,1.5687377158991374,98,False,0,1,1,1,petit,75-90,0.0005035400390625,0.6755946088075175,0.5074521691428059,0.599921047009509,-1.4258407564048992,0.0924688778667031,0.2341565226311186,Q4
val,P0796,116,val:P0796:116,ship,1,0,589.5,15.0,45.0,44.0113639831543,13.03840446472168,87.33699923393286,326.0,282.0,312.0,280.0,314.0,237.0,327.0,238.0,596,2324,GoogleEarth,0.293042370809,0.0004255998105557,3.3755176181439137,P0796__x0_y0,95,0,0,1024,1.0,589.5,326.0,282.0,312.0,280.0,314.0,237.0,327.0,238.0,1,0.6052928566932678,0.4700162708759308,104,237.0,0.2314453125,0.253173828125,0.0005621910095214,1.4760248255297888,98,False,0,1,1,1,petit,75-90,0.0005035400390625,0.6966807619513955,0.5091110958718823,0.5981978371091332,-1.5293035306302285,0.0890867412372509,-0.1316284217274955,Q4
val,P0796,117,val:P0796:117,ship,1,0,347.0,11.0,34.0,33.0151481628418,10.049875259399414,90.0,294.0,241.0,304.0,242.0,304.0,275.0,293.0,274.0,596,2324,GoogleEarth,0.293042370809,0.0002505227044323,3.28513014447254,P0796__x0_y0,96,0,0,1024,1.0,347.0,294.0,241.0,304.0,242.0,304.0,275.0,293.0,274.0,1,0.4717312455177307,0.6958457231521606,29,241.0,0.2353515625,0.251953125,0.0003309249877929,1.4551509236941302,98,False,1,1,0,0,tres petit,75-90,0.0005035400390625,0.704054466217144,0.4956704260452779,0.5960463859572087,-0.7462153402750302,0.1003759599119307,-0.2670408087033116,Q2
val,P0796,118,val:P0796:118,ship,1,0,299.5,11.0,29.0,29.017236709594727,10.049875259399414,88.02506598911803,242.0,1083.0,231.0,1083.0,232.0,1054.0,242.0,1055.0,596,2324,GoogleEarth,0.293042370809,0.0002162292506555,2.887323072239686,P0796__x0_y1024,18,0,1024,1024,1.0,299.5,242.0,59.0,231.0,59.0,232.0,30.0,242.0,31.0,1,0.6536656022071838,0.3559987545013428,174,30.0,0.029296875,0.043701171875,0.0002856254577636,1.3577207645055838,134,False,1,1,1,1,tres petit,75-90,0.0005035400390625,0.8412519511710448,0.5136918500280172,0.5393305198680542,0.5732385648425767,0.025638669840037,-0.16274781976683386,Q3
val,P0796,119,val:P0796:119,ship,1,0,548.0,16.0,40.0,39.051246643066406,14.03566837310791,87.06432655357882,197.0,1093.0,211.0,1094.0,209.0,1133.0,195.0,1132.0,596,2324,GoogleEarth,0.293042370809,0.0003956381614665,2.782286215730766,P0796__x0_y1024,19,0,1024,1024,1.0,548.0,197.0,69.0,211.0,70.0,209.0,109.0,195.0,108.0,1,0.7472503185272217,0.4116713106632232,138,69.0,0.0673828125,0.0869140625,0.0005226135253906,1.3303286457786077,134,False,0,1,1,1,petit,75-90,0.0005035400390625,0.8418362859003391,0.534655773726205,0.5546054499990567,-2.9222183736034677,0.0199496762728517,-0.2024701817937072,Q3
val,P0796,12,val:P0796:12,ship,1,0,320.0,12.0,30.0,29.017236709594727,11.045360565185549,88.02506598911803,331.0,712.0,320.0,711.0,321.0,682.0,332.0,683.0,596,2324,GoogleEarth,0.293042370809,0.0002310295833381,2.62709728110241,P0796__x0_y0,11,0,0,1024,1.0,320.0,331.0,712.0,320.0,711.0,321.0,682.0,332.0,683.0,1,0.0,0.7262174487113953,18,312.0,0.3046875,0.318359375,0.00030517578125,1.2884326813092646,98,False,1,0,0,0,tres petit,75-90,0.0005035400390625,0.7292118879624546,0.5025500160622729,0.5717522290319133,-0.7148665035038236,0.0692022129696403,-0.23261939705744364,Q3
val,P0796,120,val:P0796:120,ship,1,0,589.0,28.0,40.0,37.336307525634766,15.81138801574707,69.07549825507883,111.0,2288.0,96.0,2293.0,83.0,2259.0,98.0,2253.0,596,2324,GoogleEarth,0.293042370809,0.0004252388268317,2.3613554666073804,P0796__x0_y1300,11,0,1300,1024,1.0,589.0,111.0,988.0,96.0,993.0,83.0,959.0,98.0,953.0,1,0.0,0.9023065567016602,0,31.0,0.0302734375,0.049560546875,0.0005617141723632,1.2123443053068628,105,False,0,0,0,0,petit,60-75,0.0005035400390625,0.7663969736911457,0.3432960143165863,0.3051784219381231,1.431452471592811,-0.0381175923784631,-0.2316901051654127,Q3
val,P0796,121,val:P0796:121,ship,1,0,594.5,16.0,41.0,41.04875183105469,14.0,88.60281897270363,253.0,1511.0,239.0,1511.0,240.0,1470.0,255.0,1470.0,596,2324,GoogleEarth,0.293042370809,0.0004292096477954,2.932053702218192,P0796__x0_y1024,20,0,1024,1024,1.0,594.5,253.0,487.0,239.0,487.0,240.0,446.0,255.0,446.0,2,0.0,0.913001835346222,0,239.0,0.2333984375,0.240966796875,0.0005669593811035,1.369161859927715,134,False,0,0,0,0,petit,75-90,0.0005035400390625,0.8296838103155563,0.51143391984795,0.5880771290160647,3.079492913565084,0.0766432091681147,-0.2582188572350825,Q2
val,P0796,122,val:P0796:122,ship,1,0,396.0,12.0,33.0,33.0,12.0,90.0,134.0,1637.0,122.0,1637.0,122.0,1604.0,134.0,1604.0,596,2324,GoogleEarth,0.293042370809,0.0002858991093809,2.75,P0796__x0_y1024,21,0,1024,1024,1.0,396.0,134.0,613.0,122.0,613.0,122.0,580.0,134.0,580.0,2,0.8158129453659058,0.297823816537857,212,122.0,0.119140625,0.125,0.0003776550292968,1.3217558399823195,134,False,1,1,1,1,tres petit,75-90,0.0005035400390625,0.8431079211064324,0.5211943375580513,0.5499492777845763,0.5625546009209832,0.0287549402265249,-0.32823817443559583,Q2
val,P0796,123,val:P0796:123,ship,1,0,412.5,13.0,34.0,34.0,12.04159450531006,90.0,166.0,1637.0,154.0,1638.0,154.0,1604.0,167.0,1605.0,596,2324,GoogleEarth,0.293042370809,0.0002978115722718,2.8235463322574765,P0796__x0_y1024,22,0,1024,1024,1.0,412.5,166.0,613.0,154.0,614.0,154.0,580.0,167.0,581.0,2,0.665034830570221,0.3375727832317352,185,154.0,0.150390625,0.156494140625,0.0003933906555175,1.341178351189277,134,False,1,1,1,1,tres petit,75-90,0.0005035400390625,0.838979774953341,0.5059100486631758,0.5694312344884972,0.5767263647409258,0.0635211858253214,-0.3136894620345694,Q2
val,P0796,124,val:P0796:124,ship,1,0,358.0,13.0,32.0,31.06444931030273,11.045360565185549,88.15238973400541,180.0,1638.0,169.0,1637.0,170.0,1606.0,182.0,1607.0,596,2324,GoogleEarth,0.293042370809,0.0002584643463595,2.812443208799938,P0796__x0_y1024,23,0,1024,1024,1.0,358.0,180.0,614.0,169.0,613.0,170.0,582.0,182.0,583.0,2,0.0,0.8870877027511597,1,169.0,0.1650390625,0.171142578125,0.0003414154052734,1.3382702457701074,134,False,1,0,0,0,tres petit,75-90,0.0005035400390625,0.8372181222945765,0.5154136276061233,0.5785729893578838,-0.6279066507375296,0.0631593617517605,-0.15204919707265657,Q3
val,P0796,125,val:P0796:125,ship,1,0,402.5,13.0,34.0,34.01470184326172,12.0,88.26429541107161,248.0,1641.0,236.0,1640.0,237.0,1607.0,249.0,1607.0,596,2324,GoogleEarth,0.293042370809,0.0002905918977925,2.834558486938477,P0796__x0_y1024,24,0,1024,1024,1.0,402.5,248.0,617.0,236.0,616.0,237.0,583.0,249.0,583.0,2,0.871963381767273,0.357391208410263,173,236.0,0.23046875,0.23681640625,0.0003838539123535,1.3440543009265025,134,False,1,1,1,1,tres petit,75-90,0.0005035400390625,0.8330369452130132,0.5115743240650239,0.5824473943245119,0.57211447146615,0.0708730702594879,-0.19202493108295074,Q3
val,P0796,126,val:P0796:126,ship,1,0,423.0,14.0,33.0,33.0151481628418,13.0,88.26429541107161,281.0,1640.0,268.0,1640.0,269.0,1607.0,282.0,1608.0,596,2324,GoogleEarth,0.293042370809,0.0003053922304751,2.539626781757061,P0796__x0_y1024,25,0,1024,1024,1.0,423.0,281.0,616.0,268.0,616.0,269.0,583.0,282.0,584.0,2,0.7346271276473999,0.3409305512905121,182,268.0,0.26171875,0.2685546875,0.0004034042358398,1.2640212927054817,134,False,1,1,1,1,tres petit,75-90,0.0005035400390625,0.8418489523474341,0.503848254443014,0.5697971721601361,0.5769703148932722,0.0659489177171221,-0.22450915469348046,Q3
val,P0796,127,val:P0796:127,ship,1,0,397.0,12.0,35.0,35.0,11.0,88.31531568210372,298.0,1643.0,286.0,1642.0,287.0,1608.0,298.0,1608.0,596,2324,GoogleEarth,0.293042370809,0.0002866210768288,3.1818181818181817,P0796__x0_y1024,26,0,1024,1024,1.0,397.0,298.0,619.0,286.0,618.0,287.0,584.0,298.0,584.0,2,0.0,0.881953775882721,2,286.0,0.279296875,0.285400390625,0.0003786087036132,1.4307461236907244,134,False,1,0,0,0,tres petit,75-90,0.0005035400390625,0.8183709167741706,0.5059429381771191,0.6002587329990731,-0.6391642454575254,0.0943157948219539,-0.18481451906551033,Q3
val,P0796,128,val:P0796:128,ship,1,0,375.0,13.0,30.0,30.01666259765625,12.0,88.09084756700362,316.0,1643.0,303.0,1643.0,304.0,1613.0,316.0,1613.0,596,2324,GoogleEarth,0.293042370809,0.0002707377929743,2.5013885498046875,P0796__x0_y1024,27,0,1024,1024,1.0,375.0,316.0,619.0,303.0,619.0,304.0,589.0,316.0,589.0,2,0.0,0.8576573729515076,3,303.0,0.2958984375,0.302490234375,0.0003576278686523,1.2531596183350435,134,False,1,0,0,0,tres petit,75-90,0.0005035400390625,0.8413653429988943,0.5010046251534497,0.5359974315848443,-0.6020638967534294,0.0349928064313945,-0.24798871051933782,Q3
val,P0796,129,val:P0796:129,ship,1,0,660.0,16.0,44.0,44.0113639831543,15.0,88.69804732742112,217.0,1654.0,232.0,1654.0,231.0,1698.0,216.0,1698.0,596,2324,GoogleEarth,0.293042370809,0.0004764985156349,2.9340909322102866,P0796__x0_y1024,28,0,1024,1024,1.0,660.0,217.0,630.0,232.0,630.0,231.0,674.0,216.0,674.0,2,0.7211582660675049,0.7506486177444458,16,216.0,0.2109375,0.21875,0.0006294250488281,1.3696798341405785,134,False,0,1,1,1,petit,75-90,0.0005035400390625,0.8308984308017815,0.5187045032916577,0.5885275950256488,-2.776368691052923,0.069823091733991,-0.2553218020956715,Q3
val,P0796,13,val:P0796:13,ship,1,0,379.5,12.0,35.0,35.0142822265625,10.0,88.36342295838328,315.0,714.0,305.0,714.0,304.0,679.0,316.0,680.0,596,2324,GoogleEarth,0.293042370809,0.00027398664649,3.50142822265625,P0796__x0_y0,12,0,0,1024,1.0,379.5,315.0,714.0,305.0,714.0,304.0,679.0,316.0,680.0,1,0.0,0.8238286375999451,5,304.0,0.296875,0.302734375,0.0003619194030761,1.5043947292335034,98,False,1,0,0,0,tres petit,75-90,0.0005035400390625,0.6879767364062382,0.5064244428521989,0.5962287331631564,-0.7768365444906044,0.0898042903109574,-0.1621269946491275,Q3
val,P0796,130,val:P0796:130,ship,1,0,713.5,17.0,48.0,48.041648864746094,15.0,87.56335175318986,258.0,1651.0,273.0,1652.0,271.0,1699.0,256.0,1699.0,596,2324,GoogleEarth,0.293042370809,0.0005151237740992,3.2027765909830728,P0796__x0_y1024,29,0,1024,1024,1.0,713.5,258.0,627.0,273.0,628.0,271.0,675.0,256.0,675.0,2,0.8644700646400452,0.2546904981136322,250,256.0,0.25,0.25830078125,0.0006804466247558,1.4357453999547538,134,False,0,1,1,1,petit,75-90,0.0005035400390625,0.8186025596274924,0.5093997904513937,0.6005052530975366,-2.6134542518742894,0.0911054626461428,-0.14426355661144413,Q3
val,P0796,131,val:P0796:131,ship,1,0,591.5,13.0,46.0,46.0,13.0,90.0,320.0,1655.0,333.0,1655.0,333.0,1701.0,320.0,1700.0,596,2324,GoogleEarth,0.293042370809,0.0004270437454516,3.5384615384615383,P0796__x0_y1024,30,0,1024,1024,1.0,591.5,320.0,631.0,333.0,631.0,333.0,677.0,320.0,676.0,2,0.6932931542396545,0.4588537216186523,115,320.0,0.3125,0.31884765625,0.0005640983581542,1.5125880864441827,134,False,0,1,1,1,petit,75-90,0.0005035400390625,0.8057864141764381,0.4956471658516864,0.5852020922967098,-2.5073428755784946,0.0895549264450234,-0.3129488355849433,Q2
val,P0796,132,val:P0796:132,ship,1,0,489.5,17.0,35.0,34.13209533691406,14.142135620117188,84.95754893082909,334.0,1645.0,319.0,1644.0,322.0,1610.0,336.0,1612.0,596,2324,GoogleEarth,0.293042370809,0.0003534030657625,2.4135036075004934,P0796__x0_y1024,31,0,1024,1024,1.0,489.5,334.0,621.0,319.0,620.0,322.0,586.0,336.0,588.0,2,0.0,0.8258869647979736,4,319.0,0.3115234375,0.320068359375,0.0004668235778808,1.2277392147089463,134,False,1,0,0,0,tres petit,75-90,0.0005035400390625,0.8414336874636077,0.4919988372440277,0.4932965945258134,-0.5849594866048857,0.0012977572817856,-0.2857609053455359,Q2
val,P0796,133,val:P0796:133,ship,1,0,438.0,13.0,36.0,35.0142822265625,12.04159450531006,88.36342295838328,338.0,1609.0,351.0,1610.0,350.0,1645.0,338.0,1644.0,596,2324,GoogleEarth,0.293042370809,0.000316221742194,2.907777886983492,P0796__x0_y1024,32,0,1024,1024,1.0,438.0,338.0,585.0,351.0,586.0,350.0,621.0,338.0,620.0,2,0.8710929155349731,0.4681566059589386,106,338.0,0.330078125,0.336181640625,0.0004177093505859,1.362968897095404,134,False,1,1,1,1,tres petit,75-90,0.0005035400390625,0.8250859082234357,0.505861608258575,0.586212106015328,0.5818593586651095,0.080350497756753,-0.25572902988087354,Q3
val,P0796,134,val:P0796:134,ship,1,0,616.0,16.0,42.0,41.01219177246094,15.033296585083008,88.60281897270363,274.0,1513.0,259.0,1512.0,260.0,1471.0,275.0,1472.0,596,2324,GoogleEarth,0.293042370809,0.0004447319479259,2.7280903786037083,P0796__x0_y1024,33,0,1024,1024,1.0,616.0,274.0,489.0,259.0,488.0,260.0,447.0,275.0,448.0,2,0.7144603133201599,0.313597708940506,202,259.0,0.2529296875,0.2607421875,0.0005874633789062,1.3158961397171731,134,False,0,1,1,1,petit,75-90,0.0005035400390625,0.8357582819729238,0.5105257874730852,0.5838036487574616,-2.906928498017236,0.0732778612843764,-0.2633719591861512,Q2
val,P0796,135,val:P0796:135,ship,1,0,596.0,16.0,43.0,43.011627197265625,13.0,88.66778014613037,57.0,1648.0,70.0,1648.0,69.0,1691.0,54.0,1690.0,596,2324,GoogleEarth,0.293042370809,0.0004302925989672,3.308586707481972,P0796__x0_y1024,34,0,1024,1024,1.0,596.0,57.0,624.0,70.0,624.0,69.0,667.0,54.0,666.0,2,0.5525996685028076,0.2923401296138763,216,54.0,0.052734375,0.06103515625,0.0005683898925781,1.4606099402443946,134,False,0,1,1,0,petit,75-90,0.0005035400390625,0.8271210309579633,0.5296287809614513,0.5625604331403775,-2.68788061113446,0.0329316521789262,-0.14818907928903705,Q3
val,P0796,136,val:P0796:136,ship,1,0,637.5,15.0,46.0,46.010868072509766,14.0,88.72696997994329,293.0,1512.0,279.0,1511.0,280.0,1466.0,294.0,1466.0,596,2324,GoogleEarth,0.293042370809,0.0004602542480564,3.2864905766078403,P0796__x0_y1024,35,0,1024,1024,1.0,637.5,293.0,488.0,279.0,487.0,280.0,442.0,294.0,442.0,2,0.7432494759559631,0.26085165143013,240,279.0,0.2724609375,0.27978515625,0.0006079673767089,1.455468350745791,134,False,0,1,1,1,petit,75-90,0.0005035400390625,0.8154744025411005,0.5091661511773783,0.5987985028722685,-2.570344668197692,0.0896323516948902,-0.22529876354910988,Q3
val,P0796,137,val:P0796:137,ship,1,0,698.0,18.0,42.0,41.01219177246094,17.029386520385742,88.60281897270363,316.0,1514.0,299.0,1513.0,300.0,1472.0,317.0,1473.0,596,2324,GoogleEarth,0.293042370809,0.0005039332786563,2.408318803696514,P0796__x0_y1024,36,0,1024,1024,1.0,698.0,316.0,490.0,299.0,489.0,300.0,448.0,317.0,449.0,2,0.7859914302825928,0.4452134072780609,122,299.0,0.2919921875,0.30078125,0.0006656646728515,1.2262191502775417,134,False,0,1,1,1,petit,75-90,0.0005035400390625,0.8452490573236354,0.5038525278551249,0.506789029219523,-3.2031665669864267,0.002936501364398,-0.3010387425378811,Q2
val,P0796,138,val:P0796:138,ship,1,0,631.0,16.0,43.0,42.01190185546875,15.033296585083008,88.63607246839707,323.0,1469.0,338.0,1470.0,337.0,1512.0,322.0,1511.0,596,2324,GoogleEarth,0.293042370809,0.0004555614596449,2.7945901032216467,P0796__x0_y1024,37,0,1024,1024,1.0,631.0,323.0,445.0,338.0,446.0,337.0,488.0,322.0,487.0,2,0.8349649906158447,0.5995995998382568,56,322.0,0.314453125,0.322265625,0.0006017684936523,1.3335763953228608,134,False,0,1,1,1,petit,75-90,0.0005035400390625,0.8301031371702908,0.5093991701584862,0.577606456529215,-2.819431847574036,0.0682072863707288,-0.29648580262448676,Q2
val,P0796,139,val:P0796:139,ship,1,0,617.0,16.0,43.0,43.011627197265625,14.0,87.27368900609373,344.0,1470.0,358.0,1470.0,360.0,1512.0,345.0,1513.0,596,2324,GoogleEarth,0.293042370809,0.0004454539153738,3.072259085518973,P0796__x0_y1024,38,0,1024,1024,1.0,617.0,344.0,446.0,358.0,446.0,360.0,488.0,345.0,489.0,2,0.6655390858650208,0.3308285176753998,187,344.0,0.3359375,0.343505859375,0.0005884170532226,1.404197903333934,134,False,0,1,1,1,petit,75-90,0.0005035400390625,0.8179787871913546,0.5080450017043732,0.5899510057257995,-2.620828422942356,0.0819060040214263,-0.26947337666532933,Q2
val,P0796,14,val:P0796:14,ship,1,0,221.0,9.0,26.0,26.01922416687012,8.0,90.0,305.0,726.0,314.0,726.0,314.0,752.0,306.0,752.0,596,2324,GoogleEarth,0.293042370809,0.0001595548059929,3.2524030208587646,P0796__x0_y0,13,0,0,1024,1.0,221.0,305.0,726.0,314.0,726.0,314.0,752.0,306.0,752.0,1,0.0,0.741524338722229,16,272.0,0.265625,0.2783203125,0.0002107620239257,1.4474842398211971,98,False,1,0,0,0,tres petit,75-90,0.0005035400390625,0.7034655749072082,0.4942091848813121,0.5943018368793747,-0.7447274189169457,0.1000926519980625,-0.3107565615133321,Q2
val,P0796,140,val:P0796:140,ship,1,0,518.5,17.0,37.0,36.12478256225586,14.142135620117188,85.23635830927383,353.0,1563.0,338.0,1562.0,341.0,1526.0,355.0,1528.0,596,2324,GoogleEarth,0.293042370809,0.0003743401217525,2.554407872518798,P0796__x0_y1024,39,0,1024,1024,1.0,518.5,353.0,539.0,338.0,538.0,341.0,502.0,355.0,504.0,2,0.7590214610099792,0.3656417727470398,166,338.0,0.330078125,0.338623046875,0.0004944801330566,1.2681884875028522,134,False,1,1,1,1,tres petit,75-90,0.0005035400390625,0.8353942634079589,0.4945841165629706,0.5330598118535146,0.5974215829982483,0.038475695290544,-0.26429213622825787,Q2
val,P0796,141,val:P0796:141,ship,1,0,360.0,12.0,30.0,30.0,12.0,90.0,322.0,1523.0,334.0,1523.0,334.0,1553.0,322.0,1553.0,596,2324,GoogleEarth,0.293042370809,0.0002599082812554,2.5,P0796__x0_y1024,40,0,1024,1024,1.0,360.0,322.0,499.0,334.0,499.0,334.0,529.0,322.0,529.0,2,0.0,0.8205502033233643,5,322.0,0.314453125,0.3203125,0.0003433227539062,1.252762968495368,134,False,1,0,0,0,tres petit,75-90,0.0005035400390625,0.8418898909432213,0.48715179975714,0.5267290595774051,-0.5860735114311607,0.039577259820265,-0.39435987012271007,Q2
val,P0796,142,val:P0796:142,ship,1,0,408.0,13.0,34.0,34.01470184326172,12.0,88.3153156821037,318.0,1558.0,306.0,1558.0,305.0,1524.0,317.0,1524.0,596,2324,GoogleEarth,0.293042370809,0.0002945627187561,2.834558486938477,P0796__x0_y1024,41,0,1024,1024,1.0,408.0,318.0,534.0,306.0,534.0,305.0,500.0,317.0,500.0,2,0.0,0.8198464512825012,6,305.0,0.2978515625,0.30419921875,0.0003890991210937,1.3440543009265025,134,False,1,0,0,0,tres petit,75-90,0.0005035400390625,0.8294181972746781,0.5054453380882092,0.5791123801851636,-0.6245481430629863,0.0736670420969544,-0.2439195652151697,Q3
val,P0796,143,val:P0796:143,ship,1,0,384.0,12.0,32.0,32.0,12.0,90.0,289.0,1521.0,301.0,1521.0,301.0,1553.0,289.0,1553.0,596,2324,GoogleEarth,0.293042370809,0.0002772355000057,2.6666666666666665,P0796__x0_y1024,42,0,1024,1024,1.0,384.0,289.0,497.0,301.0,497.0,301.0,529.0,289.0,529.0,2,0.0,0.8105610609054565,7,289.0,0.2822265625,0.2880859375,0.0003662109375,1.2992829841302609,134,False,1,0,0,0,tres petit,75-90,0.0005035400390625,0.8375425443470347,0.4866994502936633,0.5694278953621557,-0.5971509224997467,0.0827284450684923,-0.3559192106795161,Q2
val,P0796,144,val:P0796:144,ship,1,0,362.5,12.0,32.0,32.015621185302734,11.045360565185549,88.21008939175394,272.0,1522.0,283.0,1521.0,284.0,1553.0,272.0,1553.0,596,2324,GoogleEarth,0.293042370809,0.0002617131998752,2.8985582676417514,P0796__x0_y1024,43,0,1024,1024,1.0,362.5,272.0,498.0,283.0,497.0,284.0,529.0,272.0,529.0,2,0.0,0.7972702383995056,8,272.0,0.265625,0.271240234375,0.0003457069396972,1.3606068098253132,134,False,1,0,0,0,tres petit,75-90,0.0005035400390625,0.8288866236226309,0.5076554078244595,0.5849580740896931,-0.6284127565909667,0.0773026662652336,-0.2492642157430985,Q3
val,P0796,145,val:P0796:145,ship,1,0,297.0,12.0,27.0,27.073972702026367,10.0,85.76360520094116,256.0,1524.0,268.0,1524.0,266.0,1551.0,256.0,1551.0,596,2324,GoogleEarth,0.293042370809,0.0002144243320357,2.7073972702026365,P0796__x0_y1024,44,0,1024,1024,1.0,297.0,256.0,500.0,268.0,500.0,266.0,527.0,256.0,527.0,2,0.0,0.796997606754303,9,256.0,0.25,0.25537109375,0.0002832412719726,1.3103300860021303,134,False,1,0,0,0,tres petit,75-90,0.0005035400390625,0.8346425859659774,0.4978053912712136,0.5544358723264631,-0.6076489142799216,0.0566304810552494,-0.20503664452798398,Q3
val,P0796,146,val:P0796:146,ship,1,0,332.0,12.0,34.0,33.060550689697266,10.049875259399414,86.53177074108285,239.0,1521.0,249.0,1522.0,247.0,1555.0,237.0,1554.0,596,2324,GoogleEarth,0.293042370809,0.0002396931927133,3.289647864910214,P0796__x0_y1024,45,0,1024,1024,1.0,332.0,239.0,497.0,249.0,498.0,247.0,531.0,237.0,530.0,2,0.6544837951660156,0.2731176912784576,231,237.0,0.2314453125,0.2373046875,0.0003166198730468,1.4562046467994387,134,False,1,1,1,1,tres petit,75-90,0.0005035400390625,0.816032612454842,0.5058311071083071,0.6023962241877123,0.583805173106321,0.0965651170794051,-0.12091143373286918,Q4
val,P0796,147,val:P0796:147,ship,1,0,366.0,12.0,31.0,31.0,12.0,90.0,205.0,1520.0,217.0,1520.0,217.0,1551.0,205.0,1550.0,596,2324,GoogleEarth,0.293042370809,0.000264240085943,2.583333333333333,P0796__x0_y1024,46,0,1024,1024,1.0,366.0,205.0,496.0,217.0,496.0,217.0,527.0,205.0,526.0,2,0.6306350231170654,0.4773635864257812,96,205.0,0.2001953125,0.2060546875,0.0003490447998046,1.276293465905562,134,False,1,1,1,1,tres petit,75-90,0.0005035400390625,0.8447397004959298,0.5007299273873664,0.5653019485658524,0.5791661040408695,0.0645720211784859,-0.33110405831678935,Q2
val,P0796,148,val:P0796:148,ship,1,0,581.5,15.0,42.0,42.01190185546875,14.0,88.63607246839707,116.0,1651.0,130.0,1651.0,129.0,1693.0,115.0,1692.0,596,2324,GoogleEarth,0.293042370809,0.0004198240709722,3.000850132533482,P0796__x0_y1024,47,0,1024,1024,1.0,581.5,116.0,627.0,130.0,627.0,129.0,669.0,115.0,668.0,2,0.6860291957855225,0.2625625431537628,237,115.0,0.1123046875,0.11962890625,0.0005545616149902,1.3865068716712945,134,False,0,1,1,1,petit,75-90,0.0005035400390625,0.833942573253942,0.5349957085832805,0.5617843512770844,-2.77347329396636,0.0267886426938038,-0.24044814708002307,Q3
val,P0796,149,val:P0796:149,ship,1,0,1139.0,23.0,56.0,56.080299377441406,20.02498435974121,86.9335144988741,30.0,1598.0,51.0,1598.0,48.0,1654.0,28.0,1653.0,596,2324,GoogleEarth,0.293042370809,0.0008223209231942,2.8005165132706327,P0796__x0_y1024,48,0,1024,1024,1.0,1139.0,30.0,574.0,51.0,574.0,48.0,630.0,28.0,629.0,2,0.8596304655075073,0.5351876020431519,71,28.0,0.02734375,0.038330078125,0.0010862350463867,1.3351369820403394,134,False,0,1,1,1,moyen,75-90,0.0005035400390625,0.8436198062359345,0.4973143799499329,0.5399278801093416,-3.1718960099674343,0.0426135001594086,-0.17113571822607157,Q3
val,P0796,15,val:P0796:15,ship,1,0,507.0,14.0,39.0,39.0128173828125,13.0,88.53119928561418,154.0,832.0,167.0,832.0,166.0,871.0,153.0,871.0,596,2324,GoogleEarth,0.293042370809,0.0003660374961013,3.0009859525240383,P0796__x0_y0,14,0,0,1024,1.0,507.0,154.0,832.0,167.0,832.0,166.0,871.0,153.0,871.0,1,0.7692170739173889,0.4242643117904663,122,153.0,0.1494140625,0.15625,0.0004835128784179,1.3865408188776918,98,False,1,1,1,1,tres petit,75-90,0.0005035400390625,0.7234635040505474,0.5178059201861537,0.5828561724676301,0.6416430246837518,0.0650502522814764,-0.1629616826202981,Q3
val,P0796,150,val:P0796:150,ship,1,0,575.0,15.0,42.0,41.01219177246094,14.03566837310791,88.60281897270363,233.0,1511.0,219.0,1510.0,220.0,1469.0,234.0,1470.0,596,2324,GoogleEarth,0.293042370809,0.0004151312825607,2.921997776111579,P0796__x0_y1024,49,0,1024,1024,1.0,575.0,233.0,487.0,219.0,486.0,220.0,445.0,234.0,446.0,2,0.7451996803283691,0.2657978534698486,236,219.0,0.2138671875,0.22119140625,0.0005483627319335,1.3666011607448196,134,False,0,1,1,1,petit,75-90,0.0005035400390625,0.831108664705983,0.5205060218316067,0.5887872372540202,-2.770786741105132,0.0682812154224135,-0.2595492556180245,Q2
val,P0796,151,val:P0796:151,ship,1,0,456.5,13.0,37.0,37.01351165771485,12.04159450531006,90.0,270.0,1958.0,258.0,1957.0,258.0,1921.0,271.0,1921.0,596,2324,GoogleEarth,0.293042370809,0.0003295781399808,3.073804855444415,P0796__x0_y1300,42,0,1300,1024,1.0,456.5,270.0,658.0,258.0,657.0,258.0,621.0,271.0,621.0,2,0.0,0.8213949799537659,6,258.0,0.251953125,0.258056640625,0.0004353523254394,1.404577416668275,105,False,1,0,0,0,tres petit,75-90,0.0005035400390625,0.7382553405543748,0.4954902935885041,0.5920298591032326,-0.7053914556122738,0.0965395655147284,-0.3672463140259003,Q2
val,P0796,152,val:P0796:152,ship,1,0,1999.5,51.0,82.0,76.89603424072266,26.0,69.17910714668918,92.0,2244.0,68.0,2254.0,41.0,2183.0,65.0,2172.0,596,2324,GoogleEarth,0.293042370809,0.0014435739121394,2.957539778489333,P0796__x0_y1300,43,0,1300,1024,1.0,1999.5,92.0,944.0,68.0,954.0,41.0,883.0,65.0,872.0,1,0.6580439209938049,0.2793470919132232,209,41.0,0.0400390625,0.06494140625,0.0019068717956542,1.3756225641411717,105,False,0,1,1,1,moyen,60-75,0.0005035400390625,0.7360518571304728,0.3511082508337012,0.4583021279155618,-2.3512123163159617,0.1071938770818606,-0.20691203374595207,Q3
val,P0796,153,val:P0796:153,ship,1,0,393.0,14.0,34.0,33.060550689697266,12.04159450531006,86.42366562500266,118.0,2104.0,106.0,2102.0,108.0,2070.0,120.0,2071.0,596,2324,GoogleEarth,0.293042370809,0.0002837332070371,2.7455293130090324,P0796__x0_y1300,44,0,1300,1024,1.0,393.0,118.0,804.0,106.0,802.0,108.0,770.0,120.0,771.0,1,0.7482970952987671,0.4102178812026977,132,106.0,0.103515625,0.1103515625,0.0003747940063476,1.320562945569017,105,False,1,1,1,1,tres petit,75-90,0.0005035400390625,0.7604885802865354,0.5269667291064063,0.5536491896598018,0.6136088417122328,0.0266824605533955,-0.19584295203069152,Q3
val,P0796,154,val:P0796:154,ship,1,0,656.0,17.0,41.0,41.01219177246094,16.0,88.60281897270363,102.0,2111.0,86.0,2111.0,87.0,2070.0,103.0,2070.0,596,2324,GoogleEarth,0.293042370809,0.0004736106458432,2.5632619857788086,P0796__x0_y1300,45,0,1300,1024,1.0,656.0,102.0,811.0,86.0,811.0,87.0,770.0,103.0,770.0,1,0.7034827470779419,0.3334091007709503,171,86.0,0.083984375,0.09228515625,0.0006256103515625,1.2706764134683337,105,False,0,1,1,1,petit,75-90,0.0005035400390625,0.7724666223524621,0.5294432388333015,0.5440668956598561,-2.053454293018754,0.0146236568265546,-0.2315593802346767,Q3
val,P0796,155,val:P0796:155,ship,1,0,1131.0,22.0,57.0,57.03507614135742,20.0,87.99044618697886,20.0,1922.0,40.0,1922.0,38.0,1979.0,18.0,1978.0,596,2324,GoogleEarth,0.293042370809,0.0008165451836107,2.851753807067871,P0796__x0_y1024,51,0,1024,1024,1.0,1131.0,20.0,898.0,40.0,898.0,38.0,955.0,18.0,954.0,2,0.8801314830780029,0.2621687054634094,239,18.0,0.017578125,0.0283203125,0.0010786056518554,1.348528578878784,134,False,0,1,1,1,moyen,75-90,0.0005035400390625,0.8431932683935609,0.4765244964621728,0.5397489112113225,-3.275123997815628,0.0632244147491497,-0.160087803077205,Q3
val,P0796,156,val:P0796:156,ship,1,0,443.0,14.0,35.0,34.01470184326172,13.03840446472168,88.31531568210372,58.0,1951.0,45.0,1950.0,46.0,1916.0,59.0,1917.0,596,2324,GoogleEarth,0.293042370809,0.0003198315794337,2.608808611153006,P0796__x0_y1024,52,0,1024,1024,1.0,443.0,58.0,927.0,45.0,926.0,46.0,892.0,59.0,893.0,2,0.7703739404678345,0.255966305732727,246,45.0,0.0439453125,0.05078125,0.0004224777221679,1.2833776932633272,134,False,1,1,1,1,tres petit,75-90,0.0005035400390625,0.8504292943280235,0.512992062944679,0.5293406883783653,0.5697859479256537,0.0163486254336863,-0.16038628742287767,Q3
val,P0796,157,val:P0796:157,ship,1,0,353.0,12.0,33.0,32.015621185302734,11.045360565185549,88.21008939175394,76.0,1950.0,65.0,1949.0,66.0,1917.0,77.0,1918.0,596,2324,GoogleEarth,0.293042370809,0.0002548545091198,2.8985582676417514,P0796__x0_y1024,53,0,1024,1024,1.0,353.0,76.0,926.0,65.0,925.0,66.0,893.0,77.0,894.0,2,0.0,0.7960025668144226,10,65.0,0.0634765625,0.0693359375,0.0003366470336914,1.3606068098253132,134,False,1,0,0,0,tres petit,75-90,0.0005035400390625,0.8396852573505073,0.5306075781148577,0.550408363633427,-0.6356928757255886,0.0198007855185693,-0.18839971637009673,Q3
val,P0796,158,val:P0796:158,ship,1,0,331.0,12.0,31.0,30.066593170166016,10.049875259399414,86.18592516570963,90.0,1962.0,102.0,1963.0,100.0,1993.0,90.0,1992.0,596,2324,GoogleEarth,0.293042370809,0.0002389712252653,2.991737946403408,P0796__x0_y1300,49,0,1300,1024,1.0,331.0,90.0,662.0,102.0,663.0,100.0,693.0,90.0,692.0,2,0.7396793961524963,0.330277532339096,175,90.0,0.087890625,0.09326171875,0.0003156661987304,1.3842267116059856,105,False,1,1,1,1,tres petit,75-90,0.0005035400390625,0.7501476353110553,0.522455655728412,0.5570397146245608,0.6250815350253134,0.0345840588961487,-0.2021894789600023,Q3
val,P0796,159,val:P0796:159,ship,1,0,261.0,11.0,27.0,26.01922416687012,10.049875259399414,87.7974018382342,151.0,1963.0,161.0,1964.0,160.0,1990.0,150.0,1989.0,596,2324,GoogleEarth,0.293042370809,0.0001884335039101,2.589009663829901,P0796__x0_y1300,50,0,1300,1024,1.0,261.0,151.0,663.0,161.0,664.0,160.0,690.0,150.0,689.0,2,0.7689382433891296,0.3980286717414856,136,150.0,0.146484375,0.15185546875,0.000248908996582,1.277876304786504,105,False,1,1,1,1,tres petit,75-90,0.0005035400390625,0.766365588908223,0.5152371563488108,0.561155604453062,0.6185490592622012,0.0459184481042511,-0.1524951384570462,Q3
val,P0796,16,val:P0796:16,ship,1,0,294.0,11.0,28.0,28.01785087585449,10.0,90.0,288.0,725.0,299.0,725.0,299.0,753.0,289.0,753.0,596,2324,GoogleEarth,0.293042370809,0.0002122584296919,2.8017850875854493,P0796__x0_y0,15,0,0,1024,1.0,294.0,288.0,725.0,299.0,725.0,299.0,753.0,289.0,753.0,1,0.0,0.7927064299583435,7,271.0,0.2646484375,0.2783203125,0.0002803802490234,1.3354707163206128,98,False,1,0,0,0,tres petit,75-90,0.0005035400390625,0.7254504680119277,0.4953439820157073,0.5769810239190796,-0.7137046793588339,0.0816370419033722,-0.38938395457701386,Q2
val,P0796,160,val:P0796:160,ship,1,0,426.0,15.0,32.0,32.06243896484375,13.03840446472168,86.42366562500266,156.0,1952.0,142.0,1952.0,144.0,1920.0,157.0,1921.0,596,2324,GoogleEarth,0.293042370809,0.0003075581328189,2.459076879505913,P0796__x0_y1300,51,0,1300,1024,1.0,426.0,156.0,652.0,142.0,652.0,144.0,620.0,157.0,621.0,2,0.0,0.8118383288383484,7,142.0,0.138671875,0.146240234375,0.000406265258789,1.2410017556420991,105,False,1,0,0,0,tres petit,75-90,0.0005035400390625,0.7717192211484063,0.5123356492763793,0.5226960595359752,-0.6669533655436604,0.0103604102595958,-0.20200256230593225,Q3
val,P0796,161,val:P0796:161,ship,1,0,449.0,14.0,35.0,35.0142822265625,13.0,88.3153156821037,176.0,1919.0,189.0,1920.0,188.0,1954.0,175.0,1954.0,596,2324,GoogleEarth,0.293042370809,0.0003241633841213,2.6934063251201925,P0796__x0_y1300,52,0,1300,1024,1.0,449.0,176.0,619.0,189.0,620.0,188.0,654.0,175.0,654.0,2,0.7271692156791687,0.4124645292758941,129,175.0,0.1708984375,0.177734375,0.0004281997680664,1.3065491555749258,105,False,1,1,1,1,tres petit,75-90,0.0005035400390625,0.7600815512903364,0.5094375817150775,0.5727414345293044,0.6254258576772171,0.0633038528142269,-0.1413137099184936,Q3
val,P0796,162,val:P0796:162,ship,1,0,317.0,13.0,28.0,28.07133674621582,11.045360565185549,87.87890360333854,256.0,1967.0,267.0,1968.0,266.0,1995.0,254.0,1995.0,596,2324,GoogleEarth,0.293042370809,0.0002288636809943,2.541459518731814,P0796__x0_y1300,53,0,1300,1024,1.0,317.0,256.0,667.0,267.0,668.0,266.0,695.0,254.0,695.0,2,0.6509268879890442,0.3111927509307861,192,254.0,0.248046875,0.254638671875,0.0003023147583007,1.2645389356031684,105,False,1,1,1,1,tres petit,75-90,0.0005035400390625,0.7615888466122764,0.5069021649740469,0.5663362082939801,0.6288538735013451,0.0594340433199331,-0.2089986729486947,Q3
val,P0796,163,val:P0796:163,ship,1,0,415.0,15.0,34.0,33.13608169555664,12.04159450531006,84.8055710922652,253.0,1957.0,240.0,1956.0,243.0,1923.0,255.0,1924.0,596,2324,GoogleEarth,0.293042370809,0.0002996164908916,2.751801821672737,P0796__x0_y1300,54,0,1300,1024,1.0,415.0,253.0,657.0,240.0,656.0,243.0,623.0,255.0,624.0,2,0.0,0.809533417224884,8,240.0,0.234375,0.241943359375,0.0003957748413085,1.3222362103653866,105,False,1,0,0,0,tres petit,75-90,0.0005035400390625,0.7491286126467368,0.500619764284121,0.5461804711860443,-0.6835270117694288,0.0455607069019232,-0.20248873145935695,Q3
val,P0796,164,val:P0796:164,ship,1,0,255.0,10.0,26.0,26.0,10.0,90.0,302.0,1956.0,292.0,1956.0,292.0,1930.0,302.0,1931.0,596,2324,GoogleEarth,0.293042370809,0.0001841016992225,2.6,P0796__x0_y1300,55,0,1300,1024,1.0,255.0,302.0,656.0,292.0,656.0,292.0,630.0,302.0,631.0,2,0.5026081204414368,0.4378937184810638,116,292.0,0.28515625,0.2900390625,0.0002431869506835,1.2809338454620642,105,False,1,1,1,0,tres petit,75-90,0.0005035400390625,0.7583294827494894,0.4885851435725127,0.5675114069771529,0.6492437874639252,0.0789262634046401,-0.37194570120912845,Q2
val,P0796,165,val:P0796:165,ship,1,0,2547.5,30.0,97.0,97.08243560791016,26.07680892944336,87.63862534182438,17.0,1764.0,44.0,1764.0,40.0,1861.0,14.0,1859.0,596,2324,GoogleEarth,0.293042370809,0.001839212073606,3.7229415558701375,P0796__x0_y1024,61,0,1024,1024,1.0,2547.5,17.0,740.0,44.0,740.0,40.0,837.0,14.0,835.0,2,0.8134745359420776,0.4174154996871948,136,14.0,0.013671875,0.028076171875,0.0024294853210449,1.5524318164715771,134,False,0,1,1,1,moyen,75-90,0.0005035400390625,0.8151922200098289,0.4764573628976848,0.5642010613485322,-2.74515996572476,0.0877436984508473,0.2634689644759875,Q4
val,P0796,166,val:P0796:166,ship,1,0,330.0,13.0,28.0,28.01785087585449,11.045360565185549,87.95459151111277,301.0,1969.0,314.0,1969.0,313.0,1997.0,302.0,1996.0,596,2324,GoogleEarth,0.293042370809,0.0002382492578174,2.5366171353577567,P0796__x0_y1300,57,0,1300,1024,1.0,330.0,301.0,669.0,314.0,669.0,313.0,697.0,302.0,696.0,2,0.8438687920570374,0.6513739228248596,46,301.0,0.2939453125,0.30029296875,0.000314712524414,1.2631706587770777,105,False,1,1,1,1,tres petit,75-90,0.0005035400390625,0.758683329522664,0.5028877092662958,0.5672257093836861,0.6347661007171488,0.0643380001173903,-0.24173054319929355,Q3
val,P0796,167,val:P0796:167,ship,1,0,180.5,10.0,19.0,19.02629852294922,9.0,90.0,331.0,1973.0,341.0,1973.0,341.0,1992.0,332.0,1992.0,596,2324,GoogleEarth,0.293042370809,0.0001303151243516,2.11403316921658,P0796__x0_y1300,58,0,1300,1024,1.0,180.5,331.0,673.0,341.0,673.0,341.0,692.0,332.0,692.0,2,0.4995749592781067,0.5577959418296814,71,331.0,0.3232421875,0.328369140625,0.0001721382141113,1.1359187249981677,105,False,1,1,0,0,tres petit,75-90,0.0005035400390625,0.7804477149270795,0.4877782713007553,0.4080515170130038,-0.6025696164148189,-0.0797267542877515,-0.48663137331902,Q1
val,P0796,168,val:P0796:168,ship,1,0,347.0,12.0,32.0,32.015621185302734,11.0,88.15238973400541,339.0,1960.0,328.0,1959.0,329.0,1928.0,340.0,1928.0,596,2324,GoogleEarth,0.293042370809,0.0002505227044323,2.910511016845703,P0796__x0_y1300,59,0,1300,1024,1.0,347.0,339.0,660.0,328.0,659.0,329.0,628.0,340.0,628.0,2,0.6786422729492188,0.4858355820178985,93,328.0,0.3203125,0.326171875,0.0003309249877929,1.3636680603028954,105,False,1,1,1,1,tres petit,75-90,0.0005035400390625,0.7388154180155629,0.5071966213359972,0.5872635801264376,0.6387131508016475,0.0800669587904404,-0.2520524650089915,Q3
val,P0796,169,val:P0796:169,ship,1,0,328.5,13.0,29.0,29.068883895874023,11.045360565185549,86.05481377096244,297.0,1842.0,309.0,1842.0,307.0,1871.0,296.0,1870.0,596,2324,GoogleEarth,0.293042370809,0.0002371663066455,2.631773197834552,P0796__x0_y1300,60,0,1300,1024,1.0,328.5,297.0,542.0,309.0,542.0,307.0,571.0,296.0,570.0,2,0.6182088851928711,0.3960343897342682,140,296.0,0.2890625,0.295166015625,0.0003132820129394,1.2897210132591093,105,False,1,1,1,1,tres petit,75-90,0.0005035400390625,0.7524098547367994,0.4976590973546242,0.567636186682844,0.6446157793921627,0.0699770893282197,-0.2378935153739408,Q3
val,P0796,17,val:P0796:17,ship,1,0,314.0,12.0,29.0,29.017236709594727,11.0,88.02506598911802,255.0,723.0,266.0,723.0,265.0,752.0,254.0,751.0,596,2324,GoogleEarth,0.293042370809,0.0002266977786505,2.6379306099631568,P0796__x0_y0,16,0,0,1024,1.0,314.0,255.0,723.0,266.0,723.0,265.0,752.0,254.0,751.0,1,0.6410932540893555,0.2751856446266174,180,254.0,0.248046875,0.25390625,0.0002994537353515,1.2914150062370484,98,False,1,1,1,1,tres petit,75-90,0.0005035400390625,0.7335479956517937,0.5059234011548936,0.5751279645932007,0.6484059761955997,0.069204563438307,-0.19535340949084612,Q3
val,P0796,170,val:P0796:170,ship,1,0,693.5,17.0,43.0,42.01190185546875,16.031219482421875,90.0,235.0,1823.0,219.0,1822.0,219.0,1780.0,236.0,1781.0,596,2324,GoogleEarth,0.293042370809,0.0005006844251406,2.620630445583664,P0796__x0_y1024,66,0,1024,1024,1.0,693.5,235.0,799.0,219.0,798.0,219.0,756.0,236.0,757.0,2,0.7271325588226318,0.3663537204265594,165,219.0,0.2138671875,0.221923828125,0.0006613731384277,1.2866481669128238,134,False,0,1,1,1,petit,75-90,0.0005035400390625,0.8426154981513111,0.4998905090744687,0.5670417931955728,-3.110477294621304,0.067151284121104,-0.33186730846961204,Q2
val,P0796,171,val:P0796:171,ship,1,0,357.5,11.0,33.0,33.0,11.0,90.0,210.0,1836.0,221.0,1836.0,221.0,1869.0,210.0,1868.0,596,2324,GoogleEarth,0.293042370809,0.0002581033626355,3.0,P0796__x0_y1300,62,0,1300,1024,1.0,357.5,210.0,536.0,221.0,536.0,221.0,569.0,210.0,568.0,2,0.5674924850463867,0.5311682820320129,77,210.0,0.205078125,0.21044921875,0.0003409385681152,1.3862943611198906,105,False,1,1,1,0,tres petit,75-90,0.0005035400390625,0.7451554692415581,0.5052884998049724,0.5838722085860246,0.6370279644979471,0.0785837087810522,-0.35367759919936875,Q2
val,P0796,172,val:P0796:172,ship,1,0,426.5,13.0,36.0,36.013885498046875,12.0,88.36342295838328,178.0,1834.0,190.0,1835.0,189.0,1870.0,177.0,1870.0,596,2324,GoogleEarth,0.293042370809,0.0003079191165428,3.00115712483724,P0796__x0_y1024,68,0,1024,1024,1.0,426.5,178.0,810.0,190.0,811.0,189.0,846.0,177.0,846.0,2,0.6424735188484192,0.6412337422370911,40,177.0,0.1728515625,0.17919921875,0.0004067420959472,1.3865836004954593,134,False,1,1,1,1,tres petit,75-90,0.0005035400390625,0.8305052953690025,0.5118435917620474,0.5904025416935651,0.5717496142059053,0.0785589499315176,-0.17873404233987356,Q3
val,P0796,173,val:P0796:173,ship,1,0,408.0,13.0,34.0,34.01470184326172,12.0,88.3153156821037,49.0,1829.0,61.0,1829.0,60.0,1863.0,48.0,1863.0,596,2324,GoogleEarth,0.293042370809,0.0002945627187561,2.834558486938477,P0796__x0_y1024,69,0,1024,1024,1.0,408.0,49.0,805.0,61.0,805.0,60.0,839.0,48.0,839.0,2,0.5152032971382141,0.438493549823761,128,48.0,0.046875,0.05322265625,0.0003890991210937,1.3440543009265025,134,False,1,1,1,0,tres petit,75-90,0.0005035400390625,0.8427230536105675,0.5223677606344882,0.5381645929090169,0.5638243308842947,0.0157968322745286,-0.16419909056680984,Q3
val,P0796,174,val:P0796:174,ship,1,0,377.5,13.0,32.0,32.015621185302734,12.0,88.21008939175393,99.0,1833.0,111.0,1832.0,110.0,1864.0,98.0,1864.0,596,2324,GoogleEarth,0.293042370809,0.0002725427115942,2.667968432108561,P0796__x0_y1024,70,0,1024,1024,1.0,377.5,99.0,809.0,111.0,808.0,110.0,840.0,98.0,840.0,2,0.7712836861610413,0.3731231391429901,161,98.0,0.095703125,0.10205078125,0.0003600120544433,1.299637948061808,134,False,1,1,1,1,tres petit,75-90,0.0005035400390625,0.845783615359952,0.5232564780921207,0.5450941171136838,0.5596890168739415,0.0218376390215631,-0.16379601124806753,Q3
val,P0796,175,val:P0796:175,ship,1,0,679.5,19.0,45.0,44.18144226074219,15.132745742797852,84.8055710922652,170.0,1823.0,154.0,1822.0,158.0,1778.0,173.0,1780.0,596,2324,GoogleEarth,0.293042370809,0.0004905768808695,2.919591924140371,P0796__x0_y1024,71,0,1024,1024,1.0,679.5,170.0,799.0,154.0,798.0,158.0,754.0,173.0,756.0,2,0.6297641396522522,0.5783772468566895,59,154.0,0.150390625,0.159912109375,0.000648021697998,1.3659875473988885,134,False,0,1,1,1,petit,75-90,0.0005035400390625,0.8316019679441832,0.508098995662282,0.5463209299038663,-2.8828395433336027,0.0382219342415842,-0.18489651682593358,Q3
val,P0796,176,val:P0796:176,ship,1,0,801.5,21.0,47.0,46.09772109985352,17.029386520385742,86.26860300083955,108.0,1822.0,91.0,1821.0,94.0,1775.0,112.0,1777.0,596,2324,GoogleEarth,0.293042370809,0.0005786569095172,2.706951365785861,P0796__x0_y1024,72,0,1024,1024,1.0,801.5,108.0,798.0,91.0,797.0,94.0,751.0,112.0,753.0,2,0.7957770228385925,0.4967125058174133,84,91.0,0.0888671875,0.098876953125,0.0007643699645996,1.310209804521125,134,False,0,1,1,1,petit,75-90,0.0005035400390625,0.8432132126114196,0.5201492866523538,0.5408656387851333,-3.0398139472628194,0.0207163521327794,-0.192675243842163,Q3
val,P0796,177,val:P0796:177,ship,1,0,690.0,17.0,48.0,48.093658447265625,14.03566837310791,86.42366562500266,63.0,1822.0,48.0,1822.0,51.0,1774.0,65.0,1775.0,596,2324,GoogleEarth,0.293042370809,0.0004981575390728,3.4265314033361043,P0796__x0_y1024,73,0,1024,1024,1.0,690.0,63.0,798.0,48.0,798.0,51.0,750.0,65.0,751.0,2,0.7309659123420715,0.4427398145198822,126,48.0,0.046875,0.055419921875,0.0006580352783203,1.487616298438042,134,False,0,1,1,1,petit,75-90,0.0005035400390625,0.8218975160687618,0.5165293265891363,0.5622691166560227,-2.668824671580499,0.0457397900668864,-0.10011780010186312,Q4
val,P0796,178,val:P0796:178,ship,1,0,482.0,14.0,39.0,39.0128173828125,12.0,88.53119928561418,157.0,1517.0,169.0,1517.0,168.0,1556.0,155.0,1555.0,596,2324,GoogleEarth,0.293042370809,0.000347988309903,3.251068115234375,P0796__x0_y1024,74,0,1024,1024,1.0,482.0,157.0,493.0,169.0,493.0,168.0,532.0,155.0,531.0,2,0.704742431640625,0.4553689360618591,118,155.0,0.1513671875,0.158447265625,0.0004596710205078,1.4471702725920528,134,False,1,1,1,1,tres petit,75-90,0.0005035400390625,0.8234430345912045,0.51763261955771,0.5966766077888904,0.5688451951978992,0.0790439882311804,-0.07239697366418514,Q4
val,P0796,179,val:P0796:179,ship,1,0,652.5,16.0,46.0,46.010868072509766,14.03566837310791,88.75463573323165,212.0,1510.0,198.0,1511.0,199.0,1465.0,214.0,1466.0,596,2324,GoogleEarth,0.293042370809,0.0004710837597754,3.2781387283747576,P0796__x0_y1024,75,0,1024,1024,1.0,652.5,212.0,486.0,198.0,487.0,199.0,441.0,214.0,442.0,2,0.6692780256271362,0.3834509551525116,157,198.0,0.193359375,0.200927734375,0.000622272491455,1.4535180384595223,134,False,0,1,1,1,petit,75-90,0.0005035400390625,0.8203213010702355,0.5200721654725948,0.6029775152368773,-2.5881282083928063,0.0829053497642824,-0.1643233733723644,Q3
val,P0796,18,val:P0796:18,ship,1,0,295.5,11.0,30.0,30.01666259765625,10.0,88.02506598911802,239.0,721.0,249.0,722.0,248.0,751.0,238.0,751.0,596,2324,GoogleEarth,0.293042370809,0.0002133413808638,3.001666259765625,P0796__x0_y0,17,0,0,1024,1.0,295.5,239.0,721.0,249.0,722.0,248.0,751.0,238.0,751.0,1,0.7182444334030151,0.2590785920619964,187,238.0,0.232421875,0.23779296875,0.000281810760498,1.3867108393222092,98,False,1,1,1,1,tres petit,75-90,0.0005035400390625,0.7165106262112286,0.5129109890798346,0.5912111945871278,0.648827411188065,0.0783002055072932,-0.1978942725868253,Q3
val,P0796,180,val:P0796:180,ship,1,0,328.5,13.0,29.0,29.017236709594727,11.0,88.02506598911803,194.0,1082.0,183.0,1082.0,184.0,1053.0,196.0,1054.0,596,2324,GoogleEarth,0.293042370809,0.0002371663066455,2.6379306099631568,P0796__x0_y1024,76,0,1024,1024,1.0,328.5,194.0,58.0,183.0,58.0,184.0,29.0,196.0,30.0,1,0.0,0.7481127977371216,18,29.0,0.0283203125,0.042724609375,0.0003132820129394,1.2914150062370484,134,False,1,0,0,0,tres petit,75-90,0.0005035400390625,0.8496381189951271,0.5071530856412239,0.5311588766448566,-0.6011531616962084,0.0240057910036327,-0.16627555855923734,Q3
val,P0796,181,val:P0796:181,ship,1,0,265.0,10.0,27.0,27.0,10.0,90.0,144.0,1240.0,154.0,1240.0,154.0,1267.0,144.0,1266.0,596,2324,GoogleEarth,0.293042370809,0.0001913213737019,2.7,P0796__x0_y1024,77,0,1024,1024,1.0,265.0,144.0,216.0,154.0,216.0,154.0,243.0,144.0,242.0,1,0.6617310643196106,0.2817762196063995,225,144.0,0.140625,0.1455078125,0.0002527236938476,1.308332819650179,134,False,1,1,1,1,tres petit,75-90,0.0005035400390625,0.843765908229565,0.5080457340219824,0.5585726528537777,0.5736902071808694,0.0505269188317952,-0.2939749392104979,Q2
val,P0796,182,val:P0796:182,ship,1,0,265.0,10.0,27.0,27.0,10.0,90.0,326.0,1345.0,316.0,1345.0,316.0,1318.0,326.0,1319.0,596,2324,GoogleEarth,0.293042370809,0.0001913213737019,2.7,P0796__x0_y1024,78,0,1024,1024,1.0,265.0,326.0,321.0,316.0,321.0,316.0,294.0,326.0,295.0,2,0.7024308443069458,0.4727198183536529,103,294.0,0.287109375,0.300537109375,0.0002527236938476,1.308332819650179,134,False,1,1,1,1,tres petit,75-90,0.0005035400390625,0.8356934277557804,0.4901360210922261,0.5698666906797758,0.5944329456067942,0.0797306695875497,-0.37597064635094296,Q2
val,P0796,183,val:P0796:183,ship,1,0,547.0,14.0,41.0,41.01219177246094,13.03840446472168,88.60281897270362,327.0,1358.0,341.0,1358.0,340.0,1399.0,327.0,1398.0,596,2324,GoogleEarth,0.293042370809,0.0003949161940186,3.14549160393272,P0796__x0_y1024,79,0,1024,1024,1.0,547.0,327.0,334.0,341.0,334.0,340.0,375.0,327.0,374.0,2,0.6994723081588745,0.4727186560630798,104,327.0,0.3193359375,0.325927734375,0.0005216598510742,1.4220213832271862,134,False,0,1,1,1,petit,75-90,0.0005035400390625,0.8175203127244928,0.5082937094592469,0.5925613683389829,-2.6103132990456057,0.0842676588797359,-0.28918555809307983,Q2
val,P0796,184,val:P0796:184,ship,1,0,527.5,15.0,41.0,41.04875183105469,13.0,87.20729763428672,347.0,1358.0,360.0,1358.0,358.0,1399.0,345.0,1398.0,596,2324,GoogleEarth,0.293042370809,0.0003808378287839,3.1575962946965146,P0796__x0_y1024,80,0,1024,1024,1.0,527.5,347.0,334.0,360.0,334.0,358.0,375.0,345.0,374.0,2,0.7098907828330994,0.3318535089492798,186,334.0,0.326171875,0.34423828125,0.0005030632019042,1.4249370934995838,134,False,1,1,1,1,tres petit,75-90,0.0005035400390625,0.814890507254123,0.5081091650984175,0.5932044199042923,0.5842980022602009,0.0850952548058747,-0.23576568811521056,Q3
val,P0796,185,val:P0796:185,ship,1,0,617.0,16.0,43.0,43.011627197265625,14.0,88.66778014613037,354.0,1193.0,368.0,1193.0,367.0,1236.0,352.0,1235.0,596,2324,GoogleEarth,0.293042370809,0.0004454539153738,3.072259085518973,P0796__x0_y1024,81,0,1024,1024,1.0,617.0,354.0,169.0,368.0,169.0,367.0,212.0,352.0,211.0,1,0.804529070854187,0.6529791355133057,35,169.0,0.1650390625,0.185791015625,0.0005884170532226,1.404197903333934,134,False,0,1,1,1,petit,75-90,0.0005035400390625,0.8279795649569306,0.5205612850036082,0.5973352365907754,-2.7103293066760323,0.0767739515871671,-0.24230386175774024,Q3
val,P0796,186,val:P0796:186,ship,1,0,500.5,13.0,41.0,40.01249694824219,12.04159450531006,88.56790381583535,300.0,1191.0,313.0,1192.0,312.0,1232.0,300.0,1231.0,596,2324,GoogleEarth,0.293042370809,0.0003613447076898,3.3228570294903736,P0796__x0_y1024,82,0,1024,1024,1.0,500.5,300.0,167.0,313.0,168.0,312.0,208.0,300.0,207.0,1,0.6635238528251648,0.4564267992973327,117,167.0,0.1630859375,0.18310546875,0.0004773139953613,1.463916533079933,134,False,1,1,1,1,tres petit,75-90,0.0005035400390625,0.8197112713097433,0.520433084426418,0.6008158092480996,0.5673641836883868,0.0803827248216816,-0.13171529032648463,Q4
val,P0796,187,val:P0796:187,ship,1,0,402.0,12.0,37.0,37.01351165771485,11.0,88.45184230102204,258.0,1232.0,247.0,1232.0,248.0,1195.0,259.0,1196.0,596,2324,GoogleEarth,0.293042370809,0.0002902309140685,3.364864696155895,P0796__x0_y1024,83,0,1024,1024,1.0,402.0,258.0,208.0,247.0,208.0,248.0,171.0,259.0,172.0,1,0.6233291029930115,0.4879050552845001,89,171.0,0.1669921875,0.185302734375,0.0003833770751953,1.4735871913668954,134,False,1,1,1,1,tres petit,75-90,0.0005035400390625,0.8181107334819026,0.5166538722192133,0.6008158092480996,0.5720961180815674,0.0841619370288863,-0.10221132848625089,Q4
val,P0796,188,val:P0796:188,ship,1,0,497.5,15.0,36.0,36.013885498046875,14.0,88.36342295838328,241.0,1233.0,227.0,1232.0,228.0,1197.0,242.0,1197.0,596,2324,GoogleEarth,0.293042370809,0.000359178805346,2.572420392717634,P0796__x0_y1024,84,0,1024,1024,1.0,497.5,241.0,209.0,227.0,208.0,228.0,173.0,242.0,173.0,1,0.7701390981674194,0.5436368584632874,68,173.0,0.1689453125,0.186279296875,0.0004744529724121,1.2732433472195517,134,False,1,1,1,1,tres petit,75-90,0.0005035400390625,0.844953327491866,0.5153276278095669,0.5721347306563821,0.563184503139066,0.0568071028468152,-0.16794077435990457,Q3
val,P0796,189,val:P0796:189,ship,1,0,319.0,11.0,29.0,29.0,11.0,90.0,271.0,1243.0,282.0,1243.0,282.0,1272.0,271.0,1272.0,596,2324,GoogleEarth,0.293042370809,0.0002303076158902,2.636363636363636,P0796__x0_y1024,85,0,1024,1024,1.0,319.0,271.0,219.0,282.0,219.0,282.0,248.0,271.0,248.0,1,0.7079473733901978,0.4753453731536865,98,219.0,0.2138671875,0.22802734375,0.0003042221069335,1.2909841813155656,134,False,1,1,1,1,tres petit,75-90,0.0005035400390625,0.8417469193082582,0.4963723193964471,0.5675553899386179,0.5849296612832003,0.0711830705421707,-0.33139693837145195,Q2
val,P0796,19,val:P0796:19,ship,1,0,303.0,12.0,28.0,28.0,10.0,85.76360520094116,223.0,722.0,235.0,723.0,233.0,750.0,223.0,750.0,596,2324,GoogleEarth,0.293042370809,0.0002187561367233,2.8,P0796__x0_y0,18,0,0,1024,1.0,303.0,223.0,722.0,235.0,723.0,233.0,750.0,223.0,750.0,1,0.6638303399085999,0.2779292166233063,179,223.0,0.2177734375,0.22314453125,0.000288963317871,1.33500106673234,98,False,1,1,1,1,tres petit,75-90,0.0005035400390625,0.725174376471811,0.5099208755781179,0.56286466157848,0.6557440952836456,0.052943786000362,-0.20391278750550204,Q3
val,P0796,190,val:P0796:190,ship,1,0,248.0,10.0,30.0,29.068883895874023,8.062257766723633,86.05481377096244,236.0,1240.0,245.0,1241.0,243.0,1270.0,235.0,1269.0,596,2324,GoogleEarth,0.293042370809,0.000179047927087,3.605551290589303,P0796__x0_y1024,86,0,1024,1024,1.0,248.0,236.0,216.0,245.0,217.0,243.0,246.0,235.0,245.0,1,0.407468169927597,0.5265213251113892,75,216.0,0.2109375,0.2255859375,0.0002365112304687,1.527262378196495,134,False,1,1,0,0,tres petit,75-90,0.0005035400390625,0.8058445261825571,0.5114836591795701,0.5943254078128638,-0.654676951938266,0.0828417486332937,-0.07530053649310776,Q4
val,P0796,191,val:P0796:191,ship,1,0,310.0,11.0,30.0,30.01666259765625,10.049875259399414,88.09084756700362,190.0,1240.0,200.0,1239.0,201.0,1269.0,190.0,1269.0,596,2324,GoogleEarth,0.293042370809,0.0002238099088588,2.9867696685670166,P0796__x0_y1024,87,0,1024,1024,1.0,310.0,190.0,216.0,200.0,215.0,201.0,245.0,190.0,245.0,1,0.5409385561943054,0.2851220965385437,222,190.0,0.185546875,0.190673828125,0.0002956390380859,1.3829812961176946,134,False,1,1,1,0,tres petit,75-90,0.0005035400390625,0.8301579691881361,0.5193593094533143,0.589462224218795,0.5646326199765213,0.0701029147654807,-0.19208387228576407,Q3
val,P0796,192,val:P0796:192,ship,1,0,420.0,14.0,35.0,35.05709457397461,12.0,86.72951207681645,187.0,1230.0,175.0,1230.0,177.0,1195.0,189.0,1195.0,596,2324,GoogleEarth,0.293042370809,0.0003032263281313,2.9214245478312173,P0796__x0_y1024,88,0,1024,1024,1.0,420.0,187.0,206.0,175.0,206.0,177.0,171.0,189.0,171.0,1,0.0,0.746993362903595,19,171.0,0.1669921875,0.177734375,0.0004005432128906,1.36645499284573,134,False,1,0,0,0,tres petit,75-90,0.0005035400390625,0.8320474816081821,0.5081555816595833,0.5855784930532495,-0.6263572285587352,0.0774229113936662,-0.19334895353804327,Q3
val,P0796,193,val:P0796:193,ship,1,0,520.5,15.0,39.0,39.051246643066406,13.03840446472168,87.06432655357884,170.0,1230.0,156.0,1230.0,158.0,1191.0,171.0,1192.0,596,2324,GoogleEarth,0.293042370809,0.0003757840566484,2.9950939740156315,P0796__x0_y1024,89,0,1024,1024,1.0,520.5,170.0,206.0,156.0,206.0,158.0,167.0,171.0,168.0,1,0.785926342010498,0.302876740694046,210,156.0,0.15234375,0.159912109375,0.0004963874816894,1.385067101849121,134,False,1,1,1,1,tres petit,75-90,0.0005035400390625,0.8307602223270483,0.519167293063803,0.5809892397835078,0.5661922198206463,0.0618219467197047,-0.17760599619827547,Q3
val,P0796,194,val:P0796:194,ship,1,0,274.5,11.0,28.0,28.01785087585449,10.0,87.95459151111277,114.0,1239.0,124.0,1238.0,123.0,1266.0,113.0,1266.0,596,2324,GoogleEarth,0.293042370809,0.0001981800644572,2.8017850875854493,P0796__x0_y1024,90,0,1024,1024,1.0,274.5,114.0,215.0,124.0,214.0,123.0,242.0,113.0,242.0,1,0.6636665463447571,0.2743870615959167,229,113.0,0.1103515625,0.11572265625,0.0002617835998535,1.3354707163206128,134,False,1,1,1,1,tres petit,75-90,0.0005035400390625,0.8403361134405885,0.5364078743835617,0.5536142594726142,0.5484054295996453,0.0172063850890524,-0.18003864683075285,Q3
val,P0796,195,val:P0796:195,ship,1,0,493.5,15.0,37.0,37.01351165771485,13.0,88.45184230102204,286.0,1360.0,299.0,1360.0,298.0,1397.0,284.0,1396.0,596,2324,GoogleEarth,0.293042370809,0.0003562909355542,2.847193204439604,P0796__x0_y1024,91,0,1024,1024,1.0,493.5,286.0,336.0,299.0,336.0,298.0,373.0,284.0,372.0,2,0.590263843536377,0.2761715054512024,228,284.0,0.27734375,0.284912109375,0.0004706382751464,1.347343844614504,134,False,1,1,1,0,tres petit,75-90,0.0005035400390625,0.8301307830022142,0.5065694464392371,0.5791976479914043,0.5795391132120632,0.0726282015521672,-0.2570404356735449,Q3
val,P0796,196,val:P0796:196,ship,1,0,379.0,12.0,35.0,35.0142822265625,11.0,88.36342295838328,99.0,1237.0,110.0,1236.0,109.0,1271.0,98.0,1271.0,596,2324,GoogleEarth,0.293042370809,0.0002736256627661,3.183116566051136,P0796__x0_y1024,92,0,1024,1024,1.0,379.0,99.0,213.0,110.0,212.0,109.0,247.0,98.0,247.0,1,0.6668527126312256,0.2563152015209198,245,98.0,0.095703125,0.1015625,0.0003614425659179,1.4310565586869357,134,False,1,1,1,1,tres petit,75-90,0.0005035400390625,0.8287016655622929,0.5299226632187081,0.5801722823993719,0.5568586137646985,0.0502496191806638,-0.10198009435126534,Q4
val,P0796,197,val:P0796:197,ship,1,0,285.0,11.0,31.0,31.06444931030273,9.05538558959961,86.30861401354872,85.0,1238.0,95.0,1237.0,93.0,1268.0,84.0,1267.0,596,2324,GoogleEarth,0.293042370809,0.0002057607226605,3.430494372981888,P0796__x0_y1024,93,0,1024,1024,1.0,285.0,85.0,214.0,95.0,213.0,93.0,244.0,84.0,243.0,1,0.7594854831695557,0.4465738832950592,121,84.0,0.08203125,0.087158203125,0.0002717971801757,1.4885111744405128,134,False,1,1,1,1,tres petit,75-90,0.0005035400390625,0.819872477797473,0.521467845660569,0.5736675460646818,0.5721981946585228,0.0521997004041128,-0.11206405171918436,Q4
val,P0796,198,val:P0796:198,ship,1,0,352.0,12.0,32.0,32.015621185302734,11.0,88.21008939175393,69.0,1237.0,80.0,1237.0,79.0,1269.0,68.0,1269.0,596,2324,GoogleEarth,0.293042370809,0.0002541325416719,2.910511016845703,P0796__x0_y1024,94,0,1024,1024,1.0,352.0,69.0,213.0,80.0,213.0,79.0,245.0,68.0,245.0,1,0.7572248578071594,0.4022398889064789,143,68.0,0.06640625,0.072265625,0.000335693359375,1.3636680603028954,134,False,1,1,1,1,tres petit,75-90,0.0005035400390625,0.839135277625613,0.5306075781148577,0.5592672858540887,0.5538821908089366,0.0286597077392309,-0.1872629019356409,Q3
val,P0796,199,val:P0796:199,ship,1,0,443.5,13.0,39.0,39.0128173828125,11.0,88.53119928561418,99.0,1226.0,88.0,1226.0,89.0,1187.0,101.0,1188.0,596,2324,GoogleEarth,0.293042370809,0.0003201925631577,3.546619762073864,P0796__x0_y1024,95,0,1024,1024,1.0,443.5,99.0,202.0,88.0,202.0,89.0,163.0,101.0,164.0,1,0.6308426260948181,0.3112440407276153,205,88.0,0.0859375,0.092041015625,0.0004229545593261,1.514384047434579,134,False,1,1,1,1,tres petit,75-90,0.0005035400390625,0.8177026091543235,0.5323663432054215,0.5783336933034,0.5616393095316063,0.0459673500979784,-0.09178283644847754,Q4
val,P0796,2,val:P0796:2,ship,1,0,305.5,11.0,31.0,31.0161247253418,10.0,88.15238973400541,265.0,827.0,255.0,827.0,256.0,796.0,266.0,797.0,596,2324,GoogleEarth,0.293042370809,0.0002205610553431,3.10161247253418,P0796__x0_y0,1,0,0,1024,1.0,305.5,265.0,827.0,255.0,827.0,256.0,796.0,266.0,797.0,1,0.7337924242019653,0.4008338749408722,126,197.0,0.1923828125,0.207275390625,0.0002913475036621,1.411380182377547,98,False,1,1,1,1,tres petit,75-90,0.0005035400390625,0.7142227469104138,0.516579739611093,0.5984350957207913,0.6440957860264139,0.0818553561096983,-0.1791575975265426,Q3
val,P0796,20,val:P0796:20,ship,1,0,378.0,12.0,32.0,32.0,12.0,90.0,207.0,720.0,219.0,721.0,219.0,752.0,207.0,752.0,596,2324,GoogleEarth,0.293042370809,0.0002729036953181,2.6666666666666665,P0796__x0_y0,19,0,0,1024,1.0,378.0,207.0,720.0,219.0,721.0,219.0,752.0,207.0,752.0,1,0.6893464922904968,0.4666357338428497,106,207.0,0.2021484375,0.2080078125,0.0003604888916015,1.2992829841302609,98,False,1,1,1,1,tres petit,75-90,0.0005035400390625,0.7376322511096889,0.498844234108517,0.567218436950855,0.655091449001344,0.068374202842338,-0.30942391960881954,Q2
val,P0796,200,val:P0796:200,ship,1,0,426.0,12.0,36.0,36.0,12.0,90.0,82.0,1226.0,70.0,1225.0,70.0,1190.0,82.0,1190.0,596,2324,GoogleEarth,0.293042370809,0.0003075581328189,3.0,P0796__x0_y1024,96,0,1024,1024,1.0,426.0,82.0,202.0,70.0,201.0,70.0,166.0,82.0,166.0,1,0.7860897183418274,0.3646891713142395,168,70.0,0.068359375,0.07421875,0.000406265258789,1.3862943611198906,134,False,1,1,1,1,tres petit,75-90,0.0005035400390625,0.8374088526504455,0.5211948645839418,0.5576685035446675,0.5646881366404777,0.0364736389607256,-0.35002322121861523,Q2
val,P0796,201,val:P0796:201,ship,1,0,1145.5,33.0,63.0,60.63827133178711,18.439088821411133,76.65127288671262,50.0,1198.0,68.0,1202.0,54.0,1261.0,35.0,1255.0,596,2324,GoogleEarth,0.293042370809,0.0008270137116057,3.288572006951616,P0796__x0_y1024,97,0,1024,1024,1.0,1145.5,50.0,174.0,68.0,178.0,54.0,237.0,35.0,231.0,1,0.805966317653656,0.3682572245597839,163,35.0,0.0341796875,0.050537109375,0.0010924339294433,1.4559538120154605,134,False,0,1,1,1,moyen,75-90,0.0005035400390625,0.8187834545519782,0.3628997832437743,0.4855343036105654,-3.393050072235514,0.1226345203667911,-0.10343194085616553,Q4
val,P0796,202,val:P0796:202,ship,1,0,275.5,11.0,29.0,29.068883895874023,9.0,86.05481377096244,84.0,1080.0,74.0,1080.0,76.0,1051.0,85.0,1051.0,596,2324,GoogleEarth,0.293042370809,0.0001989020319051,3.229875988430447,P0796__x0_y1024,98,0,1024,1024,1.0,275.5,84.0,56.0,74.0,56.0,76.0,27.0,85.0,27.0,1,0.1835696995258331,0.2712624371051788,232,27.0,0.0263671875,0.04052734375,0.0002627372741699,1.4421726754725075,134,False,1,0,0,0,tres petit,75-90,0.0005035400390625,0.8287418977139724,0.504073597676047,0.5590024437473113,-0.6195905010128895,0.0549288460712643,-0.09664795811935628,Q4
val,P0796,203,val:P0796:203,ship,1,0,472.5,14.0,35.0,35.0142822265625,13.0,88.36342295838328,88.0,1123.0,74.0,1123.0,75.0,1088.0,88.0,1088.0,596,2324,GoogleEarth,0.293042370809,0.0003411296191477,2.6934063251201925,P0796__x0_y1024,99,0,1024,1024,1.0,472.5,88.0,99.0,74.0,99.0,75.0,64.0,88.0,64.0,1,0.4787273406982422,0.2743695974349975,230,64.0,0.0625,0.079345703125,0.0004506111145019,1.3065491555749258,134,False,1,1,0,0,tres petit,75-90,0.0005035400390625,0.8461711196751368,0.5276605472446568,0.548602545680665,-0.6273932294210773,0.0209419984360081,-0.15867598268200628,Q3
val,P0796,204,val:P0796:204,ship,1,0,507.5,15.0,41.0,41.04875183105469,12.0,87.20729763428672,93.0,1089.0,105.0,1089.0,103.0,1130.0,90.0,1129.0,596,2324,GoogleEarth,0.293042370809,0.0003663984798253,3.420729319254557,P0796__x0_y1024,100,0,1024,1024,1.0,507.5,93.0,65.0,105.0,65.0,103.0,106.0,90.0,105.0,1,0.680818498134613,0.3498847186565399,179,65.0,0.0634765625,0.083251953125,0.0004839897155761,1.48630468683412,134,False,1,1,1,1,tres petit,75-90,0.0005035400390625,0.8211323527200857,0.5329155937711874,0.5777493625965283,0.5590634615231416,0.0448337688253409,-0.11225468783466196,Q4
val,P0796,205,val:P0796:205,ship,1,0,494.5,14.0,40.0,40.04996871948242,12.04159450531006,88.53119928561418,110.0,1090.0,122.0,1091.0,121.0,1130.0,108.0,1130.0,596,2324,GoogleEarth,0.293042370809,0.0003570129030022,3.325968890732978,P0796__x0_y1024,101,0,1024,1024,1.0,494.5,110.0,66.0,122.0,67.0,121.0,106.0,108.0,106.0,1,0.8026472926139832,0.624687135219574,47,66.0,0.064453125,0.084228515625,0.0004715919494628,1.4646361362736136,134,False,1,1,1,1,tres petit,75-90,0.0005035400390625,0.8251680118759704,0.5327925015293346,0.5781989096882237,0.5565763568737413,0.0454064081588891,-0.1036928410863556,Q4
val,P0796,206,val:P0796:206,ship,1,0,580.5,14.0,43.0,43.011627197265625,13.0,90.0,144.0,1089.0,157.0,1089.0,157.0,1132.0,143.0,1132.0,596,2324,GoogleEarth,0.293042370809,0.0004191021035243,3.308586707481972,P0796__x0_y1024,102,0,1024,1024,1.0,580.5,144.0,65.0,157.0,65.0,157.0,108.0,143.0,108.0,1,0.6552718281745911,0.2575492858886719,244,65.0,0.0634765625,0.08447265625,0.0005536079406738,1.4606099402443946,134,False,0,1,1,1,petit,75-90,0.0005035400390625,0.8268667407974946,0.5209293954905473,0.5717580279124445,-2.7162341879522485,0.0508286324218971,-0.24822677362787293,Q3
val,P0796,207,val:P0796:207,ship,1,0,314.0,12.0,29.0,29.068883895874023,10.049875259399414,86.05481377096244,164.0,1082.0,152.0,1082.0,154.0,1053.0,164.0,1054.0,596,2324,GoogleEarth,0.293042370809,0.0002266977786505,2.892462159536416,P0796__x0_y1024,103,0,1024,1024,1.0,314.0,164.0,58.0,152.0,58.0,154.0,29.0,164.0,30.0,1,0.0,0.7389850616455078,20,29.0,0.0283203125,0.042724609375,0.0002994537353515,1.3590419033008356,134,False,1,0,0,0,tres petit,75-90,0.0005035400390625,0.839686115187948,0.5056856385927233,0.5337996424001795,-0.6075993094711591,0.0281140038074562,-0.1883537860958805,Q3
val,P0796,208,val:P0796:208,ship,1,0,602.0,15.0,43.0,43.011627197265625,14.0,88.66778014613037,306.0,1355.0,320.0,1355.0,319.0,1398.0,305.0,1398.0,596,2324,GoogleEarth,0.293042370809,0.0004346244036548,3.072259085518973,P0796__x0_y1024,104,0,1024,1024,1.0,602.0,306.0,331.0,320.0,331.0,319.0,374.0,305.0,374.0,2,0.7371478080749512,0.3088060617446899,206,305.0,0.2978515625,0.30517578125,0.0005741119384765,1.404197903333934,134,False,0,1,1,1,petit,75-90,0.0005035400390625,0.8212995220253454,0.5079839786533138,0.592328105098929,-2.668955847472024,0.0843441264456151,-0.31105884252909816,Q2
val,P0796,209,val:P0796:209,ship,1,0,500.5,12.0,44.0,44.0,11.0,90.0,268.0,1358.0,279.0,1358.0,279.0,1402.0,267.0,1401.0,596,2324,GoogleEarth,0.293042370809,0.0003613447076898,4.0,P0796__x0_y1024,105,0,1024,1024,1.0,500.5,268.0,334.0,279.0,334.0,279.0,378.0,267.0,377.0,2,0.6049463152885437,0.6653613448143005,31,267.0,0.2607421875,0.266845703125,0.0004773139953613,1.6094379124341005,134,False,1,1,1,1,tres petit,75-90,0.0005035400390625,0.7940923499981031,0.4952079905612594,0.5936771104088348,0.6101512807349531,0.0984691198475753,0.18704657257585375,Q4
val,P0796,21,val:P0796:21,ship,1,0,252.0,10.0,29.0,29.017236709594727,9.05538558959961,88.02506598911802,88.0,719.0,97.0,718.0,96.0,747.0,87.0,746.0,596,2324,GoogleEarth,0.293042370809,0.0001819357968787,3.204417572557255,P0796__x0_y0,20,0,0,1024,1.0,252.0,88.0,719.0,97.0,718.0,96.0,747.0,87.0,746.0,1,0.0,0.7761078476905823,8,87.0,0.0849609375,0.08984375,0.0002403259277343,1.4361357755219408,98,False,1,0,0,0,tres petit,75-90,0.0005035400390625,0.7184735110082733,0.5309533728337431,0.5815552556292505,-0.7588298453319807,0.0506018827955073,-0.10386080247324712,Q4
val,P0796,210,val:P0796:210,ship,1,0,588.0,15.0,44.0,44.04542922973633,13.03840446472168,88.66778014613037,192.0,1508.0,179.0,1507.0,180.0,1464.0,194.0,1464.0,596,2324,GoogleEarth,0.293042370809,0.0004245168593838,3.3781303033596704,P0796__x0_y1024,106,0,1024,1024,1.0,588.0,192.0,484.0,179.0,483.0,180.0,440.0,194.0,440.0,2,0.8285019397735596,0.2548348009586334,249,179.0,0.1748046875,0.181884765625,0.0005607604980468,1.4766217618737605,134,False,0,1,1,1,petit,75-90,0.0005035400390625,0.8180488348780418,0.517647141155285,0.5994062623203739,-2.569242638133367,0.0817591211650888,-0.14965548656599423,Q3
val,P0796,211,val:P0796:211,ship,1,0,283.5,11.0,27.0,27.01851272583008,10.0,90.0,122.0,1341.0,112.0,1341.0,112.0,1314.0,123.0,1314.0,596,2324,GoogleEarth,0.293042370809,0.0002046777714886,2.701851272583008,P0796__x0_y1024,107,0,1024,1024,1.0,283.5,122.0,317.0,112.0,317.0,112.0,290.0,123.0,290.0,2,0.6427636742591858,0.4564365446567535,116,112.0,0.109375,0.114501953125,0.0002703666687011,1.3088330384612394,134,False,1,1,1,1,tres petit,75-90,0.0005035400390625,0.8452781246433115,0.519560922008001,0.5395513204390548,0.5647207849594456,0.0199903984310538,-0.32843418750582387,Q2
val,P0796,212,val:P0796:212,ship,1,0,765.0,18.0,45.0,45.0111083984375,17.0,88.72696997994329,174.0,1509.0,157.0,1509.0,158.0,1464.0,175.0,1464.0,596,2324,GoogleEarth,0.293042370809,0.0005523050976677,2.6477122587316178,P0796__x0_y1024,108,0,1024,1024,1.0,765.0,174.0,485.0,157.0,485.0,158.0,440.0,175.0,440.0,2,0.7622039318084717,0.4545120894908905,119,157.0,0.1533203125,0.162109375,0.0007295608520507,1.2941001926569908,134,False,0,1,1,1,petit,75-90,0.0005035400390625,0.8438061515981818,0.5114780968044765,0.5635095002084864,-3.0756327664343006,0.0520314034040099,-0.1787510757950616,Q3
val,P0796,213,val:P0796:213,ship,1,0,522.5,15.0,37.0,37.0,14.0,88.36342295838328,154.0,1505.0,139.0,1503.0,140.0,1468.0,154.0,1468.0,596,2324,GoogleEarth,0.293042370809,0.0003772279915443,2.642857142857143,P0796__x0_y1024,109,0,1024,1024,1.0,522.5,154.0,481.0,139.0,479.0,140.0,444.0,154.0,444.0,2,0.7629913687705994,0.5708234310150146,63,139.0,0.1357421875,0.143310546875,0.0004982948303222,1.292768303109067,134,False,1,1,1,1,tres petit,75-90,0.0005035400390625,0.8446696420396274,0.5225993748332662,0.562243301123315,0.5579018073471116,0.0396439262900487,-0.12482607226093409,Q4
val,P0796,214,val:P0796:214,ship,1,0,601.5,15.0,45.0,45.0111083984375,13.0,88.72696997994329,132.0,1507.0,119.0,1507.0,120.0,1462.0,134.0,1463.0,596,2324,GoogleEarth,0.293042370809,0.0004342634199309,3.4623929537259617,P0796__x0_y1024,110,0,1024,1024,1.0,601.5,132.0,483.0,119.0,483.0,120.0,438.0,134.0,439.0,2,0.6990195512771606,0.4033387303352356,142,119.0,0.1162109375,0.123291015625,0.0005736351013183,1.4956851588574729,134,False,0,1,1,1,petit,75-90,0.0005035400390625,0.8187400635391305,0.5355451046647229,0.5774249242924213,-2.520489473906419,0.0418798196276983,-0.14601148960036353,Q3
val,P0796,215,val:P0796:215,ship,1,0,638.5,17.0,43.0,43.046485900878906,15.0,87.27368900609373,114.0,1504.0,99.0,1503.0,101.0,1461.0,116.0,1461.0,596,2324,GoogleEarth,0.293042370809,0.0004609762155043,2.8697657267252605,P0796__x0_y1024,111,0,1024,1024,1.0,638.5,114.0,480.0,99.0,479.0,101.0,437.0,116.0,437.0,2,0.7178347706794739,0.7503594756126404,17,99.0,0.0966796875,0.10498046875,0.0006089210510253,1.3531939694794224,134,False,0,1,1,1,petit,75-90,0.0005035400390625,0.8380925144974666,0.5333947233430348,0.5498856939186226,-2.865434316625936,0.0164909705755877,-0.20529714472909366,Q3
val,P0796,216,val:P0796:216,ship,1,0,645.0,15.0,47.0,46.04345703125,13.03840446472168,87.51044707800085,95.0,1506.0,80.0,1505.0,82.0,1459.0,95.0,1460.0,596,2324,GoogleEarth,0.293042370809,0.0004656690039159,3.531372044472993,P0796__x0_y1024,112,0,1024,1024,1.0,645.0,95.0,482.0,80.0,481.0,82.0,435.0,95.0,436.0,2,0.7763809561729431,0.3555762469768524,175,80.0,0.078125,0.0859375,0.000615119934082,1.5110247732107962,134,False,0,1,1,1,petit,75-90,0.0005035400390625,0.8177037364162932,0.5321643390287862,0.5771898716127412,-2.521322519615113,0.0450255325839549,-0.10388200998471413,Q4
val,P0796,217,val:P0796:217,ship,1,0,345.0,13.0,30.0,30.066593170166016,11.0,86.18592516570963,110.0,1519.0,122.0,1519.0,120.0,1549.0,109.0,1549.0,596,2324,GoogleEarth,0.293042370809,0.0002490787695364,2.733326651833274,P0796__x0_y1024,113,0,1024,1024,1.0,345.0,110.0,495.0,122.0,495.0,120.0,525.0,109.0,525.0,2,0.7507900595664978,0.6463944315910339,38,109.0,0.1064453125,0.112548828125,0.0003290176391601,1.3172996999438218,134,False,1,1,1,1,tres petit,75-90,0.0005035400390625,0.8415446577599386,0.5261396105663576,0.5460830044081028,0.5593289052418815,0.0199433938417451,-0.19379559939306445,Q3
val,P0796,218,val:P0796:218,ship,1,0,293.0,10.0,33.0,33.0151481628418,9.0,88.26429541107161,78.0,1516.0,87.0,1516.0,86.0,1549.0,77.0,1548.0,596,2324,GoogleEarth,0.293042370809,0.0002115364622439,3.668349795871311,P0796__x0_y1024,114,0,1024,1024,1.0,293.0,78.0,492.0,87.0,492.0,86.0,525.0,77.0,524.0,2,0.6508759260177612,0.7258509397506714,23,77.0,0.0751953125,0.080078125,0.000279426574707,1.5408056464650155,134,False,1,1,1,1,tres petit,75-90,0.0005035400390625,0.8143608204760395,0.5307173719084034,0.5815003489713358,0.5646825170531148,0.0507829770629324,0.24509629518153073,Q4
val,P0796,219,val:P0796:219,ship,1,0,449.0,14.0,35.0,35.0142822265625,13.0,88.36342295838328,59.0,1515.0,72.0,1515.0,71.0,1550.0,58.0,1549.0,596,2324,GoogleEarth,0.293042370809,0.0003241633841213,2.6934063251201925,P0796__x0_y1024,115,0,1024,1024,1.0,449.0,59.0,491.0,72.0,491.0,71.0,526.0,58.0,525.0,2,0.6594770550727844,0.6519129872322083,36,58.0,0.056640625,0.0634765625,0.0004281997680664,1.3065491555749258,134,False,1,1,1,1,tres petit,75-90,0.0005035400390625,0.8469687545430143,0.523594096902305,0.5351104589706581,0.5604026563215279,0.0115163620683531,-0.1538337592824064,Q3
val,P0796,22,val:P0796:22,ship,1,0,330.0,13.0,30.0,30.066593170166016,11.0,86.18592516570963,102.0,718.0,113.0,718.0,111.0,748.0,100.0,748.0,596,2324,GoogleEarth,0.293042370809,0.0002382492578174,2.733326651833274,P0796__x0_y0,21,0,0,1024,1.0,330.0,102.0,718.0,113.0,718.0,111.0,748.0,100.0,748.0,1,0.7958816289901733,0.3122735321521759,163,100.0,0.09765625,0.10400390625,0.000314712524414,1.3172996999438218,98,False,1,1,1,1,tres petit,75-90,0.0005035400390625,0.7380247573146372,0.5221451009908907,0.5460830044081028,0.6389809505414182,0.023937903417212,-0.19226326066944754,Q3
val,P0796,220,val:P0796:220,ship,1,0,324.5,11.0,30.0,30.0,11.0,90.0,76.0,1338.0,65.0,1338.0,65.0,1308.0,76.0,1309.0,596,2324,GoogleEarth,0.293042370809,0.0002342784368538,2.727272727272727,P0796__x0_y1024,116,0,1024,1024,1.0,324.5,76.0,314.0,65.0,314.0,65.0,284.0,76.0,285.0,2,0.0,0.7348779439926147,22,65.0,0.0634765625,0.06884765625,0.0003094673156738,1.3156767939059373,134,False,1,0,0,0,tres petit,75-90,0.0005035400390625,0.84672169272458,0.5157339761271447,0.5405883845517209,-0.6135943158690181,0.0248544084245762,-0.33267345055618697,Q2
val,P0796,221,val:P0796:221,ship,1,0,609.5,15.0,44.0,44.0113639831543,14.0,88.69804732742112,64.0,1348.0,78.0,1348.0,77.0,1392.0,63.0,1391.0,596,2324,GoogleEarth,0.293042370809,0.0004400391595143,3.1436688559395924,P0796__x0_y1024,117,0,1024,1024,1.0,609.5,64.0,324.0,78.0,324.0,77.0,368.0,63.0,367.0,2,0.6839456558227539,0.3740832507610321,160,63.0,0.0615234375,0.06884765625,0.0005812644958496,1.4215815924832789,134,False,0,1,1,1,petit,75-90,0.0005035400390625,0.8320273174974546,0.5325894864608713,0.5706328158859844,-2.7446145800361217,0.038043329425113,-0.21916813521542755,Q3
val,P0796,222,val:P0796:222,ship,1,0,369.0,14.0,32.0,31.06444931030273,12.04159450531006,86.30861401354873,92.0,1341.0,80.0,1340.0,82.0,1309.0,94.0,1311.0,596,2324,GoogleEarth,0.293042370809,0.0002664059882868,2.579762115108929,P0796__x0_y1024,118,0,1024,1024,1.0,369.0,92.0,317.0,80.0,316.0,82.0,285.0,94.0,287.0,2,0.022292548790574,0.3262836039066314,193,80.0,0.078125,0.0849609375,0.0003519058227539,1.275296349911228,134,False,1,0,0,0,tres petit,75-90,0.0005035400390625,0.8483269584161938,0.5223199893922488,0.5397291750196939,-0.6188185914873544,0.017409185627445,-0.22048219541933545,Q3
val,P0796,223,val:P0796:223,ship,1,0,260.0,11.0,26.0,26.01922416687012,10.0,87.7974018382342,106.0,1339.0,96.0,1339.0,97.0,1313.0,107.0,1313.0,596,2324,GoogleEarth,0.293042370809,0.0001877115364622,2.601922416687012,P0796__x0_y1024,119,0,1024,1024,1.0,260.0,106.0,315.0,96.0,315.0,97.0,289.0,107.0,289.0,2,0.6095803380012512,0.3617563843727112,169,96.0,0.09375,0.09912109375,0.0002479553222656,1.2814677075676089,134,False,1,1,1,1,tres petit,75-90,0.0005035400390625,0.8479057652917893,0.5279596561261444,0.5420211829483745,0.5541909088815932,0.0140615268222301,-0.1906366208149214,Q3
val,P0796,224,val:P0796:224,ship,1,0,653.0,16.0,44.0,44.0113639831543,15.0,88.69804732742112,84.0,1348.0,99.0,1348.0,98.0,1392.0,83.0,1391.0,596,2324,GoogleEarth,0.293042370809,0.0004714447434994,2.9340909322102866,P0796__x0_y1024,120,0,1024,1024,1.0,653.0,84.0,324.0,99.0,324.0,98.0,368.0,83.0,367.0,2,0.6268408894538879,0.5745469927787781,62,83.0,0.0810546875,0.0888671875,0.0006227493286132,1.3696798341405785,134,False,0,1,1,1,petit,75-90,0.0005035400390625,0.8378434290982885,0.531676138072087,0.5616448450546027,-2.858128021529211,0.0299687069825156,-0.24016071575705922,Q3
val,P0796,225,val:P0796:225,ship,1,0,247.0,11.0,26.0,26.07680892944336,9.0,85.60129464500447,278.0,1345.0,268.0,1345.0,270.0,1319.0,279.0,1319.0,596,2324,GoogleEarth,0.293042370809,0.0001783259596391,2.8974232143825955,P0796__x0_y1024,121,0,1024,1024,1.0,247.0,278.0,321.0,268.0,321.0,270.0,295.0,279.0,295.0,2,0.0,0.7197465300559998,24,268.0,0.26171875,0.267333984375,0.0002355575561523,1.3603156205068694,134,False,1,0,0,0,tres petit,75-90,0.0005035400390625,0.8271080997438423,0.5008053698545671,0.5603183996012093,-0.617929737135633,0.0595130297466421,-0.25643985167227124,Q3
val,P0796,226,val:P0796:226,ship,1,0,651.0,16.0,42.0,42.01190185546875,15.0,90.0,124.0,1350.0,139.0,1350.0,139.0,1392.0,123.0,1392.0,596,2324,GoogleEarth,0.293042370809,0.0004700008086035,2.80079345703125,P0796__x0_y1024,122,0,1024,1024,1.0,651.0,124.0,326.0,139.0,326.0,139.0,368.0,123.0,368.0,2,0.6938198804855347,0.4736636579036712,102,123.0,0.1201171875,0.128173828125,0.0006208419799804,1.335209849417626,134,False,0,1,1,1,petit,75-90,0.0005035400390625,0.8412235282782295,0.5233941284164197,0.5535780671306012,-2.9715572286972805,0.0301839387141814,-0.3304564410273999,Q2
val,P0796,227,val:P0796:227,ship,1,0,555.5,15.0,44.0,43.046485900878906,13.03840446472168,87.33699923393286,145.0,1351.0,158.0,1352.0,156.0,1395.0,143.0,1393.0,596,2324,GoogleEarth,0.293042370809,0.000401052917326,3.301514845420757,P0796__x0_y1024,123,0,1024,1024,1.0,555.5,145.0,327.0,158.0,328.0,156.0,371.0,143.0,369.0,2,0.647270679473877,0.7740390300750732,12,143.0,0.1396484375,0.14697265625,0.0005297660827636,1.4589672502928284,134,False,0,1,1,1,petit,75-90,0.0005035400390625,0.8214790574431787,0.521387027490683,0.5937499374991699,-2.608627710220732,0.0723629100084869,-0.07636901238680721,Q4
val,P0796,228,val:P0796:228,ship,1,0,239.0,10.0,27.0,27.073972702026367,8.062257766723633,90.0,139.0,1341.0,131.0,1340.0,131.0,1314.0,141.0,1314.0,596,2324,GoogleEarth,0.293042370809,0.0001725502200556,3.358113010696851,P0796__x0_y1024,124,0,1024,1024,1.0,239.0,139.0,317.0,131.0,316.0,131.0,290.0,141.0,290.0,2,0.0,0.7002187967300415,26,131.0,0.1279296875,0.13232421875,0.000227928161621,1.472039167966116,134,False,1,0,0,0,tres petit,75-90,0.0005035400390625,0.8226002853304644,0.520625761222629,0.5753905940918933,-0.6447129139208926,0.0547648328692642,-0.23418699631491816,Q3
val,P0796,229,val:P0796:229,ship,1,0,234.5,11.0,24.0,24.020824432373047,10.0,87.61405596961117,154.0,1340.0,144.0,1340.0,143.0,1316.0,153.0,1317.0,596,2324,GoogleEarth,0.293042370809,0.0001693013665399,2.4020824432373047,P0796__x0_y1024,125,0,1024,1024,1.0,234.5,154.0,316.0,144.0,316.0,143.0,292.0,153.0,293.0,2,0.6875271797180176,0.3938480019569397,148,143.0,0.1396484375,0.14501953125,0.0002236366271972,1.2243877274358588,134,False,1,1,1,1,tres petit,75-90,0.0005035400390625,0.852511927936727,0.5199861236319053,0.4990994169544239,0.5666717387015405,-0.0208867066774814,-0.19782171948879623,Q3
val,P0796,23,val:P0796:23,ship,1,0,248.0,10.0,28.0,28.01785087585449,9.0,87.95459151111277,117.0,720.0,126.0,720.0,125.0,748.0,116.0,747.0,596,2324,GoogleEarth,0.293042370809,0.000179047927087,3.11309454176161,P0796__x0_y0,22,0,0,1024,1.0,248.0,117.0,720.0,126.0,720.0,125.0,748.0,116.0,747.0,1,0.5376842021942139,0.476057767868042,100,116.0,0.11328125,0.1181640625,0.0002365112304687,1.4141756750676535,98,False,1,1,1,0,tres petit,75-90,0.0005035400390625,0.7204495301244039,0.5347370251951225,0.5719583041909528,0.6313526898874925,0.0372212789958303,-0.17353641539379167,Q3
val,P0796,230,val:P0796:230,ship,1,0,313.5,11.0,29.0,29.0,11.0,90.0,171.0,1340.0,160.0,1340.0,160.0,1311.0,171.0,1312.0,596,2324,GoogleEarth,0.293042370809,0.0002263367949265,2.636363636363636,P0796__x0_y1024,126,0,1024,1024,1.0,313.5,171.0,316.0,160.0,316.0,160.0,287.0,171.0,288.0,2,0.8073980212211609,0.3502926528453827,177,160.0,0.15625,0.16162109375,0.0002989768981933,1.2909841813155656,134,False,1,1,1,1,tres petit,75-90,0.0005035400390625,0.8451400447404692,0.4998652560769686,0.5590128342155926,0.580939402498134,0.0591475781386239,-0.30335325981786077,Q2
val,P0796,231,val:P0796:231,ship,1,0,319.0,12.0,29.0,29.017236709594727,11.0,88.02506598911803,185.0,1341.0,174.0,1341.0,175.0,1312.0,186.0,1312.0,596,2324,GoogleEarth,0.293042370809,0.0002303076158902,2.6379306099631568,P0796__x0_y1024,127,0,1024,1024,1.0,319.0,185.0,317.0,174.0,317.0,175.0,288.0,186.0,288.0,2,0.7757870554924011,0.2995080053806305,211,174.0,0.169921875,0.17578125,0.0003042221069335,1.2914150062370484,134,False,1,1,1,1,tres petit,75-90,0.0005035400390625,0.8429411469865122,0.5098993294059472,0.571704737489412,0.5699016898247583,0.0618054080834648,-0.17358555370836007,Q3
val,P0796,232,val:P0796:232,ship,1,0,653.5,18.0,43.0,43.046485900878906,15.0,87.33699923393286,185.0,1352.0,200.0,1352.0,198.0,1395.0,182.0,1393.0,596,2324,GoogleEarth,0.293042370809,0.0004718057272233,2.8697657267252605,P0796__x0_y1024,128,0,1024,1024,1.0,653.5,185.0,328.0,200.0,328.0,198.0,371.0,182.0,369.0,2,0.6716595888137817,0.37979856133461,158,182.0,0.177734375,0.186767578125,0.0006232261657714,1.3531939694794224,134,False,0,1,1,1,petit,75-90,0.0005035400390625,0.8337998664293906,0.5202604941215063,0.5775281984147537,-2.8292492651692265,0.0572677042932473,-0.20295880399283345,Q3
val,P0796,233,val:P0796:233,ship,1,0,581.5,15.0,42.0,42.01190185546875,14.0,88.63607246839707,205.0,1353.0,219.0,1353.0,218.0,1395.0,204.0,1394.0,596,2324,GoogleEarth,0.293042370809,0.0004198240709722,3.000850132533482,P0796__x0_y1024,129,0,1024,1024,1.0,581.5,205.0,329.0,219.0,329.0,218.0,371.0,204.0,370.0,2,0.8283555507659912,0.3867946863174438,156,204.0,0.19921875,0.20654296875,0.0005545616149902,1.3865068716712945,134,False,0,1,1,1,petit,75-90,0.0005035400390625,0.829232509870142,0.5206734808285693,0.5890980175309732,-2.7384710779543013,0.0684245367024039,-0.2518939442126261,Q3
val,P0796,234,val:P0796:234,ship,1,0,295.0,10.0,30.0,30.0,10.0,90.0,233.0,1343.0,223.0,1343.0,223.0,1313.0,233.0,1314.0,596,2324,GoogleEarth,0.293042370809,0.0002129803971398,3.0,P0796__x0_y1024,130,0,1024,1024,1.0,295.0,233.0,319.0,223.0,319.0,223.0,289.0,233.0,290.0,2,0.0,0.6898115277290344,27,223.0,0.2177734375,0.22265625,0.0002813339233398,1.3862943611198906,134,False,1,0,0,0,tres petit,75-90,0.0005035400390625,0.8294356222169659,0.5044490814920746,0.5845926129155387,-0.6246641682422485,0.080143531423464,-0.3569691728259577,Q2
val,P0796,235,val:P0796:235,ship,1,0,288.0,13.0,27.0,26.07680892944336,11.045360565185549,85.60129464500447,247.0,1344.0,236.0,1343.0,238.0,1317.0,249.0,1318.0,596,2324,GoogleEarth,0.293042370809,0.0002079266250043,2.360883447448173,P0796__x0_y1024,131,0,1024,1024,1.0,288.0,247.0,320.0,236.0,319.0,238.0,293.0,249.0,294.0,2,0.0,0.686936616897583,28,236.0,0.23046875,0.23681640625,0.000274658203125,1.2122038702030178,134,False,1,0,0,0,tres petit,75-90,0.0005035400390625,0.8480806392970467,0.5004385518219946,0.3859720621413217,-0.5695789450967574,-0.1144664896806729,-0.27040364035524284,Q2
val,P0796,236,val:P0796:236,ship,1,0,540.0,14.0,42.0,42.01190185546875,13.0,88.63607246839707,226.0,1353.0,239.0,1353.0,238.0,1395.0,225.0,1394.0,596,2324,GoogleEarth,0.293042370809,0.0003898624218831,3.231684758112981,P0796__x0_y1024,132,0,1024,1024,1.0,540.0,226.0,329.0,239.0,329.0,238.0,371.0,225.0,370.0,2,0.5325032472610474,0.40456622838974,141,225.0,0.2197265625,0.2265625,0.0005149841308593,1.4426002017325592,134,False,0,1,1,0,petit,75-90,0.0005035400390625,0.8203122781113198,0.5174974276551237,0.6019680842157151,-2.600757734524445,0.0844706565605913,-0.17299315967482706,Q3
val,P0796,237,val:P0796:237,ship,1,0,574.0,14.0,43.0,43.0,13.0,90.0,245.0,1354.0,258.0,1354.0,258.0,1397.0,244.0,1396.0,596,2324,GoogleEarth,0.293042370809,0.0004144093151128,3.3076923076923075,P0796__x0_y1024,133,0,1024,1024,1.0,574.0,245.0,330.0,258.0,330.0,258.0,373.0,244.0,372.0,2,0.8906301856040955,0.3176757097244262,199,244.0,0.23828125,0.245361328125,0.0005474090576171,1.4604023332736125,134,False,0,1,1,1,petit,75-90,0.0005035400390625,0.8178014487160247,0.4962261387326831,0.594607366571733,-2.6665905994184187,0.0983812278390498,-0.26460775098329675,Q2
val,P0796,238,val:P0796:238,harbor,7,0,2408.0,32.0,80.0,79.02531433105469,30.01666259765625,89.27477570094075,405.0,208.0,375.0,209.0,376.0,130.0,407.0,129.0,596,2324,GoogleEarth,0.293042370809,0.0017384976146195,2.6327148820743687,P0796__x0_y0,97,0,0,1024,1.0,2408.0,405.0,208.0,375.0,209.0,376.0,130.0,407.0,129.0,1,0.7899932861328125,0.6859909296035767,32,129.0,0.1259765625,0.1650390625,0.0022964477539062,1.2899802701357763,98,False,0,1,1,1,moyen,75-90,0.0005035400390625,0.124849538544086,0.4372775822557955,0.4740330864224597,-0.6062452625906893,0.0367555041666641,-0.19619627254323743,Q3
val,P0796,24,val:P0796:24,ship,1,0,256.5,11.0,27.0,27.073972702026367,9.0,85.76360520094116,132.0,720.0,142.0,720.0,140.0,747.0,131.0,747.0,596,2324,GoogleEarth,0.293042370809,0.0001851846503944,3.008219189114041,P0796__x0_y0,23,0,0,1024,1.0,256.5,132.0,720.0,142.0,720.0,140.0,747.0,131.0,747.0,1,0.6078884601593018,0.4563986361026764,110,131.0,0.1279296875,0.133056640625,0.0002446174621582,1.3883470501899395,98,False,1,1,1,1,tres petit,75-90,0.0005035400390625,0.7218777044125233,0.525934334771803,0.5566952442301211,0.644860434987574,0.0307609094583181,-0.201080410443883,Q3
val,P0796,25,val:P0796:25,ship,1,0,310.5,12.0,30.0,30.066593170166016,10.049875259399414,86.18592516570963,146.0,720.0,157.0,720.0,155.0,750.0,145.0,749.0,596,2324,GoogleEarth,0.293042370809,0.0002241708925827,2.991737946403408,P0796__x0_y0,24,0,0,1024,1.0,310.5,146.0,720.0,157.0,720.0,155.0,750.0,145.0,749.0,1,0.7113146781921387,0.3157040476799011,158,145.0,0.1416015625,0.147216796875,0.0002961158752441,1.3842267116059856,98,False,1,1,1,1,tres petit,75-90,0.0005035400390625,0.7220378259339739,0.5142231140447029,0.5743861498063274,0.6496250208634861,0.0601630357616245,-0.16850563628772555,Q3
val,P0796,26,val:P0796:26,ship,1,0,221.0,9.0,26.0,26.01922416687012,8.0,90.0,162.0,721.0,170.0,721.0,170.0,747.0,161.0,747.0,596,2324,GoogleEarth,0.293042370809,0.0001595548059929,3.2524030208587646,P0796__x0_y0,25,0,0,1024,1.0,221.0,162.0,721.0,170.0,721.0,170.0,747.0,161.0,747.0,1,0.5375182628631592,0.3774718344211578,136,161.0,0.1572265625,0.161865234375,0.0002107620239257,1.4474842398211971,98,False,1,1,1,0,tres petit,75-90,0.0005035400390625,0.7127791811793178,0.5046521195125689,0.5927361749009119,0.6594585228991028,0.0880840553883429,-0.21847880647119836,Q3
val,P0796,27,val:P0796:27,ship,1,0,351.0,12.0,31.0,31.0161247253418,11.045360565185549,88.1523897340054,176.0,720.0,188.0,720.0,187.0,751.0,176.0,750.0,596,2324,GoogleEarth,0.293042370809,0.000253410574224,2.808068106269265,P0796__x0_y0,26,0,0,1024,1.0,351.0,176.0,720.0,188.0,720.0,187.0,751.0,176.0,750.0,1,0.6851358413696289,0.2740135490894317,181,176.0,0.171875,0.177490234375,0.0003347396850585,1.3371220018188852,98,False,1,1,1,1,tres petit,75-90,0.0005035400390625,0.7308573388834156,0.5152906842915733,0.5820572555188088,0.638619273862353,0.0667665712272355,-0.16192388716233666,Q3
val,P0796,28,val:P0796:28,ship,1,0,239.0,10.0,27.0,27.01851272583008,9.0,87.87890360333854,234.0,821.0,225.0,821.0,226.0,794.0,235.0,795.0,596,2324,GoogleEarth,0.293042370809,0.0001725502200556,3.0020569695366754,P0796__x0_y0,27,0,0,1024,1.0,239.0,234.0,821.0,225.0,821.0,226.0,794.0,235.0,795.0,1,0.0,0.7756703495979309,9,203.0,0.1982421875,0.211181640625,0.000227928161621,1.3868084713267568,98,False,1,0,0,0,tres petit,75-90,0.0005035400390625,0.718416856440458,0.5188121257492643,0.5889079945289624,-0.7496343327732365,0.070095868779698,-0.19626219154873503,Q3
val,P0796,29,val:P0796:29,ship,1,0,265.5,11.0,27.0,27.01851272583008,10.0,87.7974018382342,171.0,822.0,161.0,821.0,162.0,795.0,172.0,795.0,596,2324,GoogleEarth,0.293042370809,0.0001916823574258,2.701851272583008,P0796__x0_y0,28,0,0,1024,1.0,265.5,171.0,822.0,161.0,821.0,162.0,795.0,172.0,795.0,1,0.0,0.7745702266693115,10,161.0,0.1572265625,0.16259765625,0.0002532005310058,1.3088330384612394,98,False,1,0,0,0,tres petit,75-90,0.0005035400390625,0.7369203139034544,0.5134768843767131,0.5676279673353788,-0.7161194016866321,0.0541510829586656,-0.1305441204635082,Q4
val,P0796,3,val:P0796:3,ship,1,0,517.0,13.0,44.0,43.011627197265625,12.04159450531006,88.66778014613037,260.0,834.0,272.0,835.0,271.0,878.0,259.0,877.0,596,2324,GoogleEarth,0.293042370809,0.0003732571705806,3.571921241684273,P0796__x0_y0,2,0,0,1024,1.0,517.0,260.0,834.0,272.0,835.0,271.0,878.0,259.0,877.0,1,0.7855404019355774,0.3420137465000152,148,146.0,0.142578125,0.1640625,0.000493049621582,1.5199335195559045,98,False,1,1,1,1,tres petit,75-90,0.0005035400390625,0.6965769432339337,0.5189419882511894,0.5948580728047518,0.6575344271221996,0.0759160845535623,-0.09758151001115545,Q4
val,P0796,30,val:P0796:30,ship,1,0,420.0,13.0,35.0,35.0142822265625,12.0,88.36342295838328,234.0,712.0,222.0,712.0,221.0,677.0,233.0,677.0,596,2324,GoogleEarth,0.293042370809,0.0003032263281313,2.917856852213541,P0796__x0_y0,29,0,0,1024,1.0,420.0,234.0,712.0,222.0,712.0,221.0,677.0,233.0,677.0,1,0.8252972364425659,0.3635257482528686,142,221.0,0.2158203125,0.22216796875,0.0004005432128906,1.3655447829216492,98,False,1,1,1,1,tres petit,75-90,0.0005035400390625,0.722217491070251,0.516825457668661,0.591363293436905,0.6403462129061863,0.074537835768244,-0.1958134170992029,Q3
val,P0796,31,val:P0796:31,ship,1,0,283.5,11.0,27.0,27.01851272583008,10.0,87.87890360333854,168.0,981.0,179.0,981.0,178.0,1008.0,168.0,1008.0,596,2324,GoogleEarth,0.293042370809,0.0002046777714886,2.701851272583008,P0796__x0_y0,30,0,0,1024,1.0,283.5,168.0,981.0,179.0,981.0,178.0,1008.0,168.0,1008.0,1,0.738898515701294,0.250070720911026,192,16.0,0.015625,0.02880859375,0.0002703666687011,1.3088330384612394,98,False,1,1,1,1,tres petit,75-90,0.0005035400390625,0.7469179093873513,0.4728278955195812,0.5326843449669354,0.6855151050503153,0.0598564494473541,-0.1490041591193208,Q3
val,P0796,32,val:P0796:32,ship,1,0,299.5,12.0,27.0,26.01922416687012,11.045360565185549,87.7974018382342,288.0,1086.0,276.0,1085.0,277.0,1059.0,288.0,1060.0,596,2324,GoogleEarth,0.293042370809,0.0002162292506555,2.355669967794576,P0796__x0_y1024,1,0,1024,1024,1.0,299.5,288.0,62.0,276.0,61.0,277.0,35.0,288.0,36.0,1,0.7467117309570312,0.4752683043479919,99,35.0,0.0341796875,0.04736328125,0.0002856254577636,1.2106514428259587,134,False,1,1,1,1,tres petit,75-90,0.0005035400390625,0.8589327455871825,0.5133109828852995,0.3805157508288688,0.5884303264681081,-0.1327952320564306,-0.21464442392245967,Q3
val,P0796,33,val:P0796:33,ship,1,0,546.0,16.0,39.0,39.051246643066406,14.0,87.06432655357882,268.0,1096.0,282.0,1096.0,280.0,1135.0,266.0,1135.0,596,2324,GoogleEarth,0.293042370809,0.0003941942265707,2.789374760219029,P0796__x0_y1024,2,0,1024,1024,1.0,546.0,268.0,72.0,282.0,72.0,280.0,111.0,266.0,111.0,1,0.768774688243866,0.3404397964477539,183,72.0,0.0703125,0.08935546875,0.0005207061767578,1.3322010345666742,134,False,0,1,1,1,petit,75-90,0.0005035400390625,0.8414702114257071,0.5353392875675203,0.5546054499990567,-2.911796299780243,0.0192661624315364,-0.19965639355015463,Q3
val,P0796,34,val:P0796:34,ship,1,0,533.0,14.0,41.0,41.01219177246094,13.0,88.60281897270362,303.0,1095.0,316.0,1095.0,315.0,1136.0,302.0,1136.0,596,2324,GoogleEarth,0.293042370809,0.0003848086497476,3.154783982496995,P0796__x0_y1024,3,0,1024,1024,1.0,533.0,303.0,71.0,316.0,71.0,315.0,112.0,302.0,112.0,1,0.7745348215103149,0.4750799238681793,101,71.0,0.0693359375,0.08935546875,0.0005083084106445,1.4242604371838137,134,False,0,1,1,1,petit,75-90,0.0005035400390625,0.8304793783278551,0.5330690768367745,0.5802967324786332,-2.707191945687094,0.0472276556418587,-0.20511830624912047,Q3
val,P0796,35,val:P0796:35,ship,1,0,262.0,10.0,30.0,29.017236709594727,9.05538558959961,88.02506598911803,333.0,1087.0,324.0,1086.0,325.0,1057.0,334.0,1058.0,596,2324,GoogleEarth,0.293042370809,0.0001891554713581,3.204417572557255,P0796__x0_y1024,4,0,1024,1024,1.0,262.0,333.0,63.0,324.0,62.0,325.0,33.0,334.0,34.0,1,0.5970445275306702,0.2709264457225799,233,33.0,0.0322265625,0.046875,0.0002498626708984,1.4361357755219408,134,False,1,1,1,0,tres petit,75-90,0.0005035400390625,0.8307392441225998,0.5181156867135417,0.5660524907966932,0.5702998828391435,0.0479368040831514,-0.08724439330401944,Q4
val,P0796,36,val:P0796:36,ship,1,0,532.0,15.0,38.0,38.01315689086914,14.0,88.49256424122503,358.0,1097.0,372.0,1097.0,371.0,1135.0,357.0,1135.0,596,2324,GoogleEarth,0.293042370809,0.0003840866822996,2.715225492204939,P0796__x0_y1024,5,0,1024,1024,1.0,532.0,358.0,73.0,372.0,73.0,371.0,111.0,357.0,111.0,1,0.6378349661827087,0.5766828060150146,60,73.0,0.0712890625,0.08984375,0.0005073547363281,1.3124393740948312,134,False,0,1,1,1,petit,75-90,0.0005035400390625,0.844992769584971,0.5270540370986415,0.5494437990914102,-3.0287321865450805,0.0223897619927686,-0.16426111922033557,Q3
val,P0796,37,val:P0796:37,ship,1,0,311.0,12.0,28.0,27.01851272583008,11.045360565185549,87.87890360333854,367.0,1088.0,355.0,1087.0,356.0,1060.0,367.0,1061.0,596,2324,GoogleEarth,0.293042370809,0.0002245318763067,2.4461413066940656,P0796__x0_y1024,6,0,1024,1024,1.0,311.0,367.0,64.0,355.0,63.0,356.0,36.0,367.0,37.0,1,0.6885625123977661,0.616663932800293,50,36.0,0.03515625,0.048828125,0.0002965927124023,1.2372551432702572,134,False,1,1,1,1,tres petit,75-90,0.0005035400390625,0.8557868428812401,0.5136123208050785,0.4956725766049918,0.5713745547870912,-0.0179397442000866,-0.19840568246233853,Q3
val,P0796,38,val:P0796:38,ship,1,0,451.5,14.0,37.0,36.055511474609375,12.04159450531006,88.40885972880542,320.0,972.0,308.0,971.0,309.0,935.0,322.0,936.0,596,2324,GoogleEarth,0.293042370809,0.0003259683027411,2.9942472700529605,P0796__x0_y0,31,0,0,1024,1.0,451.5,320.0,972.0,308.0,971.0,309.0,935.0,322.0,936.0,1,0.7818040251731873,0.329172670841217,152,52.0,0.05078125,0.06884765625,0.0004305839538574,1.3848551434560634,98,False,1,1,1,1,tres petit,75-90,0.0005035400390625,0.7303663638562007,0.5286780665991794,0.5581863915938738,0.6344288556629349,0.0295083249946944,-0.17944303147558646,Q3
val,P0796,39,val:P0796:39,ship,1,0,220.5,9.0,25.0,25.0,9.0,90.0,295.0,986.0,304.0,986.0,304.0,1011.0,295.0,1010.0,596,2324,GoogleEarth,0.293042370809,0.0001591938222689,2.7777777777777777,P0796__x0_y0,32,0,0,1024,1.0,220.5,295.0,986.0,304.0,986.0,304.0,1011.0,295.0,1010.0,1,0.4215430617332458,0.3580881655216217,145,13.0,0.0126953125,0.025146484375,0.0002102851867675,1.329135947279942,98,False,1,1,0,0,tres petit,75-90,0.0005035400390625,0.7456848455214393,0.4618067027610926,0.5359697479887946,-0.6445987094301977,0.0741630452277019,-0.3045916393651124,Q2
val,P0796,4,val:P0796:4,ship,1,0,175.5,9.0,20.0,20.0,9.0,90.0,383.0,853.0,392.0,854.0,392.0,873.0,383.0,873.0,596,2324,GoogleEarth,0.293042370809,0.000126705287112,2.2222222222222223,P0796__x0_y0,3,0,0,1024,1.0,175.5,383.0,853.0,392.0,854.0,392.0,873.0,383.0,873.0,1,0.0,0.8966508507728577,0,151.0,0.1474609375,0.156982421875,0.0001673698425292,1.1700712526502546,98,False,1,0,0,0,tres petit,75-90,0.0005035400390625,0.7645522224597237,0.5008842444559194,0.3934162407414858,-0.6220387932358922,-0.1074680037144335,-0.41523075705985196,Q2
val,P0796,40,val:P0796:40,ship,1,0,370.5,13.0,29.0,29.0,13.0,90.0,263.0,984.0,276.0,984.0,276.0,1013.0,263.0,1012.0,596,2324,GoogleEarth,0.293042370809,0.0002674889394586,2.230769230769231,P0796__x0_y0,33,0,0,1024,1.0,370.5,263.0,984.0,276.0,984.0,276.0,1013.0,263.0,1012.0,1,0.0,0.7745549082756042,11,11.0,0.0107421875,0.025146484375,0.0003533363342285,1.1727202608218317,98,False,1,0,0,0,tres petit,75-90,0.0005035400390625,0.7731647839876237,0.4581325425291139,0.375682944701341,-0.5683524124434922,-0.0824495978277728,-0.3826530683813251,Q2
val,P0796,41,val:P0796:41,ship,1,0,369.0,12.0,34.0,34.01470184326172,11.0,88.26429541107161,268.0,973.0,257.0,972.0,258.0,939.0,269.0,939.0,596,2324,GoogleEarth,0.293042370809,0.0002664059882868,3.0922456221147017,P0796__x0_y0,34,0,0,1024,1.0,369.0,268.0,973.0,257.0,972.0,258.0,939.0,269.0,939.0,1,0.0,0.768740177154541,12,51.0,0.0498046875,0.066650390625,0.0003519058227539,1.4090938712426713,98,False,1,0,0,0,tres petit,75-90,0.0005035400390625,0.7257594450429173,0.528146696543113,0.5650525814060744,-0.7416614286807988,0.0369058848629614,-0.17379289020141164,Q3
val,P0796,42,val:P0796:42,ship,1,0,362.5,11.0,35.0,35.0142822265625,10.049875259399414,88.36342295838328,252.0,971.0,241.0,971.0,242.0,936.0,252.0,937.0,596,2324,GoogleEarth,0.293042370809,0.0002617131998752,3.4840514257940125,P0796__x0_y0,35,0,0,1024,1.0,362.5,252.0,971.0,241.0,971.0,242.0,936.0,252.0,937.0,1,0.0,0.7631453275680542,13,53.0,0.0517578125,0.068603515625,0.0003457069396972,1.5005269738760867,98,False,1,0,0,0,tres petit,75-90,0.0005035400390625,0.7078575915227715,0.5306678354706303,0.5712610443582163,-0.766435000175337,0.0405932088875859,-0.08411729864843219,Q4
val,P0796,43,val:P0796:43,ship,1,0,302.5,11.0,28.0,28.0,11.0,90.0,214.0,982.0,225.0,982.0,225.0,1010.0,214.0,1009.0,596,2324,GoogleEarth,0.293042370809,0.0002183951529993,2.5454545454545454,P0796__x0_y0,36,0,0,1024,1.0,302.5,214.0,982.0,225.0,982.0,225.0,1010.0,214.0,1009.0,1,0.0,0.7592296004295349,14,14.0,0.013671875,0.027587890625,0.0002884864807128,1.265666373331276,98,False,1,0,0,0,tres petit,75-90,0.0005035400390625,0.7569204179297799,0.4562354724442596,0.5212837831207172,-0.6236420334768389,0.0650483106764576,-0.30891750148866054,Q2
val,P0796,44,val:P0796:44,ship,1,0,547.0,14.0,41.0,41.0,13.0,88.56790381583535,216.0,973.0,202.0,972.0,203.0,932.0,216.0,932.0,596,2324,GoogleEarth,0.293042370809,0.0003949161940186,3.1538461538461537,P0796__x0_y0,37,0,0,1024,1.0,547.0,216.0,973.0,202.0,972.0,203.0,932.0,216.0,932.0,1,0.7681910395622253,0.2817868292331695,176,51.0,0.0498046875,0.070068359375,0.0005216598510742,1.4240346891027376,98,False,0,1,1,1,petit,75-90,0.0005035400390625,0.7229561280472454,0.5324032217106444,0.5723388023710878,-1.6478721120110509,0.0399355806604434,-0.1857764415428722,Q3
val,P0796,45,val:P0796:45,ship,1,0,283.5,11.0,28.0,28.01785087585449,10.049875259399414,87.95459151111278,141.0,821.0,130.0,822.0,131.0,794.0,141.0,795.0,596,2324,GoogleEarth,0.293042370809,0.0002046777714886,2.787880461466429,P0796__x0_y0,38,0,0,1024,1.0,283.5,141.0,821.0,130.0,822.0,131.0,794.0,141.0,795.0,1,0.5658136606216431,0.4531138837337494,113,130.0,0.126953125,0.132568359375,0.0002703666687011,1.3318066176628605,98,False,1,1,1,0,tres petit,75-90,0.0005035400390625,0.7350491735546516,0.5367222309355582,0.559558217932608,0.622036418632723,0.0228359869970498,-0.16994019862024604,Q3
val,P0796,46,val:P0796:46,ship,1,0,473.0,14.0,36.0,36.0,13.0,90.0,181.0,970.0,168.0,970.0,168.0,934.0,182.0,936.0,596,2324,GoogleEarth,0.293042370809,0.0003414906028716,2.769230769230769,P0796__x0_y0,39,0,0,1024,1.0,473.0,181.0,970.0,168.0,970.0,168.0,934.0,182.0,936.0,1,0.0,0.7553272843360901,15,54.0,0.052734375,0.06982421875,0.0004510879516601,1.32687094064909,98,False,1,0,0,0,tres petit,75-90,0.0005035400390625,0.7428089575633313,0.5203857907765206,0.5422400016817148,-0.7081316032945273,0.0218542109051942,-0.3358694841605606,Q2
val,P0796,47,val:P0796:47,ship,1,0,527.0,14.0,40.0,39.0128173828125,13.03840446472168,88.53119928561418,164.0,970.0,150.0,969.0,151.0,930.0,164.0,931.0,596,2324,GoogleEarth,0.293042370809,0.00038047684506,2.992146584221283,P0796__x0_y0,40,0,0,1024,1.0,527.0,164.0,970.0,150.0,969.0,151.0,930.0,164.0,931.0,1,0.6923913955688477,0.4633441567420959,108,54.0,0.052734375,0.072265625,0.000502586364746,1.3843290772693828,98,False,1,1,1,1,tres petit,75-90,0.0005035400390625,0.730337475341309,0.5321189853032334,0.5596824612141286,0.6304594707797023,0.0275634759108951,-0.19084813543067,Q3
val,P0796,48,val:P0796:48,ship,1,0,507.0,15.0,38.0,38.05259704589844,13.03840446472168,86.98721249581666,128.0,968.0,114.0,968.0,116.0,930.0,129.0,931.0,596,2324,GoogleEarth,0.293042370809,0.0003660374961013,2.918501044269508,P0796__x0_y0,41,0,0,1024,1.0,507.0,128.0,968.0,114.0,968.0,116.0,930.0,129.0,931.0,1,0.7480061650276184,0.497450590133667,90,56.0,0.0546875,0.072998046875,0.0004835128784179,1.3657091940080055,98,False,1,1,1,1,tres petit,75-90,0.0005035400390625,0.7321426745710812,0.5272070822209065,0.5567608529271161,0.6349537323087092,0.0295537707062095,-0.21054815238385907,Q3
val,P0796,49,val:P0796:49,ship,1,0,597.0,16.0,39.0,39.0128173828125,15.033296585083008,88.53119928561418,112.0,968.0,96.0,968.0,97.0,929.0,112.0,930.0,596,2324,GoogleEarth,0.293042370809,0.0004310145664152,2.5950939743664403,P0796__x0_y0,42,0,0,1024,1.0,597.0,112.0,968.0,96.0,968.0,97.0,929.0,112.0,930.0,1,0.6513184905052185,0.4745591282844543,102,56.0,0.0546875,0.073486328125,0.0005693435668945,1.279570131128004,98,False,0,1,1,1,petit,75-90,0.0005035400390625,0.7496387441272798,0.528972049494149,0.5408787331023529,-1.869486461125478,0.0119066836082039,-0.18415032747197113,Q3
val,P0796,5,val:P0796:5,ship,1,0,468.0,14.0,36.0,36.013885498046875,13.0,88.40885972880541,346.0,840.0,359.0,840.0,358.0,876.0,345.0,876.0,596,2324,GoogleEarth,0.293042370809,0.000337880765632,2.770298884465144,P0796__x0_y0,4,0,0,1024,1.0,468.0,346.0,840.0,359.0,840.0,358.0,876.0,345.0,876.0,1,0.6450211405754089,0.4659287929534912,107,148.0,0.14453125,0.162109375,0.0004463195800781,1.3271542780164274,98,False,1,1,1,1,tres petit,75-90,0.0005035400390625,0.7341782310769418,0.5154238385691512,0.5784838458249478,0.6371932848888641,0.0630600072557966,-0.12620856802133576,Q4
val,P0796,50,val:P0796:50,ship,1,0,518.0,16.0,35.0,35.0142822265625,15.0,88.31531568210372,92.0,967.0,77.0,966.0,78.0,932.0,93.0,932.0,596,2324,GoogleEarth,0.293042370809,0.0003739791380286,2.3342854817708334,P0796__x0_y0,43,0,0,1024,1.0,518.0,92.0,967.0,77.0,966.0,78.0,932.0,93.0,932.0,1,0.693992018699646,0.3263909220695495,154,57.0,0.0556640625,0.072998046875,0.0004940032958984,1.204258408068554,98,False,1,1,1,1,tres petit,75-90,0.0005035400390625,0.762815203022886,0.5262409744987854,0.3893759096865942,0.6636225079231491,-0.1368650648121911,-0.24242742677530563,Q3
val,P0796,51,val:P0796:51,ship,1,0,328.0,12.0,29.0,29.0,11.0,90.0,77.0,976.0,88.0,976.0,88.0,1005.0,76.0,1004.0,596,2324,GoogleEarth,0.293042370809,0.0002368053229216,2.636363636363636,P0796__x0_y0,44,0,0,1024,1.0,328.0,77.0,976.0,88.0,976.0,88.0,1005.0,76.0,1004.0,1,0.5998774170875549,0.299172967672348,170,19.0,0.0185546875,0.032958984375,0.0003128051757812,1.2909841813155656,98,False,1,1,1,0,tres petit,75-90,0.0005035400390625,0.752021727958094,0.4797967627255909,0.5240794797515264,0.677137463843828,0.0442827170259354,-0.30590962424013024,Q2
val,P0796,52,val:P0796:52,ship,1,0,904.0,20.0,54.0,53.15073013305664,16.031219482421875,87.83892051177362,55.0,944.0,71.0,945.0,69.0,998.0,51.0,997.0,596,2324,GoogleEarth,0.293042370809,0.0006526585729302,3.315451465893537,P0796__x0_y0,45,0,0,1024,1.0,904.0,55.0,944.0,71.0,945.0,69.0,998.0,51.0,997.0,1,0.7514214515686035,0.5101574063301086,87,26.0,0.025390625,0.0517578125,0.0008621215820312,1.4622019461524025,98,False,0,1,1,1,petit,75-90,0.0005035400390625,0.7161684716802759,0.5210678016473018,0.5616871067801839,-1.6467626470694168,0.040619305132882,-0.08732134087959854,Q4
val,P0796,53,val:P0796:53,ship,1,0,1155.5,20.0,63.0,63.0079345703125,18.027755737304688,89.09061955080085,55.0,799.0,73.0,798.0,72.0,861.0,53.0,861.0,596,2324,GoogleEarth,0.293042370809,0.000834233386085,3.4950514910700003,P0796__x0_y0,46,0,0,1024,1.0,1155.5,55.0,799.0,73.0,798.0,72.0,861.0,53.0,861.0,1,0.7448403835296631,0.3504630625247955,147,53.0,0.0517578125,0.061767578125,0.0011019706726074,1.5029771230459603,98,False,0,1,1,1,moyen,75-90,0.0005035400390625,0.7087393552365733,0.5272879467062368,0.5625604331403775,-1.5877138723226984,0.0352724864341407,-0.14388820520398457,Q3
val,P0796,54,val:P0796:54,ship,1,0,540.0,16.0,40.0,40.112342834472656,13.0,87.13759477388825,83.0,828.0,96.0,828.0,94.0,868.0,80.0,868.0,596,2324,GoogleEarth,0.293042370809,0.0003898624218831,3.0855648334209738,P0796__x0_y0,47,0,0,1024,1.0,540.0,83.0,828.0,96.0,828.0,94.0,868.0,80.0,868.0,1,0.5902822017669678,0.3280707597732544,153,80.0,0.078125,0.086181640625,0.0005149841308593,1.4074599888688284,98,False,0,1,1,0,petit,75-90,0.0005035400390625,0.7233340043567147,0.5329774017969194,0.5735001297414692,-1.6475148536787023,0.0405227279445498,-0.20693983515800535,Q3
val,P0796,55,val:P0796:55,ship,1,0,445.0,13.0,38.0,37.01351165771485,12.04159450531006,88.45184230102204,101.0,829.0,113.0,830.0,112.0,867.0,100.0,866.0,596,2324,GoogleEarth,0.293042370809,0.0003212755143296,3.073804855444415,P0796__x0_y0,48,0,0,1024,1.0,445.0,101.0,829.0,113.0,830.0,112.0,867.0,100.0,866.0,1,0.7575328350067139,0.530833899974823,77,100.0,0.09765625,0.10400390625,0.0004243850708007,1.404577416668275,98,False,1,1,1,1,tres petit,75-90,0.0005035400390625,0.7239482601844501,0.5290792552642559,0.5719667985670819,0.6341358755025087,0.0428875433028259,-0.18380923665446566,Q3
val,P0796,56,val:P0796:56,ship,1,0,303.0,12.0,28.0,28.01785087585449,11.0,87.95459151111278,95.0,820.0,84.0,820.0,85.0,792.0,96.0,793.0,596,2324,GoogleEarth,0.293042370809,0.0002187561367233,2.547077352350408,P0796__x0_y0,49,0,0,1024,1.0,303.0,95.0,820.0,84.0,820.0,85.0,792.0,96.0,793.0,1,0.0290297772735357,0.3814440965652466,135,84.0,0.08203125,0.087890625,0.000288963317871,1.2661239833773257,98,False,1,0,0,0,tres petit,75-90,0.0005035400390625,0.7504281855778429,0.5286957257620312,0.5412684159043561,-0.7087067424626351,0.0125726901423249,-0.20770534659507853,Q3
val,P0796,57,val:P0796:57,ship,1,0,361.0,13.0,31.0,30.01666259765625,12.04159450531006,88.09084756700362,126.0,821.0,114.0,820.0,115.0,790.0,127.0,791.0,596,2324,GoogleEarth,0.293042370809,0.0002606302487033,2.4927481642418376,P0796__x0_y0,50,0,0,1024,1.0,361.0,126.0,821.0,114.0,820.0,115.0,790.0,127.0,791.0,1,0.7192050218582153,0.5628653168678284,64,114.0,0.111328125,0.11767578125,0.0003442764282226,1.2506888659572646,98,False,1,1,1,1,tres petit,75-90,0.0005035400390625,0.7511906171226701,0.5303115631291939,0.5084882319939183,0.632486982122827,-0.0218233311352755,-0.21075138475023156,Q3
val,P0796,58,val:P0796:58,ship,1,0,469.0,13.0,38.0,38.0,12.0,90.0,265.0,714.0,253.0,714.0,253.0,676.0,266.0,677.0,596,2324,GoogleEarth,0.293042370809,0.0003386027330799,3.1666666666666665,P0796__x0_y0,51,0,0,1024,1.0,469.0,265.0,714.0,253.0,714.0,253.0,676.0,266.0,677.0,1,0.7913081645965576,0.4078614115715027,125,253.0,0.2470703125,0.253173828125,0.0004472732543945,1.4271163556401456,98,False,1,1,1,1,tres petit,75-90,0.0005035400390625,0.7095478933683365,0.4956765252662855,0.5956283232097217,0.6698522663539077,0.0999517979434361,-0.2943314568993715,Q2
val,P0796,59,val:P0796:59,ship,1,0,443.0,14.0,36.0,36.055511474609375,12.0,88.36342295838328,218.0,712.0,205.0,711.0,204.0,676.0,216.0,676.0,596,2324,GoogleEarth,0.293042370809,0.0003198315794337,3.004625956217448,P0796__x0_y0,52,0,0,1024,1.0,443.0,218.0,712.0,205.0,711.0,204.0,676.0,216.0,676.0,1,0.8013889789581299,0.605294942855835,51,204.0,0.19921875,0.205810546875,0.0004224777221679,1.3874501819559282,98,False,1,1,1,1,tres petit,75-90,0.0005035400390625,0.7192481473731118,0.5173439606253327,0.5941424445466473,0.6410787770797383,0.0767984839213146,-0.19035070975203125,Q3
val,P0796,6,val:P0796:6,harbor,7,0,22125.0,315.0,82.0,312.2306823730469,70.1783447265625,1.847610265994596,77.0,744.0,82.0,674.0,392.0,684.0,389.0,756.0,596,2324,GoogleEarth,0.293042370809,0.015973529785489,4.449102975990649,P0796__x0_y0,5,0,0,1024,1.0,22125.0,77.0,744.0,82.0,674.0,392.0,684.0,389.0,756.0,1,0.0,0.0,-1,77.0,0.0751953125,0.2294921875,0.0211000442504882,1.6954510035671264,98,False,0,0,0,0,grand,0-15,0.0005035400390625,0.0551470876832741,0.321439150863733,0.4617863498098737,0.4805474001346859,0.1403471989461406,-0.46744092263205433,Q1
val,P0796,60,val:P0796:60,ship,1,0,530.0,16.0,37.0,37.05401611328125,14.03566837310791,86.90594194108289,214.0,1093.0,229.0,1093.0,227.0,1130.0,213.0,1129.0,596,2324,GoogleEarth,0.293042370809,0.0003826427474038,2.639989427527091,P0796__x0_y1024,7,0,1024,1024,1.0,530.0,214.0,69.0,229.0,69.0,227.0,106.0,213.0,105.0,1,0.6953046321868896,0.3116142153739929,204,69.0,0.0673828125,0.085205078125,0.0005054473876953,1.291980777118907,134,False,0,1,1,1,petit,75-90,0.0005035400390625,0.8466619454825071,0.522530571926416,0.5441499311470327,-3.0922158174159424,0.0216193592206166,-0.20416761589633345,Q3
val,P0796,61,val:P0796:61,swimming-pool,14,0,1559.0,58.0,55.0,46.69047164916992,33.42155075073242,46.73570458892839,432.0,1112.0,458.0,1090.0,490.0,1124.0,464.0,1145.0,596,2324,GoogleEarth,0.293042370809,0.0011255472513255,1.397016912751923,P0796__x0_y1024,8,0,1024,1024,1.0,1559.0,432.0,88.0,458.0,66.0,490.0,100.0,464.0,121.0,1,0.0,0.0,-1,66.0,0.064453125,0.091552734375,0.0014867782592773,0.8742250112270729,134,False,0,0,0,0,moyen,45-60,0.0005035400390625,0.9332861770481072,0.3404955109531702,0.2335025337377092,4.996829527435502,-0.106992977215461,-0.33416563253240134,Q2
val,P0796,62,val:P0796:62,ship,1,0,506.5,13.0,41.0,41.0,12.0,90.0,194.0,296.0,206.0,296.0,206.0,337.0,193.0,336.0,596,2324,GoogleEarth,0.293042370809,0.0003656765123774,3.4166666666666665,P0796__x0_y0,53,0,0,1024,1.0,506.5,194.0,296.0,206.0,296.0,206.0,337.0,193.0,336.0,1,0.5758522152900696,0.5622454881668091,65,193.0,0.1884765625,0.195068359375,0.0004830360412597,1.4853852637641214,98,False,1,1,1,0,tres petit,75-90,0.0005035400390625,0.7025759303776667,0.5044369040038104,0.5960595010268344,0.6665647228599128,0.091622597023024,-0.2468818261673692,Q3
val,P0796,63,val:P0796:63,ship,1,0,644.0,16.0,46.0,46.04345703125,14.0,87.51044707800084,172.0,292.0,186.0,292.0,184.0,338.0,170.0,338.0,596,2324,GoogleEarth,0.293042370809,0.000464947036468,3.288818359375,P0796__x0_y0,54,0,0,1024,1.0,644.0,172.0,292.0,186.0,292.0,184.0,338.0,170.0,338.0,1,0.7072926163673401,0.4368749558925628,120,170.0,0.166015625,0.173828125,0.0006141662597656,1.456011254294039,98,False,0,1,1,1,petit,75-90,0.0005035400390625,0.7073311246833901,0.5134644264058522,0.601300220548411,-1.574573893487574,0.0878357941425588,-0.08588019534912793,Q4
val,P0796,64,val:P0796:64,ship,1,0,860.5,19.0,53.0,52.08646774291992,16.031219482421875,86.69813432556501,115.0,340.0,98.0,339.0,101.0,287.0,117.0,288.0,596,2324,GoogleEarth,0.293042370809,0.0006212529889452,3.249064601731165,P0796__x0_y0,55,0,0,1024,1.0,860.5,115.0,340.0,98.0,339.0,101.0,287.0,117.0,288.0,1,0.7698795795440674,0.3988712131977081,127,98.0,0.095703125,0.105224609375,0.0008206367492675,1.4466988650018362,98,False,0,1,1,1,petit,75-90,0.0005035400390625,0.7137200715711919,0.522227143587182,0.5783220019188919,-1.61280613320822,0.0560948583317099,-0.11294934485517547,Q4
val,P0796,65,val:P0796:65,ship,1,0,735.0,16.0,50.0,50.0099983215332,15.033296585083008,88.8542371618249,122.0,287.0,137.0,286.0,136.0,336.0,121.0,335.0,596,2324,GoogleEarth,0.293042370809,0.0005306460742298,3.3266155589025166,P0796__x0_y0,56,0,0,1024,1.0,735.0,122.0,287.0,137.0,286.0,136.0,336.0,121.0,335.0,1,0.6024352312088013,0.3508986830711365,146,121.0,0.1181640625,0.1259765625,0.0007009506225585,1.4647856102659231,98,False,0,1,1,1,petit,75-90,0.0005035400390625,0.7109258962433523,0.5326430062591754,0.5801904712673805,-1.5691902076761024,0.0475474650082051,-0.14567314246055188,Q3
val,P0796,66,val:P0796:66,ship,1,0,877.0,19.0,54.0,53.0848388671875,16.031219482421875,86.76029970389787,145.0,287.0,162.0,288.0,159.0,341.0,143.0,340.0,596,2324,GoogleEarth,0.293042370809,0.0006331654518361,3.311341281640781,P0796__x0_y0,57,0,0,1024,1.0,877.0,145.0,287.0,162.0,288.0,159.0,341.0,143.0,340.0,1,0.6810883283615112,0.495402455329895,92,143.0,0.1396484375,0.148681640625,0.0008363723754882,1.4612490579391244,98,False,0,1,1,1,petit,75-90,0.0005035400390625,0.7074519572873147,0.5137220066706982,0.5937271112396831,-1.5822107449039196,0.0800051045689849,-0.07470142909291312,Q4
val,P0796,67,val:P0796:67,ship,1,0,553.0,14.0,43.0,43.046485900878906,12.04159450531006,90.0,200.0,274.0,188.0,273.0,188.0,231.0,202.0,231.0,596,2324,GoogleEarth,0.293042370809,0.0003992479987062,3.5748160994705827,P0796__x0_y0,58,0,0,1024,1.0,553.0,200.0,274.0,188.0,273.0,188.0,231.0,202.0,231.0,1,0.714230477809906,0.4471282958984375,116,188.0,0.18359375,0.18994140625,0.0005273818969726,1.520566501082539,98,False,0,1,1,1,petit,75-90,0.0005035400390625,0.6958723922831207,0.5068475729326999,0.5960595010268344,-1.532319345470445,0.0892119280941344,-0.22011539484318998,Q3
val,P0796,68,val:P0796:68,ship,1,0,699.0,17.0,46.0,45.0444221496582,15.033296585083008,87.4551956201869,164.0,232.0,180.0,233.0,178.0,278.0,163.0,277.0,596,2324,GoogleEarth,0.293042370809,0.0005046552461042,2.996310349810709,P0796__x0_y0,59,0,0,1024,1.0,699.0,164.0,232.0,180.0,233.0,178.0,278.0,163.0,277.0,1,0.731378436088562,0.4953276216983795,93,163.0,0.1591796875,0.167236328125,0.0006666183471679,1.385371522888323,98,False,0,1,1,1,petit,75-90,0.0005035400390625,0.7216561270817765,0.5139064290938838,0.5824057112792576,-1.6778785554504805,0.0684992821853737,-0.17376467625322198,Q3
val,P0796,69,val:P0796:69,ship,1,0,609.5,15.0,44.0,44.0113639831543,14.0,88.66778014613037,136.0,275.0,122.0,274.0,123.0,231.0,137.0,231.0,596,2324,GoogleEarth,0.293042370809,0.0004400391595143,3.1436688559395924,P0796__x0_y0,60,0,0,1024,1.0,609.5,136.0,275.0,122.0,274.0,123.0,231.0,137.0,231.0,1,0.5706028938293457,0.5671969652175903,61,122.0,0.119140625,0.12646484375,0.0005812644958496,1.4215815924832789,98,False,0,1,1,0,petit,75-90,0.0005035400390625,0.7191514687626109,0.5344710944840243,0.5811212067912738,-1.61092987739362,0.0466501123072494,-0.21061293143198825,Q3
val,P0796,7,val:P0796:7,ship,1,0,260.0,10.0,26.0,26.0,10.0,90.0,320.0,726.0,330.0,726.0,330.0,752.0,320.0,752.0,596,2324,GoogleEarth,0.293042370809,0.0001877115364622,2.6,P0796__x0_y0,6,0,0,1024,1.0,260.0,320.0,726.0,330.0,726.0,330.0,752.0,320.0,752.0,1,0.0,0.869806706905365,1,272.0,0.265625,0.2783203125,0.0002479553222656,1.2809338454620642,98,False,1,0,0,0,tres petit,75-90,0.0005035400390625,0.7357800207961052,0.4885851435725127,0.5673142133117418,-0.6923087367751617,0.078729069739229,-0.370765470959645,Q2
val,P0796,70,val:P0796:70,tennis-court,4,0,3203.5,67.0,91.0,83.38465118408203,38.07886505126953,68.45902408146156,448.0,2229.0,485.0,2215.0,515.0,2291.0,480.0,2306.0,596,2324,GoogleEarth,0.293042370809,0.0023128227194492,2.189788247937868,P0796__x0_y1300,1,0,1300,1024,1.0,3203.5,448.0,929.0,485.0,915.0,515.0,991.0,480.0,1006.0,1,0.8568800091743469,0.318603366613388,184,18.0,0.017578125,0.062255859375,0.0030550956726074,1.1599545346367253,105,False,0,1,1,1,grand,60-75,0.0005035400390625,0.2319200230067368,0.3919831651486675,0.2578780242864277,-0.9257112926480005,-0.1341051408622398,-0.31527291384389355,Q2
val,P0796,71,val:P0796:71,tennis-court,4,1,2985.0,66.0,85.0,80.23091888427734,37.6961555480957,67.27026792005532,390.0,2253.0,425.0,2239.0,456.0,2313.0,419.0,2324.0,596,2324,GoogleEarth,0.293042370809,0.0021550728320761,2.1283581234673243,P0796__x0_y1300,2,0,1300,1024,1.0,2985.0,390.0,953.0,425.0,939.0,456.0,1013.0,419.0,1024.0,1,0.859531819820404,0.7970675230026245,12,0.0,0.0,0.040771484375,0.0028467178344726,1.140508305729159,105,False,0,1,1,1,moyen,60-75,0.0005035400390625,0.2355958539254523,0.3812327244960969,0.2584253067454134,-0.9322840260101558,-0.1228074177506834,-0.2805426937826624,Q2
val,P0796,72,val:P0796:72,swimming-pool,14,0,496.0,31.0,17.0,31.0161247253418,16.0,1.847610265994596,505.0,1956.0,536.0,1957.0,536.0,1973.0,505.0,1972.0,596,2324,GoogleEarth,0.293042370809,0.0003580958541741,1.9385077953338623,P0796__x0_y1300,3,0,1300,1024,1.0,496.0,505.0,656.0,536.0,657.0,536.0,673.0,505.0,672.0,2,0.0,0.0,-1,351.0,0.3427734375,0.35107421875,0.0004730224609375,1.0779018998946357,105,False,1,0,0,0,tres petit,0-15,0.0005035400390625,0.8295895813938973,0.3344253181258175,0.2415192552983562,-0.3840370759394503,-0.0929060628274612,-0.5069369787977972,Q1
val,P0796,73,val:P0796:73,swimming-pool,14,0,1147.5,48.0,51.0,44.821868896484375,24.83948516845703,51.34019174590991,478.0,1343.0,498.0,1325.0,526.0,1360.0,507.0,1376.0,596,2324,GoogleEarth,0.293042370809,0.0008284576465016,1.8044604625462373,P0796__x0_y1024,10,0,1024,1024,1.0,1147.5,478.0,319.0,498.0,301.0,526.0,336.0,507.0,352.0,2,0.0,0.0,-1,301.0,0.2939453125,0.3193359375,0.0010943412780761,1.031211172004956,134,False,0,0,0,0,moyen,45-60,0.0005035400390625,0.9186593644629732,0.3169106355436891,0.2363440138996158,3.815525822819672,-0.0805666216440732,-0.3442265078482286,Q2
val,P0796,74,val:P0796:74,swimming-pool,14,0,1983.5,63.0,49.0,55.785301208496094,37.10795211791992,14.534455080540113,476.0,822.0,530.0,808.0,539.0,844.0,490.0,857.0,596,2324,GoogleEarth,0.293042370809,0.0014320224329725,1.5033247060151465,P0796__x0_y0,61,0,0,1024,1.0,1983.5,476.0,822.0,530.0,808.0,539.0,844.0,490.0,857.0,1,0.0,0.0,-1,167.0,0.1630859375,0.186767578125,0.0018916130065917,0.9176197307698298,98,False,0,0,0,0,moyen,0-15,0.0005035400390625,0.8514578210366474,0.3411321607107342,0.2355094056583191,2.190911219953405,-0.105622755052415,-0.470648970236297,Q1
val,P0796,75,val:P0796:75,ship,1,0,964.0,20.0,60.0,58.13776779174805,16.124515533447266,86.05481377096244,275.0,352.0,258.0,350.0,262.0,292.0,278.0,294.0,596,2324,GoogleEarth,0.293042370809,0.0006959766198061,3.605551290589303,P0796__x0_y0,62,0,0,1024,1.0,964.0,275.0,352.0,258.0,350.0,262.0,292.0,278.0,294.0,1,0.719880998134613,0.6751773357391357,35,258.0,0.251953125,0.261962890625,0.0009193420410156,1.527262378196495,98,False,0,1,1,1,moyen,75-90,0.0005035400390625,0.6839121315907152,0.5044724117291092,0.5939660243730801,-1.4781957478007626,0.0894936126439709,-0.10601176254351954,Q4
val,P0796,76,val:P0796:76,harbor,7,1,9020.0,132.0,254.0,273.3441162109375,33.241539001464844,68.31536164174253,28.0,2082.0,59.0,2070.0,160.0,2324.0,123.0,2324.0,596,2324,GoogleEarth,0.293042370809,0.006512146380344,8.222968142326145,P0796__x0_y1300,5,0,1300,1024,1.0,9020.0,28.0,782.0,59.0,770.0,160.0,1024.0,123.0,1024.0,1,0.0,0.0,-1,0.0,0.0,0.09033203125,0.0086021423339843,2.221696910092368,105,False,0,0,0,0,grand,60-75,0.0005035400390625,0.0570066630650285,0.2912852792284915,0.4746398179020566,0.4922488519412085,0.1833545386735651,0.2875545598178787,Q4
val,P0796,77,val:P0796:77,harbor,7,0,20492.0,300.0,79.0,300.2398986816406,67.02984619140625,1.729883621813083,38.0,1986.0,40.0,1919.0,338.0,1928.0,338.0,1998.0,596,2324,GoogleEarth,0.293042370809,0.0147945569430165,4.479197189626458,P0796__x0_y1024,11,0,1024,1024,1.0,20492.0,38.0,962.0,40.0,895.0,338.0,904.0,338.0,974.0,2,0.0,0.0,-1,38.0,0.037109375,0.088134765625,0.0195426940917968,1.7009585919846613,134,False,0,0,0,0,grand,0-15,0.0005035400390625,0.1038720200001446,0.323271975800288,0.4539461165354781,0.4914172299090603,0.1306741407351901,-0.4525196020159553,Q1
val,P0796,78,val:P0796:78,harbor,7,0,27151.5,309.0,99.0,307.1969909667969,88.0511245727539,2.0520653704086955,41.0,1862.0,43.0,1773.0,350.0,1784.0,347.0,1872.0,596,2324,GoogleEarth,0.293042370809,0.0196024991625177,3.488848012531283,P0796__x0_y1024,12,0,1024,1024,1.0,27151.5,41.0,838.0,43.0,749.0,350.0,760.0,347.0,848.0,2,0.0,0.0,-1,41.0,0.0400390625,0.190673828125,0.0258936882019042,1.5015961014701555,134,False,0,0,0,0,grand,0-15,0.0005035400390625,0.119101456593122,0.3226836362977102,0.44999165225687,0.4936199354337116,0.1273080159591598,-0.5212742404795588,Q1
val,P0796,79,val:P0796:79,harbor,7,0,26512.0,304.0,96.0,301.1062927246094,88.0511245727539,1.5224529992610087,46.0,1693.0,49.0,1605.0,350.0,1613.0,347.0,1701.0,596,2324,GoogleEarth,0.293042370809,0.0191408009795654,3.419675718915033,P0796__x0_y1024,13,0,1024,1024,1.0,26512.0,46.0,669.0,49.0,581.0,350.0,589.0,347.0,677.0,2,0.0,0.0,-1,46.0,0.044921875,0.193359375,0.0252838134765625,1.4860663266368297,134,False,0,0,0,0,grand,0-15,0.0005035400390625,0.1202612413701962,0.3193317476791685,0.4491372940125732,0.4927902898685524,0.1298055463334047,-0.5256349472240284,Q1
val,P0796,8,val:P0796:8,ship,1,0,346.5,12.0,32.0,32.015621185302734,10.049875259399414,88.15238973400541,335.0,723.0,345.0,724.0,346.0,755.0,334.0,755.0,596,2324,GoogleEarth,0.293042370809,0.0002501617207083,3.1856734893658776,P0796__x0_y0,7,0,0,1024,1.0,346.5,335.0,723.0,345.0,724.0,346.0,755.0,334.0,755.0,1,0.7653880715370178,0.2869938015937805,173,269.0,0.2626953125,0.278076171875,0.0003304481506347,1.431667620352331,98,False,1,1,1,1,tres petit,75-90,0.0005035400390625,0.7045498742096306,0.5074111033010507,0.6014846486415406,0.6597046893464653,0.0940735453404899,-0.17643364090196928,Q3
val,P0796,80,val:P0796:80,harbor,7,0,25205.0,310.0,91.0,306.13232421875,82.2192153930664,1.6846843178962914,50.0,1547.0,54.0,1464.0,360.0,1473.0,354.0,1555.0,596,2324,GoogleEarth,0.293042370809,0.0181971895251186,3.723367132065412,P0796__x0_y1024,14,0,1024,1024,1.0,25205.0,50.0,523.0,54.0,440.0,360.0,449.0,354.0,531.0,2,0.0,0.0,-1,50.0,0.048828125,0.19970703125,0.0240373611450195,1.5525219207037426,134,False,0,0,0,0,grand,0-15,0.0005035400390625,0.113499225503029,0.3199275508981464,0.4643166573721975,0.5052771734694619,0.1443891064740511,-0.4725546692687981,Q1
val,P0796,81,val:P0796:81,harbor,7,0,23796.0,302.0,88.0,299.1354064941406,79.05693817138672,1.7241015555687629,56.0,1391.0,59.0,1311.0,358.0,1320.0,355.0,1399.0,596,2324,GoogleEarth,0.293042370809,0.0171799373909829,3.783797012801686,P0796__x0_y1024,15,0,1024,1024,1.0,23796.0,56.0,367.0,59.0,287.0,358.0,296.0,355.0,375.0,2,0.0,0.0,-1,56.0,0.0546875,0.2021484375,0.0226936340332031,1.565234585313704,134,False,0,0,0,0,grand,0-15,0.0005035400390625,0.1122013385480503,0.3199275508981464,0.4642568380635113,0.5046897661673507,0.1443292871653648,-0.4712911273214067,Q1
val,P0796,82,val:P0796:82,harbor,7,0,21564.0,296.0,83.0,294.1700134277344,73.10950469970703,1.7654069084620794,60.0,1264.0,64.0,1191.0,356.0,1200.0,354.0,1274.0,596,2324,GoogleEarth,0.293042370809,0.0155685060471993,4.0236904166704495,P0796__x0_y1024,16,0,1024,1024,1.0,21564.0,60.0,240.0,64.0,167.0,356.0,176.0,354.0,250.0,1,0.0,0.0,-1,60.0,0.05859375,0.203369140625,0.0205650329589843,1.614164806381594,134,False,0,0,0,0,grand,0-15,0.0005035400390625,0.1075717176969461,0.3218502140874428,0.4642568380635113,0.5030520903622938,0.1424066239760685,-0.44461752073058053,Q1
val,P0796,83,val:P0796:83,harbor,7,0,21082.5,293.0,81.0,291.1099548339844,72.02777099609375,1.574745065753176,65.0,1125.0,67.0,1053.0,358.0,1061.0,355.0,1134.0,596,2324,GoogleEarth,0.293042370809,0.0152208787210202,4.041634925087047,P0796__x0_y1024,17,0,1024,1024,1.0,21082.5,65.0,101.0,67.0,29.0,358.0,37.0,355.0,110.0,1,0.0,0.0,-1,29.0,0.0283203125,0.067626953125,0.0201058387756347,1.6177304193784734,134,False,0,0,0,0,grand,0-15,0.0005035400390625,0.1122725446602396,0.3184215462578068,0.4459445001853763,0.4862158661975152,0.1275229539275695,-0.4437860580904237,Q1
val,P0796,84,val:P0796:84,harbor,7,0,21996.5,297.0,84.0,295.2050170898437,73.02738952636719,1.5534031241682094,69.0,1004.0,71.0,931.0,366.0,939.0,364.0,1015.0,596,2324,GoogleEarth,0.293042370809,0.0158807569684298,4.042387643929917,P0796__x0_y0,63,0,0,1024,1.0,21996.5,69.0,1004.0,71.0,931.0,366.0,939.0,364.0,1015.0,1,0.0,0.6119683980941772,48,9.0,0.0087890625,0.050537109375,0.02097749710083,1.6178797087794277,98,False,0,0,0,0,grand,0-15,0.0005035400390625,0.0630484432680063,0.314007966600195,0.4405065137167324,0.4616364358836234,0.1264985471165373,-0.43701463792175255,Q1
val,P0796,85,val:P0796:85,harbor,7,0,21798.0,302.0,84.0,298.24151611328125,72.11102294921875,1.921955958931432,73.0,864.0,77.0,792.0,375.0,802.0,371.0,876.0,596,2324,GoogleEarth,0.293042370809,0.0157374464300153,4.135865834593772,P0796__x0_y0,64,0,0,1024,1.0,21798.0,73.0,864.0,77.0,792.0,375.0,802.0,371.0,876.0,1,0.0,0.3131919503211975,161,73.0,0.0712890625,0.18603515625,0.0207881927490234,1.6362484434985187,98,False,0,0,0,0,grand,0-15,0.0005035400390625,0.0591435359966668,0.3230465331058477,0.4635141064370131,0.4838212574109755,0.1404675733311653,-0.44950335149379567,Q1
val,P0796,86,val:P0796:86,harbor,7,0,42427.5,339.0,134.0,339.11944580078125,125.01599884033205,1.3598817909294365,84.0,557.0,86.0,432.0,423.0,440.0,423.0,566.0,596,2324,GoogleEarth,0.293042370809,0.0306312738971225,2.7126083776997048,P0796__x0_y0,65,0,0,1024,1.0,42427.5,84.0,557.0,86.0,432.0,423.0,440.0,423.0,566.0,1,0.0,0.0,-1,84.0,0.08203125,0.248046875,0.0404620170593261,1.311734696349106,98,False,0,0,0,0,grand,0-15,0.0005035400390625,0.0771600456689539,0.3038889661046544,0.3884480823624507,0.4138566988759431,0.0845591162577963,-0.5334826663366495,Q1
val,P0796,87,val:P0796:87,harbor,7,0,37215.5,343.0,121.0,341.2110900878906,109.11461639404295,1.863997656008156,90.0,338.0,95.0,229.0,433.0,240.0,431.0,350.0,596,2324,GoogleEarth,0.293042370809,0.0268683795585024,3.127088756429141,P0796__x0_y0,66,0,0,1024,1.0,37215.5,90.0,338.0,95.0,229.0,433.0,240.0,431.0,350.0,1,0.0,0.0,-1,90.0,0.087890625,0.256103515625,0.0354914665222168,1.4175722568219942,98,False,0,0,0,0,grand,0-15,0.0005035400390625,0.0701887327625563,0.3110479149925185,0.4121155774545419,0.4355956747076386,0.1010676624620234,-0.5013935048327518,Q1
val,P0796,88,val:P0796:88,ship,1,0,594.5,15.0,41.0,41.01219177246094,14.0,88.60281897270363,216.0,295.0,230.0,295.0,231.0,336.0,216.0,336.0,596,2324,GoogleEarth,0.293042370809,0.0004292096477954,2.929442269461496,P0796__x0_y0,67,0,0,1024,1.0,594.5,216.0,295.0,230.0,295.0,231.0,336.0,216.0,336.0,1,0.4721723794937134,0.2581159174442291,188,216.0,0.2109375,0.218017578125,0.0005669593811035,1.3684974996425594,98,False,0,1,0,0,petit,75-90,0.0005035400390625,0.7222324761662943,0.5213454401445043,0.5892196470442845,1.9447870761545176,0.0678742068997801,-0.2595492556180245,Q2
val,P0796,89,val:P0796:89,ship,1,0,391.0,12.0,34.0,34.01470184326172,11.0,88.31531568210372,238.0,273.0,226.0,273.0,227.0,239.0,238.0,239.0,596,2324,GoogleEarth,0.293042370809,0.0002822892721412,3.0922456221147017,P0796__x0_y0,68,0,0,1024,1.0,391.0,238.0,273.0,226.0,273.0,227.0,239.0,238.0,239.0,1,0.4163389205932617,0.4954895377159118,91,226.0,0.220703125,0.226806640625,0.0003728866577148,1.4090938712426713,98,False,1,1,0,0,tres petit,75-90,0.0005035400390625,0.7133103715718473,0.512737618339049,0.5963549026325096,-0.7524211730170434,0.0836172842934606,-0.19089542444896354,Q3
val,P0796,9,val:P0796:9,ship,1,0,256.0,12.0,26.0,26.07680892944336,10.0,85.60129464500446,351.0,728.0,361.0,728.0,359.0,754.0,349.0,753.0,596,2324,GoogleEarth,0.293042370809,0.0001848236666705,2.607680892944336,P0796__x0_y0,8,0,0,1024,1.0,256.0,351.0,728.0,361.0,728.0,359.0,754.0,349.0,753.0,1,0.0,0.8656109571456909,2,270.0,0.263671875,0.276611328125,0.000244140625,1.283065153983055,98,False,1,0,0,0,tres petit,75-90,0.0005035400390625,0.7307992905394931,0.494854162631221,0.5485046006279236,-0.6969039313473135,0.0536504379967025,-0.24328436515936883,Q3
val,P0796,90,val:P0796:90,ship,1,0,444.5,14.0,36.0,36.013885498046875,12.0,88.40885972880542,165.0,710.0,153.0,710.0,154.0,674.0,167.0,675.0,596,2324,GoogleEarth,0.293042370809,0.0003209145306056,3.00115712483724,P0796__x0_y0,69,0,0,1024,1.0,444.5,165.0,710.0,153.0,710.0,154.0,674.0,167.0,675.0,1,0.7393136024475098,0.5155622959136963,84,153.0,0.1494140625,0.156005859375,0.0004239082336425,1.3865836004954593,98,False,1,1,1,1,tres petit,75-90,0.0005035400390625,0.7233401752446548,0.5155738200862522,0.5849902765140952,0.6431571909937565,0.069416456427843,-0.14902615814104958,Q3
val,P0796,91,val:P0796:91,ship,1,0,841.0,18.0,53.0,53.00943374633789,15.0,88.9190758133393,189.0,432.0,204.0,432.0,203.0,485.0,186.0,484.0,596,2324,GoogleEarth,0.293042370809,0.0006071746237105,3.53396224975586,P0796__x0_y0,70,0,0,1024,1.0,841.0,189.0,432.0,204.0,432.0,203.0,485.0,186.0,484.0,1,0.6055209040641785,0.4456115067005157,119,186.0,0.181640625,0.19091796875,0.0008020401000976,1.5115962260153557,98,False,0,1,1,1,petit,75-90,0.0005035400390625,0.6963670969309534,0.5207259701591096,0.6005561670197281,-1.49863519670018,0.0798301968606185,-0.15797648134887493,Q3
val,P0796,92,val:P0796:92,ship,1,0,437.5,13.0,35.0,35.0142822265625,12.0,88.36342295838328,150.0,708.0,138.0,708.0,137.0,673.0,150.0,673.0,596,2324,GoogleEarth,0.293042370809,0.0003158607584701,2.917856852213541,P0796__x0_y0,71,0,0,1024,1.0,437.5,150.0,708.0,138.0,708.0,137.0,673.0,150.0,673.0,1,0.6314758658409119,0.4836543798446655,98,137.0,0.1337890625,0.140380859375,0.0004172325134277,1.3655447829216492,98,False,1,1,1,1,tres petit,75-90,0.0005035400390625,0.7285220731489299,0.5321793802222484,0.5736032690081163,0.6267139530235186,0.0414238887858678,-0.16230077185974381,Q3
val,P0796,93,val:P0796:93,ship,1,0,475.5,13.0,39.0,38.01315689086914,12.04159450531006,88.49256424122504,133.0,710.0,120.0,709.0,121.0,671.0,133.0,672.0,596,2324,GoogleEarth,0.293042370809,0.0003432955214915,3.156820874021812,P0796__x0_y0,72,0,0,1024,1.0,475.5,133.0,710.0,120.0,709.0,121.0,671.0,133.0,672.0,1,0.7512479424476624,0.684729278087616,33,120.0,0.1171875,0.123779296875,0.0004534721374511,1.4247505691380524,98,False,1,1,1,1,tres petit,75-90,0.0005035400390625,0.7185512610874351,0.5329899161516701,0.5799181010264913,0.6315516094273975,0.0469281848748212,-0.14353931151967483,Q3
val,P0796,94,val:P0796:94,ship,1,0,450.0,14.0,36.0,36.055511474609375,12.0,86.82016988013577,105.0,672.0,118.0,672.0,116.0,708.0,104.0,708.0,596,2324,GoogleEarth,0.293042370809,0.0003248853515692,3.004625956217448,P0796__x0_y0,73,0,0,1024,1.0,450.0,105.0,672.0,118.0,672.0,116.0,708.0,104.0,708.0,1,0.6576705574989319,0.6183189153671265,46,104.0,0.1015625,0.108154296875,0.0004291534423828,1.3874501819559282,98,False,1,1,1,1,tres petit,75-90,0.0005035400390625,0.7251350233816042,0.5264843340655525,0.5656004114992477,0.6381763551664787,0.0391160774336951,-0.19914072303028243,Q3
val,P0796,95,val:P0796:95,ship,1,0,459.0,14.0,34.0,34.01470184326172,13.0,88.31531568210372,99.0,707.0,85.0,707.0,86.0,673.0,99.0,673.0,596,2324,GoogleEarth,0.293042370809,0.0003313830586006,2.6165155264047475,P0796__x0_y0,74,0,0,1024,1.0,459.0,99.0,707.0,85.0,707.0,86.0,673.0,99.0,673.0,1,0.7659940719604492,0.4491689205169678,115,85.0,0.0830078125,0.090087890625,0.0004377365112304,1.285511000510964,98,False,1,1,1,1,tres petit,75-90,0.0005035400390625,0.747129835397066,0.5260759631503635,0.5440182582680806,0.6282535424119515,0.017942295117717,-0.17461653061206842,Q3
val,P0796,96,val:P0796:96,ship,1,0,1289.5,26.0,64.0,63.28506851196289,20.099750518798828,84.55966796899449,77.0,737.0,56.0,736.0,62.0,673.0,82.0,675.0,596,2324,GoogleEarth,0.293042370809,0.0009309770241079,3.1485499510441106,P0796__x0_y0,75,0,0,1024,1.0,1289.5,77.0,737.0,56.0,736.0,62.0,673.0,82.0,675.0,1,0.7080203890800476,0.6813071370124817,34,56.0,0.0546875,0.067626953125,0.0012297630310058,1.4227588637979625,98,False,0,1,1,1,moyen,75-90,0.0005035400390625,0.7189794589144931,0.5197709293244118,0.5000605027866168,-1.728585759353653,-0.0197104265377949,-0.19143725734939232,Q3
val,P0796,97,val:P0796:97,ship,1,0,2514.0,28.0,101.0,101.07917785644533,24.020824432373047,87.73204546409417,84.0,545.0,58.0,545.0,62.0,444.0,86.0,445.0,596,2324,GoogleEarth,0.293042370809,0.0018150261641003,4.207981209846409,P0796__x0_y0,76,0,0,1024,1.0,2514.0,84.0,545.0,58.0,545.0,62.0,444.0,86.0,445.0,1,0.8248752355575562,0.5560765862464905,68,58.0,0.056640625,0.07080078125,0.0023975372314453,1.650192296959362,98,False,0,1,1,1,moyen,75-90,0.0005035400390625,0.6762634007352664,0.5300481898950447,0.573703324504339,-1.4079935550115388,0.0436551346092943,0.3391888930626358,Q4
val,P0796,98,val:P0796:98,ship,1,0,1067.5,20.0,62.0,62.0322494506836,17.029386520385742,87.13759477388825,110.0,555.0,92.0,554.0,95.0,494.0,112.0,493.0,596,2324,GoogleEarth,0.293042370809,0.000770700250667,3.642659080902608,P0796__x0_y0,77,0,0,1024,1.0,1067.5,110.0,555.0,92.0,554.0,95.0,494.0,112.0,493.0,1,0.7110574841499329,0.2665373384952545,184,92.0,0.08984375,0.099853515625,0.0010180473327636,1.5352872798725363,98,False,0,1,1,1,moyen,75-90,0.0005035400390625,0.6969348870247989,0.533984973327293,0.5778602901998584,-1.4937976343220498,0.0438753168725654,0.14152675789444186,Q4
val,P0796,99,val:P0796:99,ship,1,0,876.0,18.0,54.0,53.037723541259766,16.031219482421875,88.9190758133393,118.0,430.0,134.0,431.0,133.0,484.0,116.0,483.0,596,2324,GoogleEarth,0.293042370809,0.0006324434843881,3.308402308346865,P0796__x0_y0,78,0,0,1024,1.0,876.0,118.0,430.0,134.0,431.0,133.0,484.0,116.0,483.0,1,0.7859115600585938,0.2955069839954376,171,116.0,0.11328125,0.122314453125,0.0008354187011718,1.4605671412725505,98,False,0,1,1,1,petit,75-90,0.0005035400390625,0.71212296362704,0.5324384485138586,0.5774249242924213,-1.5791845848140944,0.0449864757785627,-0.15173278280429,Q3
val,P0864,130,val:P0864:130,ship,1,0,400.0,13.0,32.0,32.015621185302734,12.0,90.0,793.0,732.0,780.0,732.0,780.0,700.0,792.0,700.0,3071,2044,GoogleEarth,0.251228128249,6.372345042092525e-05,2.667968432108561,P0864__x0_y0,0,0,0,1024,1.0,400.0,793.0,732.0,780.0,732.0,780.0,700.0,792.0,700.0,1,0.6899842619895935,0.4491559565067291,80,231.0,0.2255859375,0.232177734375,0.0003814697265625,1.299637948061808,112,False,1,1,1,1,tres petit,75-90,0.0005035400390625,0.6863365506426069,0.8283454613841892,0.759930588255265,0.2813689341300095,-0.0684148731289241,-0.3819424281711491,Q2
val,P0864,131,val:P0864:131,ship,1,0,412.5,14.0,33.0,33.060550689697266,12.0,88.26429541107161,518.0,727.0,506.0,727.0,507.0,694.0,520.0,694.0,3071,2044,GoogleEarth,0.251228128249,6.571480824657916e-05,2.755045890808105,P0864__x0_y0,1,0,0,1024,1.0,412.5,518.0,727.0,506.0,727.0,507.0,694.0,520.0,694.0,1,0.7865704298019409,0.3672350645065307,111,297.0,0.2900390625,0.30615234375,0.0003933906555175,1.323100506395242,112,False,1,1,1,1,tres petit,75-90,0.0005035400390625,0.6592756935617751,0.8387086891229585,0.7389050294746026,0.2962294006861101,-0.0998036596483559,-0.042452664355226766,Q4
val,P0864,132,val:P0864:132,ship,1,0,462.0,15.0,33.0,33.0151481628418,13.0,88.26429541107161,539.0,728.0,526.0,728.0,525.0,695.0,540.0,695.0,3071,2044,GoogleEarth,0.251228128249,7.360058523616866e-05,2.539626781757061,P0864__x0_y0,2,0,0,1024,1.0,462.0,539.0,728.0,526.0,728.0,525.0,695.0,540.0,695.0,1,0.7326772809028625,0.3427988290786743,123,296.0,0.2890625,0.30517578125,0.0004405975341796,1.2640212927054817,112,False,1,1,1,1,tres petit,75-90,0.0005035400390625,0.6768116063154763,0.8349531643099022,0.7046026116602139,0.3061038248807335,-0.1303505526496883,-0.05864610301928848,Q4
val,P0864,133,val:P0864:133,ship,1,0,408.5,13.0,36.0,36.013885498046875,10.0,86.72951207681645,556.0,728.0,543.0,727.0,545.0,692.0,555.0,692.0,3071,2044,GoogleEarth,0.251228128249,6.507757374236991e-05,3.601388549804688,P0864__x0_y0,3,0,0,1024,1.0,408.5,556.0,728.0,543.0,727.0,545.0,692.0,555.0,692.0,1,0.0,0.813630223274231,0,296.0,0.2890625,0.306884765625,0.0003895759582519,1.5263581165980853,112,False,1,0,0,0,tres petit,75-90,0.0005035400390625,0.5962423861405464,0.8566710715784581,0.7366494779401435,-1.3555081928189712,-0.1200215936383146,-0.8451040170272222,Q1
val,P0864,134,val:P0864:134,ship,1,0,385.0,12.0,36.0,36.013885498046875,10.0,88.31531568210372,575.0,729.0,563.0,727.0,564.0,693.0,574.0,693.0,3071,2044,GoogleEarth,0.251228128249,6.133382103014055e-05,3.601388549804688,P0864__x0_y0,4,0,0,1024,1.0,385.0,575.0,729.0,563.0,727.0,564.0,693.0,574.0,693.0,1,0.0,0.7956198453903198,1,295.0,0.2880859375,0.30615234375,0.0003671646118164,1.5263581165980853,112,False,1,0,0,0,tres petit,75-90,0.0005035400390625,0.5967936616918615,0.853985765650785,0.7460214562360359,-1.3580135376875924,-0.1079643094147491,-0.2782414383757505,Q2
val,P0864,135,val:P0864:135,ship,1,0,469.0,13.0,38.0,38.01315689086914,12.04159450531006,90.0,592.0,726.0,580.0,725.0,580.0,688.0,593.0,688.0,3071,2044,GoogleEarth,0.251228128249,7.471574561853486e-05,3.156820874021812,P0864__x0_y0,5,0,0,1024,1.0,469.0,592.0,726.0,580.0,725.0,580.0,688.0,593.0,688.0,1,0.7198010683059692,0.2739892601966858,167,298.0,0.291015625,0.309814453125,0.0004472732543945,1.4247505691380524,112,False,1,1,1,1,tres petit,75-90,0.0005035400390625,0.6278700294463246,0.843559891214869,0.7310745205972444,0.3158285586837986,-0.1124853706176245,-0.6352071327824598,Q1
val,P0864,136,val:P0864:136,ship,1,0,401.5,12.0,37.0,37.01351165771485,10.049875259399414,88.40885972880541,609.0,731.0,599.0,730.0,598.0,694.0,610.0,694.0,3071,2044,GoogleEarth,0.251228128249,6.396241336000372e-05,3.6829821965299487,P0864__x0_y0,6,0,0,1024,1.0,401.5,609.0,731.0,599.0,730.0,598.0,694.0,610.0,694.0,1,0.5966579914093018,0.3820346891880035,105,293.0,0.2861328125,0.304443359375,0.0003829002380371,1.5439351284709129,112,False,1,1,1,0,tres petit,75-90,0.0005035400390625,0.5917299636873564,0.8516463295385491,0.7462120530502208,0.3234572154488104,-0.1054342764883283,-0.2779879988541356,Q2
val,P0864,137,val:P0864:137,ship,1,0,313.5,11.0,29.0,29.0,11.0,90.0,629.0,723.0,618.0,722.0,618.0,694.0,629.0,694.0,3071,2044,GoogleEarth,0.251228128249,4.994325426740016e-05,2.636363636363636,P0864__x0_y0,7,0,0,1024,1.0,313.5,629.0,723.0,618.0,722.0,618.0,694.0,629.0,694.0,1,0.0,0.7796061635017395,2,301.0,0.2939453125,0.308349609375,0.0002989768981933,1.2909841813155656,112,False,1,0,0,0,tres petit,75-90,0.0005035400390625,0.6684648643369885,0.8216821020275455,0.725090758373674,-1.1813016957721532,-0.0965913436538715,-0.3783710588588373,Q2
val,P0864,138,val:P0864:138,ship,1,0,442.0,14.0,34.0,34.01470184326172,13.0,88.3153156821037,684.0,730.0,671.0,730.0,670.0,696.0,683.0,696.0,3071,2044,GoogleEarth,0.251228128249,7.04144127151224e-05,2.6165155264047475,P0864__x0_y0,8,0,0,1024,1.0,442.0,684.0,730.0,671.0,730.0,670.0,696.0,683.0,696.0,1,0.624142050743103,0.2916479110717773,158,294.0,0.287109375,0.3037109375,0.0004215240478515,1.285511000510964,112,False,1,1,1,1,tres petit,75-90,0.0005035400390625,0.6709889232927895,0.836207371950195,0.734233431315282,0.2941079609567015,-0.101973940634913,-0.05051599604133518,Q4
val,P0864,139,val:P0864:139,ship,1,0,378.0,11.0,36.0,36.013885498046875,10.0,90.0,700.0,733.0,690.0,733.0,690.0,697.0,701.0,697.0,3071,2044,GoogleEarth,0.251228128249,6.0218660647774366e-05,3.601388549804688,P0864__x0_y0,9,0,0,1024,1.0,378.0,700.0,733.0,690.0,733.0,690.0,697.0,701.0,697.0,1,0.0,0.767389178276062,3,291.0,0.2841796875,0.3017578125,0.0003604888916015,1.5263581165980853,112,False,1,0,0,0,tres petit,75-90,0.0005035400390625,0.598442928936944,0.837555274117645,0.7315286744765406,-1.32841329535494,-0.1060265996411043,-0.6390087934435829,Q1
val,P0864,140,val:P0864:140,ship,1,0,371.0,14.0,29.0,29.068883895874023,12.04159450531006,86.05481377096244,720.0,728.0,706.0,728.0,708.0,699.0,720.0,700.0,3071,2044,GoogleEarth,0.251228128249,5.910350026540817e-05,2.4140394266768683,P0864__x0_y0,10,0,0,1024,1.0,371.0,720.0,728.0,706.0,728.0,708.0,699.0,720.0,700.0,1,0.5902944207191467,0.4326145946979522,88,296.0,0.2890625,0.302978515625,0.0003538131713867,1.227896172834232,112,False,1,1,1,0,tres petit,75-90,0.0005035400390625,0.6873015238364787,0.8295479762616739,0.588101512437089,0.357851621917633,-0.2414464638245849,-0.32839828211021255,Q2
val,P0864,141,val:P0864:141,ship,1,0,615.0,15.0,42.0,41.0,15.033296585083008,90.0,740.0,734.0,725.0,733.0,725.0,692.0,740.0,693.0,3071,2044,GoogleEarth,0.251228128249,9.797480502217256e-05,2.727279393974227,P0864__x0_y0,11,0,0,1024,1.0,615.0,740.0,734.0,725.0,733.0,725.0,692.0,740.0,693.0,1,0.7878434658050537,0.2675382196903229,171,284.0,0.27734375,0.28466796875,0.0005865097045898,1.315678582531569,112,False,0,1,1,1,petit,75-90,0.0005035400390625,0.6676707555987297,0.8214669339353041,0.7304383438285011,-0.6282460305590988,-0.0910285901068029,-0.38556682907295753,Q2
val,P0864,142,val:P0864:142,ship,1,0,435.5,13.0,34.0,34.0,13.0,90.0,758.0,731.0,745.0,731.0,745.0,697.0,758.0,698.0,3071,2044,GoogleEarth,0.251228128249,6.937890664578236e-05,2.6153846153846154,P0864__x0_y0,12,0,0,1024,1.0,435.5,758.0,731.0,745.0,731.0,745.0,697.0,758.0,698.0,1,0.0,0.7544668912887573,4,266.0,0.259765625,0.26611328125,0.0004153251647949,1.285198244248522,112,False,1,0,0,0,tres petit,75-90,0.0005035400390625,0.6814754932100605,0.8214568111202166,0.7293910634195067,-1.1623772566058093,-0.0920657477007099,-0.4006315849033103,Q2
val,P0864,143,val:P0864:143,ship,1,0,385.0,11.0,36.0,35.0,11.045360565185549,90.0,775.0,732.0,764.0,731.0,764.0,696.0,775.0,697.0,3071,2044,GoogleEarth,0.251228128249,6.133382103014055e-05,3.168751241160777,P0864__x0_y0,13,0,0,1024,1.0,385.0,775.0,732.0,764.0,731.0,764.0,696.0,775.0,697.0,1,0.6399800777435303,0.5440319180488586,44,249.0,0.2431640625,0.24853515625,0.0003671646118164,1.427616528411474,112,False,1,1,1,1,tres petit,75-90,0.0005035400390625,0.644350089380977,0.8458449064263788,0.7581093837501739,0.2876669491108462,-0.0877355226762048,-0.6372086527405172,Q1
val,P0864,144,val:P0864:144,ship,1,0,546.0,14.0,40.0,39.0,14.03566837310791,90.0,812.0,734.0,798.0,733.0,798.0,694.0,812.0,695.0,3071,2044,GoogleEarth,0.251228128249,8.698250982456297e-05,2.7786350434670646,P0864__x0_y0,14,0,0,1024,1.0,546.0,812.0,734.0,798.0,733.0,798.0,694.0,812.0,695.0,1,0.6984407305717468,0.2972913980484009,155,212.0,0.20703125,0.2138671875,0.0005207061767578,1.3293628448074446,112,False,0,1,1,1,petit,75-90,0.0005035400390625,0.682711643616325,0.8313821707042811,0.7755238981922873,-0.5872923005915522,-0.0558582725119938,-0.41478540969546673,Q2
val,P0864,145,val:P0864:145,ship,1,0,437.5,13.0,37.0,37.01351165771485,12.0,88.45184230102204,466.0,726.0,454.0,726.0,453.0,689.0,465.0,690.0,3071,2044,GoogleEarth,0.251228128249,6.9697523897887e-05,3.0844593048095703,P0864__x0_y0,15,0,0,1024,1.0,437.5,466.0,726.0,454.0,726.0,453.0,689.0,465.0,690.0,1,0.7600809335708618,0.361769825220108,113,298.0,0.291015625,0.308837890625,0.0004172325134277,1.4071893584277315,112,False,1,1,1,1,tres petit,75-90,0.0005035400390625,0.6332251454239838,0.8552364154506676,0.7436830928453358,0.2932267291771096,-0.1115533226053318,-0.16251710368552125,Q3
val,P0864,146,val:P0864:146,ship,1,0,547.5,16.0,37.0,37.01351165771485,14.03566837310791,88.45184230102204,832.0,736.0,816.0,736.0,817.0,699.0,831.0,700.0,3071,2044,GoogleEarth,0.251228128249,8.722147276364144e-05,2.637103604459056,P0864__x0_y0,16,0,0,1024,1.0,547.5,832.0,736.0,816.0,736.0,817.0,699.0,831.0,700.0,1,0.7207209467887878,0.2971425950527191,156,192.0,0.1875,0.1953125,0.0005221366882324,1.291187651840275,112,False,0,1,1,1,petit,75-90,0.0005035400390625,0.6980307148543806,0.8465795656340328,0.8055275724206515,-0.5491183493395776,-0.0410519932133812,-0.03611616364896002,Q4
val,P0864,147,val:P0864:147,ship,1,0,408.0,12.0,36.0,36.013885498046875,11.0,88.40885972880541,848.0,736.0,837.0,736.0,836.0,700.0,848.0,701.0,3071,2044,GoogleEarth,0.251228128249,6.499791942934375e-05,3.273989590731534,P0864__x0_y0,17,0,0,1024,1.0,408.0,848.0,736.0,837.0,736.0,836.0,700.0,848.0,701.0,1,0.7372750043869019,0.484504371881485,71,176.0,0.171875,0.177490234375,0.0003890991210937,1.4525477214076854,112,False,1,1,1,1,tres petit,75-90,0.0005035400390625,0.6563248440016399,0.8753957299267506,0.8132818341637305,0.2223765780362666,-0.0621138957630201,-0.24847953458463862,Q3
val,P0864,148,val:P0864:148,ship,1,0,422.0,14.0,33.0,33.0151481628418,13.0,88.26429541107161,868.0,736.0,855.0,736.0,854.0,703.0,867.0,704.0,3071,2044,GoogleEarth,0.251228128249,6.722824019407614e-05,2.539626781757061,P0864__x0_y0,18,0,0,1024,1.0,422.0,868.0,736.0,855.0,736.0,854.0,703.0,867.0,704.0,1,0.6682896614074707,0.4772872030735016,73,156.0,0.15234375,0.1591796875,0.0004024505615234,1.2640212927054817,112,False,1,1,1,1,tres petit,75-90,0.0005035400390625,0.7145945983112154,0.8457980751981367,0.7609765111225447,0.2496666750495482,-0.0848215640755919,-0.0034864354425540975,Q4
val,P0864,149,val:P0864:149,ship,1,0,400.0,13.0,32.0,32.015621185302734,12.0,88.21008939175393,885.0,734.0,873.0,734.0,872.0,702.0,885.0,702.0,3071,2044,GoogleEarth,0.251228128249,6.372345042092525e-05,2.667968432108561,P0864__x0_y0,19,0,0,1024,1.0,400.0,885.0,734.0,873.0,734.0,872.0,702.0,885.0,702.0,1,0.0,0.6375170946121216,20,139.0,0.1357421875,0.141845703125,0.0003814697265625,1.299637948061808,112,False,1,0,0,0,tres petit,75-90,0.0005035400390625,0.7093043925637241,0.8493841405444985,0.8045132704976242,-1.1790993887647343,-0.0448708700468742,0.005159332532178027,Q4
val,P0864,150,val:P0864:150,ship,1,0,638.0,16.0,43.0,43.011627197265625,15.0,88.63607246839707,433.0,736.0,448.0,737.0,447.0,779.0,432.0,779.0,3071,2044,GoogleEarth,0.251228128249,0.0001016389034213,2.867441813151041,P0864__x0_y0,20,0,0,1024,1.0,638.0,433.0,736.0,448.0,737.0,447.0,779.0,432.0,779.0,1,0.6969127655029297,0.3741689622402191,108,245.0,0.2392578125,0.260009765625,0.0006084442138671,1.3525932582713731,112,False,0,1,1,1,petit,75-90,0.0005035400390625,0.6632858364546911,0.8414328472173693,0.7525491459717557,-0.5598088061270231,-0.0888837012456136,-1.0,Q1
val,P0864,151,val:P0864:151,ship,1,0,426.5,13.0,36.0,36.0,11.0,86.72951207681643,451.0,735.0,464.0,736.0,462.0,771.0,451.0,771.0,3071,2044,GoogleEarth,0.251228128249,6.794512901131155e-05,3.272727272727273,P0864__x0_y0,21,0,0,1024,1.0,426.5,451.0,735.0,464.0,736.0,462.0,771.0,451.0,771.0,1,0.8143146634101868,0.32191863656044,137,253.0,0.2470703125,0.264404296875,0.0004067420959472,1.4522523289116882,112,False,1,1,1,1,tres petit,75-90,0.0005035400390625,0.6317007740985963,0.8636935932630557,0.746960109343389,0.2838357428913746,-0.1167334839196667,-0.8890235892771204,Q1
val,P0864,152,val:P0864:152,ship,1,0,488.0,13.0,40.0,39.0128173828125,12.04159450531006,88.53119928561418,482.0,777.0,469.0,776.0,470.0,737.0,482.0,738.0,3071,2044,GoogleEarth,0.251228128249,7.77426095135288e-05,3.239838159772676,P0864__x0_y0,22,0,0,1024,1.0,488.0,482.0,777.0,469.0,776.0,470.0,737.0,482.0,738.0,1,0.6705431938171387,0.3570441007614136,115,247.0,0.2412109375,0.2607421875,0.0004653930664062,1.4445250986504437,112,False,1,1,1,1,tres petit,75-90,0.0005035400390625,0.6354740254059549,0.8635750721740425,0.756906212992631,0.2758704379237303,-0.1066688591814115,-0.5626154554032772,Q1
val,P0864,153,val:P0864:153,ship,1,0,563.0,16.0,38.0,38.01315689086914,15.0,88.45184230102204,487.0,736.0,502.0,737.0,501.0,774.0,486.0,774.0,3071,2044,GoogleEarth,0.251228128249,8.96907564674523e-05,2.534210459391276,P0864__x0_y0,23,0,0,1024,1.0,563.0,487.0,736.0,502.0,737.0,501.0,774.0,486.0,774.0,1,0.6807504296302795,0.6465376019477844,19,250.0,0.244140625,0.262451171875,0.0005369186401367,1.262489924866607,112,False,0,1,1,1,petit,75-90,0.0005035400390625,0.6886083439615887,0.8355148107167052,0.7160010979098314,-0.6477397782574039,-0.1195137128068738,-0.07673735962384619,Q4
val,P0864,154,val:P0864:154,ship,1,0,487.5,13.0,40.0,40.01249694824219,12.04159450531006,90.0,508.0,736.0,520.0,737.0,520.0,775.0,507.0,776.0,3071,2044,GoogleEarth,0.251228128249,7.766295520050265e-05,3.3228570294903736,P0864__x0_y0,24,0,0,1024,1.0,487.5,508.0,736.0,520.0,737.0,520.0,775.0,507.0,776.0,1,0.77513587474823,0.3161242604255676,141,248.0,0.2421875,0.26171875,0.000464916229248,1.463916533079933,112,False,1,1,1,1,tres petit,75-90,0.0005035400390625,0.6295537064707436,0.845832067375996,0.7446379644209071,0.3044298064181775,-0.1011941029550889,-0.6487168472479251,Q1
val,P0864,155,val:P0864:155,ship,1,0,350.0,13.0,31.0,31.06444931030273,11.0,88.09084756700362,526.0,740.0,537.0,740.0,536.0,770.0,524.0,771.0,3071,2044,GoogleEarth,0.251228128249,5.57580191183096e-05,2.8240408463911577,P0864__x0_y0,25,0,0,1024,1.0,350.0,526.0,740.0,537.0,740.0,536.0,770.0,524.0,771.0,1,0.7435430884361267,0.5052070617675781,57,253.0,0.2470703125,0.262451171875,0.0003337860107421,1.341307676719753,112,False,1,1,1,1,tres petit,75-90,0.0005035400390625,0.6658300173553949,0.8426382321173344,0.7498727261613732,0.2828968512806581,-0.0927655059559611,-0.037747507240535126,Q4
val,P0864,156,val:P0864:156,ship,1,0,408.0,12.0,35.0,34.0,12.04159450531006,90.0,542.0,739.0,554.0,740.0,554.0,774.0,542.0,773.0,3071,2044,GoogleEarth,0.251228128249,6.499791942934375e-05,2.8235463322574765,P0864__x0_y0,26,0,0,1024,1.0,408.0,542.0,739.0,554.0,740.0,554.0,774.0,542.0,773.0,1,0.719980776309967,0.260213166475296,173,250.0,0.244140625,0.26123046875,0.0003890991210937,1.341178351189277,112,False,1,1,1,1,tres petit,75-90,0.0005035400390625,0.6665733638851338,0.8240971395473726,0.7364990011427026,0.3077086847205108,-0.08759813840467,-0.4062497952528204,Q2
val,P0864,157,val:P0864:157,ship,1,0,520.5,15.0,39.0,39.051246643066406,13.03840446472168,88.49256424122503,561.0,737.0,574.0,738.0,573.0,776.0,559.0,776.0,3071,2044,GoogleEarth,0.251228128249,8.292013986022899e-05,2.9950939740156315,P0864__x0_y0,27,0,0,1024,1.0,520.5,561.0,737.0,574.0,738.0,573.0,776.0,559.0,776.0,1,0.0,0.7211962342262268,6,248.0,0.2421875,0.260986328125,0.0004963874816894,1.385067101849121,112,False,1,0,0,0,tres petit,75-90,0.0005035400390625,0.6533584273346394,0.8577264155658761,0.7607798554564501,-1.261360798340092,-0.096946560109426,-0.33419178617606743,Q2
val,P0864,158,val:P0864:158,ship,1,0,444.5,14.0,36.0,36.055511474609375,12.04159450531006,88.36342295838328,580.0,740.0,592.0,741.0,591.0,776.0,578.0,776.0,3071,2044,GoogleEarth,0.251228128249,7.081268428025319e-05,2.9942472700529605,P0864__x0_y0,28,0,0,1024,1.0,444.5,580.0,740.0,592.0,741.0,591.0,776.0,578.0,776.0,1,0.8109095096588135,0.3430852890014648,121,248.0,0.2421875,0.259521484375,0.0004239082336425,1.3848551434560634,112,False,1,1,1,1,tres petit,75-90,0.0005035400390625,0.6538018276744081,0.856097438137862,0.7627141504216277,0.2695490864901898,-0.0933832877162342,-0.032607526597572614,Q4
val,P0864,159,val:P0864:159,ship,1,0,744.0,18.0,48.0,48.093658447265625,15.0,87.61405596961117,489.0,680.0,504.0,680.0,502.0,728.0,486.0,728.0,3071,2044,GoogleEarth,0.251228128249,0.0001185256177829,3.206243896484375,P0864__x0_y0,29,0,0,1024,1.0,744.0,489.0,680.0,504.0,680.0,502.0,728.0,486.0,728.0,1,0.7974414229393005,0.4732834696769714,76,296.0,0.2890625,0.3125,0.0007095336914062,1.4365700633511558,112,False,0,1,1,1,petit,75-90,0.0005035400390625,0.6229579844091702,0.8622211007988733,0.7408119060747188,-0.4868297407214629,-0.1214091947241544,-0.9072300594463341,Q1
val,P0864,160,val:P0864:160,ship,1,0,346.5,13.0,31.0,30.066593170166016,11.045360565185549,88.09084756700362,854.0,586.0,843.0,585.0,844.0,555.0,856.0,556.0,3071,2044,GoogleEarth,0.251228128249,5.52004389271265e-05,2.722101555012563,P0864__x0_y0,30,0,0,1024,1.0,346.5,854.0,586.0,843.0,585.0,844.0,555.0,856.0,556.0,1,0.7867236137390137,0.2577491998672485,174,168.0,0.1640625,0.170654296875,0.0003304481506347,1.3142884429129984,112,False,1,1,1,1,tres petit,75-90,0.0005035400390625,0.6979037375304801,0.8509004718177474,0.8028347949166588,0.2344449251785144,-0.0480656769010886,0.004225828032448626,Q4
val,P0864,161,val:P0864:161,ship,1,0,358.5,12.0,35.0,34.058773040771484,10.049875259399414,86.6335393365702,637.0,740.0,648.0,741.0,646.0,775.0,636.0,774.0,3071,2044,GoogleEarth,0.251228128249,5.711214243975426e-05,3.3889747048270182,P0864__x0_y0,31,0,0,1024,1.0,358.5,637.0,740.0,648.0,741.0,646.0,775.0,636.0,774.0,1,0.6795091032981873,0.2742416560649872,166,249.0,0.2431640625,0.26025390625,0.0003418922424316,1.4790956473782606,112,False,1,1,1,1,tres petit,75-90,0.0005035400390625,0.6246006490808804,0.8617527644687021,0.7494602847164505,0.2888273648272034,-0.1122924797522515,-0.8382229805091376,Q1
val,P0864,162,val:P0864:162,ship,1,0,812.0,48.0,21.0,46.173583984375,17.11724281311035,4.96974072811031,150.0,606.0,148.0,624.0,102.0,620.0,104.0,603.0,3071,2044,GoogleEarth,0.251228128249,0.0001293586043544,2.697489571685573,P0864__x0_y0,32,0,0,1024,1.0,812.0,150.0,606.0,148.0,624.0,102.0,620.0,104.0,603.0,1,0.8178813457489014,0.3179722130298614,140,102.0,0.099609375,0.123046875,0.0007743835449218,1.3076540952298272,112,False,0,1,1,1,petit,0-15,0.0005035400390625,0.6966207961711941,0.4992447754322029,0.621566250104155,-1.528270320177535,0.122321474671952,-0.2898621589841617,Q2
val,P0864,163,val:P0864:163,harbor,7,0,39478.5,499.0,93.0,499.19635009765625,79.05693817138672,1.5074357587749605,900.0,555.0,897.0,634.0,403.0,621.0,401.0,541.0,3071,2044,GoogleEarth,0.251228128249,0.0062892655936062,6.314390130002931,P0864__x0_y0,33,0,0,1024,1.0,39478.5,900.0,555.0,897.0,634.0,403.0,621.0,401.0,541.0,1,0.0,0.0,-1,124.0,0.12109375,0.364990234375,0.0376496315002441,1.989843658474592,112,False,0,0,0,0,grand,0-15,0.0005035400390625,0.05,0.3204393613279153,0.5920229457277991,0.6088881752713736,0.2715835843998838,-0.017666726116401837,Q4
val,P0864,164,val:P0864:164,harbor,7,0,43134.5,500.0,96.0,499.1693115234375,83.02409362792969,0.6902771978650719,895.0,700.0,893.0,783.0,395.0,777.0,396.0,687.0,3071,2044,GoogleEarth,0.251228128249,0.0068716979304535,6.012342799675137,P0864__x0_y0,34,0,0,1024,1.0,43134.5,895.0,700.0,893.0,783.0,395.0,777.0,396.0,687.0,1,0.0,0.0,-1,129.0,0.1259765625,0.280517578125,0.0411362648010253,1.9476718534389208,112,False,0,0,0,0,grand,0-15,0.0005035400390625,0.05,0.3177618184870648,0.575676155231039,0.5924004614672003,0.2579143367439741,-0.026541207507579195,Q4
val,P0864,165,val:P0864:165,harbor,7,0,50098.5,399.0,135.0,398.1808776855469,123.0162582397461,0.8658652554733521,807.0,864.0,805.0,987.0,408.0,981.0,409.0,852.0,3071,2044,GoogleEarth,0.251228128249,0.0079811232022818,3.2368150631726507,P0864__x0_y0,35,0,0,1024,1.0,50098.5,807.0,864.0,805.0,987.0,408.0,981.0,409.0,852.0,1,0.0,0.0,-1,37.0,0.0361328125,0.1005859375,0.0477776527404785,1.4438118226324956,112,False,0,0,0,0,grand,0-15,0.0005035400390625,0.0535022390491357,0.3420333320931139,0.5195298114590908,0.5388637706625804,0.1774964793659769,-0.2185020517276521,Q3
val,P0864,166,val:P0864:166,harbor,7,0,25925.0,68.0,426.0,426.1173400878906,58.00862121582031,89.45948981286934,392.0,957.0,334.0,956.0,338.0,532.0,402.0,531.0,3071,2044,GoogleEarth,0.251228128249,0.0041300761304062,7.345758805445946,P0864__x0_y0,36,0,0,1024,1.0,25925.0,392.0,957.0,334.0,956.0,338.0,532.0,402.0,531.0,1,0.0,0.0,-1,67.0,0.0654296875,0.2734375,0.024724006652832,2.121753482332396,112,False,0,0,0,0,grand,75-90,0.0005035400390625,0.05,0.5503165137330958,0.5915352763936912,0.6204993034322752,0.0412187626605954,-0.6695234579737389,Q1
val,P0864,175,val:P0864:175,ship,1,0,1922.0,28.0,83.0,82.15229797363281,23.0867919921875,87.17287542183873,175.0,608.0,198.0,610.0,194.0,691.0,170.0,690.0,3071,2044,GoogleEarth,0.251228128249,0.0003061911792725,3.5584111470070376,P0864__x0_y0,37,0,0,1024,1.0,1922.0,175.0,608.0,198.0,610.0,194.0,691.0,170.0,690.0,1,0.8186452388763428,0.5143314599990845,56,170.0,0.166015625,0.179931640625,0.0018329620361328,1.516974130135631,112,False,0,1,1,1,moyen,75-90,0.0005035400390625,0.635975830064664,0.8705576020858982,0.8067404188395134,-0.4194045551978008,-0.0638171832463847,-0.9504345809101655,Q1
val,P0864,176,val:P0864:176,ship,1,0,826.0,44.0,23.0,42.19004440307617,19.10497283935547,4.085616779974885,146.0,635.0,144.0,654.0,102.0,651.0,104.0,631.0,3071,2044,GoogleEarth,0.251228128249,0.0001315889251192,2.2083278923153657,P0864__x0_y0,38,0,0,1024,1.0,826.0,146.0,635.0,144.0,654.0,102.0,651.0,104.0,631.0,1,0.681908130645752,0.50422203540802,58,102.0,0.099609375,0.12109375,0.0007877349853515,1.165749895602596,112,False,0,1,1,1,petit,0-15,0.0005035400390625,0.7349662470672079,0.5002486462408922,0.4681229060227673,-1.917739735526247,-0.0321257402181248,-0.2830346331649158,Q2
val,P0864,177,val:P0864:177,ship,1,0,336.5,11.0,33.0,32.015621185302734,10.049875259399414,90.0,838.0,583.0,828.0,582.0,828.0,550.0,839.0,551.0,3071,2044,GoogleEarth,0.251228128249,5.360735266660337e-05,3.1856734893658776,P0864__x0_y0,39,0,0,1024,1.0,336.5,838.0,583.0,828.0,582.0,828.0,550.0,839.0,551.0,1,0.7497053742408752,0.4326197504997253,87,185.0,0.1806640625,0.186279296875,0.0003209114074707,1.431667620352331,112,False,1,1,1,1,tres petit,75-90,0.0005035400390625,0.6604125191374363,0.8559579747399492,0.7933659192759857,0.2502943219685824,-0.0625920554639635,-0.6800431338629926,Q1
val,P0864,178,val:P0864:178,ship,1,0,866.0,47.0,20.0,46.010868072509766,19.02629852294922,1.2453642667683482,149.0,666.0,148.0,685.0,102.0,684.0,104.0,665.0,3071,2044,GoogleEarth,0.251228128249,0.0001379612701613,2.418277418332956,P0864__x0_y0,40,0,0,1024,1.0,866.0,149.0,666.0,148.0,685.0,102.0,684.0,104.0,665.0,1,0.8353453874588013,0.7215390205383301,5,102.0,0.099609375,0.122802734375,0.0008258819580078,1.2291367453356996,112,False,0,1,1,1,petit,0-15,0.0005035400390625,0.7174413610997892,0.5029452741481344,0.5170457178912913,-1.7450201684827775,0.0141004437431568,-0.266928303437446,Q2
val,P0864,179,val:P0864:179,ship,1,0,609.0,42.0,16.0,41.01219177246094,15.033296585083008,1.4320961841646351,153.0,694.0,151.0,709.0,111.0,708.0,112.0,693.0,3071,2044,GoogleEarth,0.251228128249,9.701895326585868e-05,2.7280903786037083,P0864__x0_y0,41,0,0,1024,1.0,609.0,153.0,694.0,151.0,709.0,111.0,708.0,112.0,693.0,1,0.7355874180793762,0.4229396283626556,91,111.0,0.1083984375,0.128662109375,0.0005807876586914,1.3158961397171731,112,False,0,1,1,1,petit,0-15,0.0005035400390625,0.6921967474861035,0.504038853379891,0.647417354742474,-1.4679142402490986,0.143378501362583,-0.2604382616746057,Q2
val,P0864,180,val:P0864:180,ship,1,0,493.0,14.0,37.0,37.01351165771485,13.03840446472168,90.0,143.0,809.0,156.0,810.0,156.0,846.0,142.0,846.0,3071,2044,GoogleEarth,0.251228128249,7.853915264379038e-05,2.838806830840628,P0864__x0_y0,42,0,0,1024,1.0,493.0,143.0,809.0,156.0,810.0,156.0,846.0,142.0,846.0,1,0.0,0.7145039439201355,8,142.0,0.138671875,0.145751953125,0.0004701614379882,1.3451615971805682,112,False,1,0,0,0,tres petit,75-90,0.0005035400390625,0.6960969281215164,0.8350327288475554,0.7881205343789486,-1.1791116088601723,-0.0469121944686068,-0.515459486820856,Q1
val,P0864,181,val:P0864:181,ship,1,0,1893.0,26.0,81.0,81.05553436279297,23.021728515625,87.87890360333854,132.0,848.0,156.0,848.0,153.0,929.0,130.0,928.0,3071,2044,GoogleEarth,0.251228128249,0.000301571229117,3.5208274786048337,P0864__x0_y0,43,0,0,1024,1.0,1893.0,132.0,848.0,156.0,848.0,153.0,929.0,130.0,928.0,1,0.7827472686767578,0.3338123559951782,128,95.0,0.0927734375,0.132568359375,0.001805305480957,1.508695047576578,112,False,0,1,1,1,moyen,75-90,0.0005035400390625,0.6519070783542315,0.8724519873427272,0.8116640278130323,-0.427207397345986,-0.0607879595296949,-0.7196864796650136,Q1
val,P0864,182,val:P0864:182,ship,1,0,5966.0,36.0,187.0,187.0668334960937,31.0,88.46839220798898,169.0,730.0,202.0,729.0,197.0,916.0,166.0,916.0,3071,2044,GoogleEarth,0.251228128249,0.0009504352630281,6.03441398374496,P0864__x0_y0,44,0,0,1024,1.0,5966.0,169.0,730.0,202.0,729.0,197.0,916.0,166.0,916.0,1,0.0,0.7059240341186523,9,108.0,0.10546875,0.17919921875,0.0056896209716796,1.9508143869893797,112,False,0,0,0,0,grand,75-90,0.0005035400390625,0.4969920768670988,0.8455783885252918,0.8157079956369109,1.6511734826409494,-0.0298703928883808,-0.20079342390669574,Q3
val,P0864,183,val:P0864:183,ship,1,0,1001.0,47.0,22.0,46.0,22.022714614868164,0.0,384.0,584.0,382.0,606.0,337.0,606.0,338.0,584.0,3071,2044,GoogleEarth,0.251228128249,0.0001594679346783,2.088752490528306,P0864__x0_y0,45,0,0,1024,1.0,1001.0,384.0,584.0,382.0,606.0,337.0,606.0,338.0,584.0,1,0.7924326658248901,0.3098249733448028,146,337.0,0.3291015625,0.351806640625,0.0009546279907226,1.127767284642755,112,False,0,1,1,1,moyen,0-15,0.0005035400390625,0.6865725644770035,0.4908284534722436,0.4889488271196969,-1.6264073122525835,-0.0018796263525466,-0.2386570112072909,Q3
val,P0864,184,val:P0864:184,ship,1,0,300.0,25.0,13.0,25.01999282836914,11.0,2.2906100426385194,387.0,566.0,387.0,579.0,362.0,578.0,362.0,567.0,3071,2044,GoogleEarth,0.251228128249,4.779258781569394e-05,2.2745448025790127,P0864__x0_y0,46,0,0,1024,1.0,300.0,387.0,566.0,387.0,579.0,362.0,578.0,362.0,567.0,1,0.0,0.7016264796257019,10,362.0,0.353515625,0.36572265625,0.0002861022949218,1.1861788678480631,112,False,1,0,0,0,tres petit,0-15,0.0005035400390625,0.6664373665767362,0.4848457103452299,0.4871623677298138,-0.728678320031227,0.0023166573845839,-0.17145967920673097,Q3
val,P0864,185,val:P0864:185,ship,1,0,1110.5,21.0,56.0,56.00892639160156,20.0,88.97696981133215,367.0,626.0,387.0,626.0,386.0,682.0,366.0,681.0,3071,2044,GoogleEarth,0.251228128249,0.000176912229231,2.800446319580078,P0864__x0_y0,47,0,0,1024,1.0,1110.5,367.0,626.0,387.0,626.0,386.0,682.0,366.0,681.0,1,0.8973634839057922,0.3930723667144775,102,342.0,0.333984375,0.361572265625,0.0010590553283691,1.335118512356406,112,False,0,1,1,1,moyen,75-90,0.0005035400390625,0.6403848825536942,0.8273969283178169,0.7361954437171582,-0.5711676020093757,-0.0912014846006586,-0.9003612667653491,Q1
val,P0864,186,val:P0864:186,ship,1,0,396.0,13.0,33.0,33.0151481628418,11.0,88.26429541107161,527.0,578.0,516.0,578.0,515.0,545.0,528.0,545.0,3071,2044,GoogleEarth,0.251228128249,6.3086215916716e-05,3.00137710571289,P0864__x0_y0,48,0,0,1024,1.0,396.0,527.0,578.0,516.0,578.0,515.0,545.0,528.0,545.0,1,0.0,0.6955465078353882,11,446.0,0.435546875,0.45166015625,0.0003776550292968,1.3866385782985822,112,False,1,0,0,0,tres petit,75-90,0.0005035400390625,0.5982659459013552,0.8415055252767817,0.7451736066863878,-1.3418876982423673,-0.0963319185903939,-0.041089617252153945,Q4
val,P0864,187,val:P0864:187,ship,1,0,310.0,11.0,31.0,31.0161247253418,9.0,88.15238973400541,659.0,579.0,648.0,579.0,649.0,548.0,658.0,548.0,3071,2044,GoogleEarth,0.251228128249,4.938567407621707e-05,3.446236080593533,P0864__x0_y0,49,0,0,1024,1.0,310.0,659.0,579.0,648.0,579.0,649.0,548.0,658.0,548.0,1,0.5955847501754761,0.2878246903419494,160,365.0,0.3564453125,0.36181640625,0.0002956390380859,1.4920579136809764,112,False,1,1,1,0,tres petit,75-90,0.0005035400390625,0.5912392438118218,0.8455829150674014,0.7441342739377067,0.3313131025135091,-0.1014486411296946,-0.2814422995732933,Q2
val,P0864,188,val:P0864:188,ship,1,0,391.0,12.0,34.0,34.01470184326172,11.0,88.31531568210372,664.0,544.0,675.0,544.0,676.0,578.0,664.0,578.0,3071,2044,GoogleEarth,0.251228128249,6.228967278645444e-05,3.0922456221147017,P0864__x0_y0,50,0,0,1024,1.0,391.0,664.0,544.0,675.0,544.0,676.0,578.0,664.0,578.0,1,0.0,0.6919163465499878,12,348.0,0.33984375,0.345947265625,0.0003728866577148,1.4090938712426713,112,False,1,0,0,0,tres petit,75-90,0.0005035400390625,0.6219981698347331,0.8519669907711939,0.7415895953244586,-1.3026471339919488,-0.1103773954467353,-0.15433171800884746,Q3
val,P0864,189,val:P0864:189,ship,1,0,300.0,10.0,30.0,30.0,10.0,90.0,756.0,581.0,746.0,581.0,746.0,551.0,756.0,551.0,3071,2044,GoogleEarth,0.251228128249,4.779258781569394e-05,3.0,P0864__x0_y0,51,0,0,1024,1.0,300.0,756.0,581.0,746.0,581.0,746.0,551.0,756.0,551.0,1,0.0,0.685472846031189,13,268.0,0.26171875,0.2666015625,0.0002861022949218,1.3862943611198906,112,False,1,0,0,0,tres petit,75-90,0.0005035400390625,0.6517341771864783,0.8391789663835302,0.7444006729363467,-1.236962789816405,-0.0947782934471834,-0.44777342826598554,Q1
val,P0864,190,val:P0864:190,ship,1,0,303.0,12.0,28.0,28.01785087585449,11.0,87.95459151111278,773.0,580.0,762.0,580.0,763.0,552.0,774.0,553.0,3071,2044,GoogleEarth,0.251228128249,4.827051369385088e-05,2.547077352350408,P0864__x0_y0,52,0,0,1024,1.0,303.0,773.0,580.0,762.0,580.0,763.0,552.0,774.0,553.0,1,0.0,0.684622049331665,14,250.0,0.244140625,0.25,0.000288963317871,1.2661239833773257,112,False,1,0,0,0,tres petit,75-90,0.0005035400390625,0.6907500976706202,0.8400760965921557,0.7288969095209151,-1.1664043864290623,-0.1111791870712405,-0.33149961658480903,Q2
val,P0864,191,val:P0864:191,ship,1,0,505.0,15.0,37.0,36.055511474609375,13.03840446472168,90.0,616.0,740.0,629.0,741.0,629.0,777.0,614.0,776.0,3071,2044,GoogleEarth,0.251228128249,8.045085615641813e-05,2.765331568917472,P0864__x0_y0,53,0,0,1024,1.0,505.0,616.0,740.0,629.0,741.0,629.0,777.0,614.0,776.0,1,0.6297411322593689,0.5509235858917236,41,247.0,0.2412109375,0.25927734375,0.0004816055297851,1.3258359234878028,112,False,1,1,1,1,tres petit,75-90,0.0005035400390625,0.6715813255719063,0.8240971395473726,0.7368092182953457,0.3046091903606669,-0.0872879212520268,-0.3946822857238418,Q2
val,P0864,192,val:P0864:192,ship,1,0,425.0,13.0,34.0,34.01470184326172,12.0,90.0,653.0,743.0,665.0,743.0,665.0,777.0,652.0,777.0,3071,2044,GoogleEarth,0.251228128249,6.770616607223308e-05,2.834558486938477,P0864__x0_y0,54,0,0,1024,1.0,425.0,653.0,743.0,665.0,743.0,665.0,777.0,652.0,777.0,1,0.0,0.6734444499015808,15,247.0,0.2412109375,0.2578125,0.0004053115844726,1.3440543009265025,112,False,1,0,0,0,tres petit,75-90,0.0005035400390625,0.6666601502738694,0.824493304495237,0.737150739395114,-1.1930794823169184,-0.0873425651001229,-0.4054933550435248,Q2
val,P0864,194,val:P0864:194,ship,1,0,1097.0,21.0,54.0,54.00925827026367,20.02498435974121,90.0,515.0,908.0,535.0,909.0,535.0,962.0,514.0,962.0,3071,2044,GoogleEarth,0.251228128249,0.0001747615627793,2.697093655605814,P0864__x0_y0,55,0,0,1024,1.0,1097.0,515.0,908.0,535.0,909.0,535.0,962.0,514.0,962.0,1,0.6779050230979919,0.3230625987052917,136,62.0,0.060546875,0.086669921875,0.0010461807250976,1.3075470124996804,112,False,0,1,1,1,moyen,75-90,0.0005035400390625,0.7212497683067254,0.8322520774847796,0.7719794122771781,-0.6620584341242113,-0.0602726652076014,-0.8458286796620643,Q1
val,P0864,195,val:P0864:195,ship,1,0,659.0,16.0,43.0,43.011627197265625,15.033296585083008,90.0,602.0,899.0,587.0,898.0,587.0,856.0,603.0,856.0,3071,2044,GoogleEarth,0.251228128249,0.0001049843845684,2.861090842839121,P0864__x0_y0,56,0,0,1024,1.0,659.0,602.0,899.0,587.0,898.0,587.0,856.0,603.0,856.0,1,0.7892342805862427,0.4338744282722473,85,125.0,0.1220703125,0.143310546875,0.0006284713745117,1.3509497453241734,112,False,0,1,1,1,petit,75-90,0.0005035400390625,0.6951135904856488,0.8347847882200424,0.7884220038273541,-0.5882538186409066,-0.0463627843926883,-0.5320325173162008,Q1
val,P0864,196,val:P0864:196,ship,1,0,561.0,16.0,39.0,38.0,14.142135620117188,86.90594194108289,622.0,896.0,608.0,894.0,606.0,857.0,622.0,858.0,3071,2044,GoogleEarth,0.251228128249,8.937213921534766e-05,2.6870057691954954,P0864__x0_y0,57,0,0,1024,1.0,561.0,622.0,896.0,608.0,894.0,606.0,857.0,622.0,858.0,1,0.0,0.6723340153694153,16,128.0,0.125,0.144287109375,0.0005350112915039,1.3048146839905432,112,False,0,0,0,0,petit,75-90,0.0005035400390625,0.7070394820019736,0.8498513265758033,0.796034985387596,2.847091031529944,-0.0538163411882073,-0.6355364605667523,Q1
val,P0864,197,val:P0864:197,ship,1,0,592.0,16.0,40.0,40.04996871948242,14.0,87.13759477388825,642.0,898.0,628.0,898.0,626.0,858.0,642.0,859.0,3071,2044,GoogleEarth,0.251228128249,9.431070662296938e-05,2.8607120513916016,P0864__x0_y0,58,0,0,1024,1.0,592.0,642.0,898.0,628.0,898.0,626.0,858.0,642.0,859.0,1,0.7664650082588196,0.3673482835292816,110,126.0,0.123046875,0.142333984375,0.0005645751953125,1.350851635736811,112,False,0,1,1,1,petit,75-90,0.0005035400390625,0.6948608493404047,0.8526765276064782,0.7979979800525033,-0.537486053818131,-0.0546785475539748,-0.7749857945372655,Q1
val,P0864,198,val:P0864:198,ship,1,0,560.5,15.0,42.0,42.01190185546875,12.0,87.20729763428672,661.0,902.0,646.0,901.0,648.0,860.0,660.0,860.0,3071,2044,GoogleEarth,0.251228128249,8.929248490232151e-05,3.5009918212890625,P0864__x0_y0,59,0,0,1024,1.0,560.5,661.0,902.0,646.0,901.0,648.0,860.0,660.0,860.0,1,0.6910865306854248,0.3333514630794525,129,122.0,0.119140625,0.139892578125,0.0005345344543457,1.5042977772216226,112,False,0,1,1,1,petit,75-90,0.0005035400390625,0.6510544886674133,0.8714479301309146,0.8076490046580188,-0.4322004830059284,-0.0637989254728957,-0.9687165930119881,Q1
val,P0864,199,val:P0864:199,ship,1,0,688.0,16.0,44.0,44.0,16.031219482421875,90.0,682.0,904.0,666.0,903.0,666.0,861.0,682.0,860.0,3071,2044,GoogleEarth,0.251228128249,0.0001096043347239,2.744644601007784,P0864__x0_y0,60,0,0,1024,1.0,688.0,682.0,904.0,666.0,903.0,666.0,861.0,682.0,860.0,1,0.8536449074745178,0.2525689005851745,178,120.0,0.1171875,0.138671875,0.0006561279296875,1.3203267128685436,112,False,0,1,1,1,petit,75-90,0.0005035400390625,0.704784766525425,0.8343483699181609,0.7889237365050045,-0.6065461857537325,-0.0454246334131563,-0.6006763133582564,Q1
val,P0864,200,val:P0864:200,ship,1,0,643.0,17.0,42.0,42.04759216308594,14.0,87.27368900609372,739.0,902.0,725.0,902.0,723.0,860.0,740.0,861.0,3071,2044,GoogleEarth,0.251228128249,0.0001024354465516,3.003399440220424,P0864__x0_y0,61,0,0,1024,1.0,643.0,739.0,902.0,725.0,902.0,723.0,860.0,740.0,861.0,1,0.7760299444198608,0.4145530164241791,96,122.0,0.119140625,0.139404296875,0.0006132125854492,1.3871438602484167,112,False,0,1,1,1,petit,75-90,0.0005035400390625,0.6854209706540267,0.8722260237004852,0.8087717034818659,-0.4696288085981015,-0.0634543202186193,-0.8093060172699531,Q1
val,P0864,201,val:P0864:201,ship,1,0,701.5,17.0,43.0,43.0,16.0,90.0,758.0,902.0,742.0,902.0,742.0,859.0,759.0,860.0,3071,2044,GoogleEarth,0.251228128249,0.0001117550011756,2.6875,P0864__x0_y0,62,0,0,1024,1.0,701.5,758.0,902.0,742.0,902.0,742.0,859.0,759.0,860.0,1,0.0,0.6619928479194641,17,122.0,0.119140625,0.139892578125,0.0006690025329589,1.304948721665938,112,False,0,0,0,0,petit,75-90,0.0005035400390625,0.7086774781702212,0.8328906669512105,0.7883910873820631,2.8144989685687567,-0.0444995795691474,-0.5877833611346449,Q1
val,P0864,202,val:P0864:202,ship,1,0,594.0,16.0,43.0,43.046485900878906,14.0,87.33699923393286,778.0,906.0,764.0,906.0,762.0,863.0,776.0,864.0,3071,2044,GoogleEarth,0.251228128249,9.4629323875074e-05,3.074748992919922,P0864__x0_y0,63,0,0,1024,1.0,594.0,778.0,906.0,764.0,906.0,762.0,863.0,776.0,864.0,1,0.7552667856216431,0.6017757058143616,32,118.0,0.115234375,0.135986328125,0.0005664825439453,1.4048091479661964,112,False,0,1,1,1,petit,75-90,0.0005035400390625,0.6812982984325525,0.8735676917114658,0.8075301762352184,-0.4627480057770879,-0.0660375154762473,-0.87734495390688,Q1
val,P0864,203,val:P0864:203,ship,1,0,540.0,15.0,40.0,40.04996871948242,13.0,88.56790381583535,798.0,904.0,784.0,904.0,783.0,864.0,796.0,864.0,3071,2044,GoogleEarth,0.251228128249,8.60266580682491e-05,3.080766824575571,P0864__x0_y0,64,0,0,1024,1.0,540.0,798.0,904.0,784.0,904.0,783.0,864.0,796.0,864.0,1,0.7251732349395752,0.3057659566402435,149,120.0,0.1171875,0.13671875,0.0005149841308593,1.406284917956103,112,False,0,1,1,1,petit,75-90,0.0005035400390625,0.6809160726850749,0.8720117691873142,0.8153350350218251,-0.4577882282156603,-0.056676734165489,-0.8800182418396597,Q1
val,P0864,204,val:P0864:204,ship,1,0,779.0,18.0,45.0,45.0111083984375,17.029386520385742,88.72696997994329,418.0,908.0,436.0,908.0,435.0,953.0,418.0,952.0,3071,2044,GoogleEarth,0.251228128249,0.0001241014196947,2.643143271459313,P0864__x0_y0,65,0,0,1024,1.0,779.0,418.0,908.0,436.0,908.0,435.0,953.0,418.0,952.0,1,0.7993935346603394,0.3131524324417114,142,71.0,0.0693359375,0.091552734375,0.0007429122924804,1.29284684513104,112,False,0,1,1,1,petit,75-90,0.0005035400390625,0.723713470487723,0.8505554597655354,0.7961798202669078,-0.5952798250855111,-0.0543756394986275,-1.0,Q1
val,P0864,205,val:P0864:205,ship,1,0,999.0,20.0,54.0,54.03702545166016,17.0,88.93908830973577,443.0,905.0,460.0,905.0,461.0,959.0,441.0,959.0,3071,2044,GoogleEarth,0.251228128249,0.0001591493174262,3.178648555980009,P0864__x0_y0,66,0,0,1024,1.0,999.0,443.0,905.0,460.0,905.0,461.0,959.0,441.0,959.0,1,0.8291282653808594,0.3282890021800995,135,65.0,0.0634765625,0.08984375,0.0009527206420898,1.429987882293578,112,False,0,1,1,1,moyen,75-90,0.0005035400390625,0.6866314653627482,0.8760142550205269,0.7974558431850033,-0.4742131482722758,-0.0785584118355235,-1.0,Q1
val,P0864,206,val:P0864:206,ship,1,0,962.0,20.0,53.0,53.00943374633789,18.027755737304688,87.75425743410493,467.0,904.0,486.0,905.0,484.0,956.0,466.0,957.0,3071,2044,GoogleEarth,0.251228128249,0.0001532548982623,2.940434434478492,P0864__x0_y0,67,0,0,1024,1.0,962.0,467.0,904.0,486.0,905.0,484.0,956.0,466.0,957.0,1,0.0,0.6598242521286011,18,67.0,0.0654296875,0.09130859375,0.0009174346923828,1.3712909797893664,112,False,0,0,0,0,petit,75-90,0.0005035400390625,0.7024462523842627,0.8704371322848697,0.8027863825555502,2.857659851328737,-0.0676507497293195,-0.7835928273288547,Q1
val,P0864,207,val:P0864:207,ship,1,0,1036.0,20.0,55.0,55.03635025024414,18.027755737304688,87.91743472026911,491.0,907.0,511.0,907.0,509.0,962.0,491.0,961.0,3071,2044,GoogleEarth,0.251228128249,0.0001650437365901,3.0528675367149485,P0864__x0_y0,68,0,0,1024,1.0,1036.0,491.0,907.0,511.0,907.0,509.0,962.0,491.0,961.0,1,0.7518032193183899,0.3131210505962372,143,62.0,0.060546875,0.087646484375,0.0009880065917968,1.3994246643375774,112,False,0,1,1,1,moyen,75-90,0.0005035400390625,0.6956154341418217,0.8723605553293923,0.7978046302287052,-0.4938920511317247,-0.074555925100687,-0.6839696690142619,Q1
val,P0864,208,val:P0864:208,ship,1,0,1056.0,21.0,52.0,52.0,20.0,88.87669728592456,616.0,913.0,637.0,914.0,636.0,965.0,616.0,965.0,3071,2044,GoogleEarth,0.251228128249,0.0001682299091112,2.6,P0864__x0_y0,69,0,0,1024,1.0,1056.0,616.0,913.0,637.0,914.0,636.0,965.0,616.0,965.0,1,0.7781221866607666,0.4393946826457977,83,59.0,0.0576171875,0.082763671875,0.001007080078125,1.2809338454620642,112,False,0,1,1,1,moyen,75-90,0.0005035400390625,0.7289991060251572,0.849531444316117,0.7722124358811261,-0.6325516996520577,-0.0773190084349909,-1.0,Q1
val,P0864,209,val:P0864:209,ship,1,0,600.0,15.0,40.0,40.0,15.0,90.0,564.0,899.0,549.0,899.0,549.0,859.0,564.0,859.0,3071,2044,GoogleEarth,0.251228128249,9.558517563138788e-05,2.6666666666666665,P0864__x0_y0,70,0,0,1024,1.0,600.0,564.0,899.0,549.0,899.0,549.0,859.0,564.0,859.0,1,0.7420390844345093,0.4079286754131317,97,125.0,0.1220703125,0.1416015625,0.0005722045898437,1.2992829841302609,112,False,0,1,1,1,petit,75-90,0.0005035400390625,0.7097867331311903,0.8328906669512105,0.7886955464266145,-0.6200107434689838,-0.0441951205245959,-0.5696643760172038,Q1
val,P0864,210,val:P0864:210,ship,1,0,850.0,17.0,50.0,50.0,17.0,90.0,645.0,917.0,662.0,917.0,662.0,967.0,645.0,967.0,3071,2044,GoogleEarth,0.251228128249,0.0001354123321444,2.9411764705882355,P0864__x0_y0,71,0,0,1024,1.0,850.0,645.0,917.0,662.0,917.0,662.0,967.0,645.0,967.0,1,0.6454557180404663,0.2737531661987304,168,57.0,0.0556640625,0.080078125,0.0008106231689453,1.37147927533475,112,False,0,1,1,1,petit,75-90,0.0005035400390625,0.7056692043543463,0.8485379801767157,0.7780422352344663,-0.5850936805440348,-0.0704957449422494,-0.8593803314051536,Q1
val,P0864,211,val:P0864:211,ship,1,0,829.5,16.0,54.0,54.00925827026367,15.033296585083008,90.0,673.0,921.0,688.0,922.0,688.0,975.0,672.0,975.0,3071,2044,GoogleEarth,0.251228128249,0.0001321465053103,3.592642369861517,P0864__x0_y0,72,0,0,1024,1.0,829.5,673.0,921.0,688.0,922.0,688.0,975.0,672.0,975.0,1,0.6256220936775208,0.5221781134605408,52,49.0,0.0478515625,0.073974609375,0.0007910728454589,1.524455538140849,112,False,0,1,1,1,petit,75-90,0.0005035400390625,0.6637867928219676,0.8485052783070334,0.7738355271056389,-0.5252609786089092,-0.0746697512013945,-0.9900374171535395,Q1
val,P0864,212,val:P0864:212,ship,1,0,1105.5,22.0,58.0,57.00876998901367,18.027755737304688,85.91438322002512,695.0,914.0,716.0,916.0,712.0,972.0,694.0,971.0,3071,2044,GoogleEarth,0.251228128249,0.0001761156861008,3.162277702212588,P0864__x0_y0,73,0,0,1024,1.0,1105.5,695.0,914.0,716.0,916.0,712.0,972.0,694.0,971.0,1,0.732292115688324,0.3707447350025177,109,52.0,0.05078125,0.078857421875,0.0010542869567871,1.4260624490066185,112,False,0,1,1,1,moyen,75-90,0.0005035400390625,0.6900552088735906,0.8675533577083137,0.7372365866302594,-0.5576401076321074,-0.1303167710780542,-0.7427999870925858,Q1
val,P0864,213,val:P0864:213,ship,1,0,1570.0,21.0,81.0,81.00617218017578,18.0,88.56790381583535,741.0,997.0,720.0,996.0,722.0,916.0,740.0,916.0,3071,2044,GoogleEarth,0.251228128249,0.0002501145429021,4.500342898898655,P0864__x0_y0,74,0,0,1024,1.0,1570.0,741.0,997.0,720.0,996.0,722.0,916.0,740.0,916.0,1,0.7247377038002014,0.7211055755615234,7,27.0,0.0263671875,0.066162109375,0.0014972686767578,1.7048104355493416,112,False,0,1,1,1,moyen,75-90,0.0005035400390625,0.6108110660400333,0.8484471664079669,0.7795423539813562,-0.4583116541114319,-0.0689048124266107,-1.0,Q1
val,P0864,214,val:P0864:214,ship,1,0,1350.0,23.0,61.0,61.00819778442383,22.022714614868164,90.0,745.0,923.0,768.0,924.0,768.0,983.0,746.0,984.0,3071,2044,GoogleEarth,0.251228128249,0.0002150666451706,2.7702396753230163,P0864__x0_y0,75,0,0,1024,1.0,1350.0,745.0,923.0,768.0,924.0,768.0,983.0,746.0,984.0,1,0.7078844308853149,0.4336050450801849,86,40.0,0.0390625,0.06884765625,0.0012874603271484,1.3271385737953934,112,False,0,1,1,1,moyen,75-90,0.0005035400390625,0.720440256437778,0.8319326035625685,0.7498202722840751,-0.6832983042511167,-0.0821123312784933,-0.8132743484902408,Q1
val,P0864,215,val:P0864:215,ship,1,0,1609.0,21.0,83.0,83.00602722167969,18.0,88.60281897270363,797.0,999.0,776.0,998.0,778.0,916.0,796.0,916.0,3071,2044,GoogleEarth,0.251228128249,0.0002563275793181,4.611445956759983,P0864__x0_y0,76,0,0,1024,1.0,1609.0,797.0,999.0,776.0,998.0,778.0,916.0,796.0,916.0,1,0.8584913611412048,0.3130773603916168,144,25.0,0.0244140625,0.065185546875,0.0015344619750976,1.7248084326267603,112,False,0,1,1,1,moyen,75-90,0.0005035400390625,0.6048180993535461,0.8459399799109566,0.778924018898372,-0.4568618012118094,-0.0670159610125845,-1.0,Q1
val,P0864,216,val:P0864:216,ship,1,0,2819.0,26.0,116.0,115.01738739013672,24.020824432373047,89.00365210349509,830.0,989.0,805.0,988.0,807.0,873.0,831.0,874.0,3071,2044,GoogleEarth,0.251228128249,0.0004490910168414,4.788236461822972,P0864__x0_y0,77,0,0,1024,1.0,2819.0,830.0,989.0,805.0,988.0,807.0,873.0,831.0,874.0,1,0.0,0.6359633207321167,21,35.0,0.0341796875,0.0908203125,0.0026884078979492,1.75582766173968,112,False,0,0,0,0,moyen,75-90,0.0005035400390625,0.58750680148118,0.8474176424463669,0.8024102052907063,2.009372236228708,-0.0450074371556605,-1.0,Q1
val,P0864,223,val:P0864:223,ship,1,0,595.5,15.0,43.0,43.011627197265625,14.0,88.63607246839707,582.0,899.0,568.0,898.0,569.0,856.0,583.0,856.0,3071,2044,GoogleEarth,0.251228128249,9.486828681415248e-05,3.072259085518973,P0864__x0_y0,78,0,0,1024,1.0,595.5,582.0,899.0,568.0,898.0,569.0,856.0,583.0,856.0,1,0.7630978226661682,0.3039424121379852,151,125.0,0.1220703125,0.143310546875,0.0005679130554199,1.404197903333934,112,False,0,1,1,1,petit,75-90,0.0005035400390625,0.6797733683965903,0.8713643327908688,0.8146558700278044,-0.4584104279151768,-0.0567084627630644,-1.0,Q1
val,P0864,224,val:P0864:224,ship,1,0,587.0,15.0,41.0,41.0,14.03566837310791,90.0,545.0,896.0,530.0,896.0,530.0,855.0,544.0,856.0,3071,2044,GoogleEarth,0.251228128249,9.35141634927078e-05,2.921129148260248,P0864__x0_y0,79,0,0,1024,1.0,587.0,545.0,896.0,530.0,896.0,530.0,855.0,544.0,856.0,1,0.7499522566795349,0.4959841668605804,62,128.0,0.125,0.144775390625,0.0005598068237304,1.3663796603500769,112,False,0,1,1,1,petit,75-90,0.0005035400390625,0.6904020511447284,0.8394432515058204,0.7956432723769999,-0.5623975637957505,-0.0437999791288205,-0.5226035216905318,Q1
val,P0864,225,val:P0864:225,ship,1,0,374.0,12.0,33.0,33.0151481628418,11.045360565185549,90.0,670.0,742.0,681.0,743.0,681.0,775.0,669.0,775.0,3071,2044,GoogleEarth,0.251228128249,5.958142614356511e-05,2.9890511919460536,P0864__x0_y0,80,0,0,1024,1.0,374.0,670.0,742.0,681.0,743.0,681.0,775.0,669.0,775.0,1,0.0,0.6358791589736938,22,249.0,0.2431640625,0.259033203125,0.0003566741943359,1.3835534061189518,112,False,1,0,0,0,tres petit,75-90,0.0005035400390625,0.6546507319744485,0.8398513968100492,0.7445357549788275,-1.2326178987664318,-0.0953156418312216,-0.43997732356621155,Q1
val,P0864,226,val:P0864:226,ship,1,0,455.0,14.0,35.0,35.05709457397461,12.0,90.0,515.0,438.0,527.0,438.0,527.0,473.0,513.0,473.0,3071,2044,GoogleEarth,0.251228128249,7.248542485380247e-05,2.9214245478312173,P0864__x0_y0,81,0,0,1024,1.0,455.0,515.0,438.0,527.0,438.0,527.0,473.0,513.0,473.0,1,0.0,0.6355633735656738,23,438.0,0.427734375,0.44482421875,0.0004339218139648,1.36645499284573,112,False,1,0,0,0,tres petit,75-90,0.0005035400390625,0.607006728559288,0.8107847589092487,0.7292092593919314,-1.2828953944757924,-0.0815754995173173,-0.3944360091479825,Q2
val,P0864,227,val:P0864:227,ship,1,0,536.5,15.0,37.0,37.01351165771485,14.0,90.0,688.0,741.0,702.0,741.0,702.0,778.0,687.0,778.0,3071,2044,GoogleEarth,0.251228128249,8.546907787706599e-05,2.643822261265346,P0864__x0_y0,82,0,0,1024,1.0,536.5,688.0,741.0,702.0,741.0,702.0,778.0,687.0,778.0,1,0.0,0.6347659826278687,24,246.0,0.240234375,0.25830078125,0.0005116462707519,1.293033202485126,112,False,0,0,0,0,petit,75-90,0.0005035400390625,0.6813082250999721,0.8229864596566285,0.7380960630812166,2.49749962561702,-0.0848903965754119,-0.38104072003189887,Q2
val,P0864,228,val:P0864:228,ship,1,0,475.0,13.0,38.0,38.01315689086914,12.0,88.49256424122503,707.0,742.0,720.0,742.0,719.0,780.0,707.0,780.0,3071,2044,GoogleEarth,0.251228128249,7.567159737484874e-05,3.167763074239095,P0864__x0_y0,83,0,0,1024,1.0,475.0,707.0,742.0,720.0,742.0,719.0,780.0,707.0,780.0,1,0.7418521046638489,0.2757804691791534,164,244.0,0.23828125,0.2568359375,0.0004529953002929,1.4273794588428454,112,False,1,1,1,1,tres petit,75-90,0.0005035400390625,0.6417862407826818,0.8635750721740425,0.7611294028385609,0.2697508378226146,-0.1024456693354816,-0.5141140678968334,Q1
val,P0864,229,val:P0864:229,ship,1,0,532.0,14.0,38.0,38.0,14.0,90.0,742.0,743.0,756.0,743.0,756.0,781.0,742.0,781.0,3071,2044,GoogleEarth,0.251228128249,8.475218905983058e-05,2.7142857142857144,P0864__x0_y0,84,0,0,1024,1.0,532.0,742.0,743.0,756.0,743.0,756.0,781.0,742.0,781.0,1,0.6534035801887512,0.3300366699695587,133,243.0,0.2373046875,0.255859375,0.0005073547363281,1.312186388966169,112,False,0,1,1,1,petit,75-90,0.0005035400390625,0.676454365364799,0.8227712915643869,0.7455867663106847,-0.6249548842493944,-0.0771845252537022,-0.3852717355869303,Q2
val,P0864,230,val:P0864:230,ship,1,0,507.0,15.0,39.0,39.11521530151367,12.0,85.60129464500446,780.0,741.0,794.0,741.0,791.0,780.0,779.0,780.0,3071,2044,GoogleEarth,0.251228128249,8.076947340852276e-05,3.259601275126139,P0864__x0_y0,85,0,0,1024,1.0,507.0,780.0,741.0,794.0,741.0,791.0,780.0,779.0,780.0,1,0.7358391284942627,0.3054563105106354,150,230.0,0.224609375,0.232421875,0.0004835128784179,1.44917555851254,112,False,1,1,1,1,tres petit,75-90,0.0005035400390625,0.6414630628990429,0.862183342023809,0.6950871039091703,0.3082435183364956,-0.1670962381146387,-0.6181376592453731,Q1
val,P0864,231,val:P0864:231,ship,1,0,540.0,15.0,40.0,40.04996871948242,12.0,88.56790381583535,798.0,746.0,810.0,746.0,811.0,786.0,796.0,786.0,3071,2044,GoogleEarth,0.251228128249,8.60266580682491e-05,3.3374973932902017,P0864__x0_y0,86,0,0,1024,1.0,540.0,798.0,746.0,810.0,746.0,811.0,786.0,796.0,786.0,1,0.7302263379096985,0.2843230962753296,161,213.0,0.2080078125,0.215087890625,0.0005149841308593,1.4672975443022382,112,False,0,1,1,1,petit,75-90,0.0005035400390625,0.6414459210146838,0.8685957375470748,0.7988663864787455,-0.4362131540828993,-0.0697293510683292,-0.9418826030859979,Q1
val,P0864,232,val:P0864:232,ship,1,0,529.0,15.0,37.0,37.01351165771485,14.0,88.45184230102204,834.0,747.0,848.0,747.0,849.0,784.0,834.0,783.0,3071,2044,GoogleEarth,0.251228128249,8.427426318167365e-05,2.643822261265346,P0864__x0_y0,87,0,0,1024,1.0,529.0,834.0,747.0,848.0,747.0,849.0,784.0,834.0,783.0,1,0.6496694684028625,0.4984798431396484,60,175.0,0.1708984375,0.178466796875,0.0005044937133789,1.293033202485126,112,False,0,1,1,1,petit,75-90,0.0005035400390625,0.7018488776339202,0.8485898069571325,0.8073331850827113,-0.5490869860243206,-0.0412566218744211,-0.011388927016150675,Q4
val,P0864,233,val:P0864:233,ship,1,0,455.0,15.0,33.0,33.0151481628418,13.03840446472168,88.26429541107161,865.0,782.0,852.0,783.0,851.0,750.0,866.0,750.0,3071,2044,GoogleEarth,0.251228128249,7.248542485380247e-05,2.532146341384919,P0864__x0_y0,88,0,0,1024,1.0,455.0,865.0,782.0,852.0,783.0,851.0,750.0,866.0,750.0,1,0.7797400951385498,0.4887430667877197,67,158.0,0.154296875,0.16162109375,0.0004339218139648,1.261905714891578,112,False,1,1,1,1,tres petit,75-90,0.0005035400390625,0.7145541991691269,0.8457980751981367,0.7589564178786267,0.2504925608568792,-0.0868416573195099,-0.0031690983951490784,Q4
val,P0864,234,val:P0864:234,ship,1,0,645.5,15.0,45.0,45.0111083984375,14.03566837310791,90.0,884.0,793.0,870.0,792.0,870.0,748.0,885.0,748.0,3071,2044,GoogleEarth,0.251228128249,0.0001028337181167,3.206908798492132,P0864__x0_y0,89,0,0,1024,1.0,645.5,884.0,793.0,870.0,792.0,870.0,748.0,885.0,748.0,1,0.0,0.630466103553772,25,139.0,0.1357421875,0.143310546875,0.0006155967712402,1.4367281258595272,112,False,0,0,0,0,petit,75-90,0.0005035400390625,0.6706307830885192,0.8576236609251321,0.7930795009825196,2.539292558519215,-0.0645441599426125,-0.7793058966117794,Q1
val,P0864,235,val:P0864:235,ship,1,0,1952.0,33.0,62.0,62.00806427001953,31.0161247253418,89.07595464722729,929.0,773.0,898.0,774.0,897.0,712.0,930.0,713.0,3071,2044,GoogleEarth,0.251228128249,0.0003109704380541,1.999220238476656,P0864__x0_y0,90,0,0,1024,1.0,1952.0,929.0,773.0,898.0,774.0,897.0,712.0,930.0,713.0,1,0.4983491003513336,0.5402066707611084,47,94.0,0.091796875,0.10791015625,0.001861572265625,1.098352334375139,112,False,0,1,0,0,moyen,75-90,0.0005035400390625,0.7684686208819633,0.8162071548841155,0.6068250746815727,3.3158729327173524,-0.2093820802025429,-1.0,Q1
val,P0864,236,val:P0864:236,ship,1,0,526.5,14.0,39.0,39.0128173828125,13.0,90.0,422.0,434.0,436.0,434.0,436.0,473.0,423.0,473.0,3071,2044,GoogleEarth,0.251228128249,8.387599161654286e-05,3.0009859525240383,P0864__x0_y0,91,0,0,1024,1.0,526.5,422.0,434.0,436.0,434.0,436.0,473.0,423.0,473.0,1,0.8835940361022949,0.4585748016834259,78,422.0,0.412109375,0.419189453125,0.0005021095275878,1.3865408188776918,112,False,1,1,1,1,tres petit,75-90,0.0005035400390625,0.6081714725484888,0.8231530309986494,0.7297365177918352,0.3509704638338048,-0.0934165132068142,-0.45313109568420307,Q1
val,P0864,237,val:P0864:237,ship,1,0,484.0,16.0,35.0,35.05709457397461,14.0,86.72951207681643,442.0,437.0,456.0,437.0,454.0,472.0,440.0,471.0,3071,2044,GoogleEarth,0.251228128249,7.710537500931955e-05,2.504078183855329,P0864__x0_y0,92,0,0,1024,1.0,484.0,442.0,437.0,456.0,437.0,454.0,472.0,440.0,471.0,1,0.7896440029144287,0.5396400094032288,48,437.0,0.4267578125,0.4375,0.0004615783691406,1.25392748556932,112,False,1,1,1,1,tres petit,75-90,0.0005035400390625,0.6431813128483572,0.8247753634215813,0.6566091098365826,0.365728129388747,-0.1681662535849987,-0.5238091948425357,Q1
val,P0864,238,val:P0864:238,ship,1,0,348.0,13.0,29.0,29.017236709594727,12.0,88.02506598911802,478.0,442.0,490.0,442.0,489.0,471.0,477.0,471.0,3071,2044,GoogleEarth,0.251228128249,5.543940186620497e-05,2.418103059132894,P0864__x0_y0,93,0,0,1024,1.0,348.0,478.0,442.0,490.0,442.0,489.0,471.0,477.0,471.0,1,0.6472269892692566,0.4026682376861572,98,442.0,0.431640625,0.44580078125,0.0003318786621093,1.229085736120904,112,False,1,1,1,1,tres petit,75-90,0.0005035400390625,0.6486097847128526,0.8231536188452899,0.6260029203150416,0.379462680576469,-0.1971506985302483,-0.1080758953172302,Q4
val,P0864,239,val:P0864:239,ship,1,0,456.0,13.0,37.0,37.01351165771485,12.0,88.45184230102204,496.0,437.0,508.0,437.0,509.0,474.0,496.0,473.0,3071,2044,GoogleEarth,0.251228128249,7.264473347985479e-05,3.0844593048095703,P0864__x0_y0,94,0,0,1024,1.0,456.0,496.0,437.0,508.0,437.0,509.0,474.0,496.0,473.0,1,0.0,0.622830867767334,26,437.0,0.4267578125,0.444580078125,0.0004348754882812,1.4071893584277315,112,False,1,0,0,0,tres petit,75-90,0.0005035400390625,0.5938677412447455,0.8415862476044442,0.7417274019825728,-1.3488362701708354,-0.0998588456218714,-0.14994612704445806,Q3
val,P0864,240,val:P0864:240,ship,1,0,479.0,14.0,36.0,36.013885498046875,13.0,88.40885972880542,532.0,438.0,545.0,438.0,546.0,474.0,532.0,473.0,3071,2044,GoogleEarth,0.251228128249,7.630883187905799e-05,2.770298884465144,P0864__x0_y0,95,0,0,1024,1.0,479.0,532.0,438.0,545.0,438.0,546.0,474.0,532.0,473.0,1,0.7868335247039795,0.5368898510932922,49,438.0,0.427734375,0.445068359375,0.0004568099975585,1.3271542780164274,112,False,1,1,1,1,tres petit,75-90,0.0005035400390625,0.6188964191402175,0.8239094151167634,0.7372358425848394,0.3378953040826756,-0.0866735725319239,-0.037828507446204966,Q4
val,P0864,241,val:P0864:241,ship,1,0,544.5,15.0,39.0,38.01315689086914,14.142135620117188,88.49256424122504,525.0,893.0,510.0,892.0,511.0,854.0,525.0,856.0,3071,2044,GoogleEarth,0.251228128249,8.67435468854845e-05,2.687936101871024,P0864__x0_y0,96,0,0,1024,1.0,544.5,525.0,893.0,510.0,892.0,511.0,854.0,525.0,856.0,1,0.0,0.6182696223258972,27,131.0,0.1279296875,0.146728515625,0.0005192756652832,1.3050669795873704,112,False,0,0,0,0,petit,75-90,0.0005035400390625,0.706640566291406,0.8503197769366726,0.8083501151901489,2.856589850000183,-0.0419696617465237,-0.31947825679172737,Q2
val,P0864,242,val:P0864:242,ship,1,0,515.0,15.0,36.0,36.013885498046875,14.03566837310791,88.40885972880541,550.0,439.0,565.0,439.0,564.0,475.0,550.0,474.0,3071,2044,GoogleEarth,0.251228128249,8.204394241694127e-05,2.565883187084189,P0864__x0_y0,97,0,0,1024,1.0,515.0,550.0,439.0,565.0,439.0,564.0,475.0,550.0,474.0,1,0.7812854051589966,0.3302760422229767,132,439.0,0.4287109375,0.446044921875,0.0004911422729492,1.2714117614967262,112,False,1,1,1,1,tres petit,75-90,0.0005035400390625,0.6357967502840614,0.8213027213569584,0.7149996126323986,0.3419539596550267,-0.1063031087245597,-0.05869741636852057,Q4
val,P0864,243,val:P0864:243,ship,1,0,352.0,12.0,32.0,32.015621185302734,11.0,88.21008939175393,608.0,440.0,619.0,440.0,618.0,472.0,607.0,472.0,3071,2044,GoogleEarth,0.251228128249,5.607663637041422e-05,2.910511016845703,P0864__x0_y0,98,0,0,1024,1.0,352.0,608.0,440.0,619.0,440.0,618.0,472.0,607.0,472.0,1,0.6741372346878052,0.3061432242393493,148,405.0,0.3955078125,0.4013671875,0.000335693359375,1.3636680603028954,112,False,1,1,1,1,tres petit,75-90,0.0005035400390625,0.6201121176838005,0.8308825382875261,0.7425510642724683,0.3268336685226126,-0.0883314740150578,-0.013789971619206136,Q4
val,P0864,244,val:P0864:244,ship,1,0,322.0,13.0,28.0,28.07133674621582,11.0,85.91438322002512,661.0,444.0,673.0,444.0,671.0,472.0,660.0,472.0,3071,2044,GoogleEarth,0.251228128249,5.129737758884483e-05,2.551939704201438,P0864__x0_y0,99,0,0,1024,1.0,322.0,661.0,444.0,673.0,444.0,671.0,472.0,660.0,472.0,1,0.0,0.6103164553642273,28,351.0,0.3427734375,0.349365234375,0.0003070831298828,1.2674938498173298,112,False,1,0,0,0,tres petit,75-90,0.0005035400390625,0.6633906305946397,0.8260946491140401,0.6643670497619962,-1.163199460910416,-0.1617275993520438,-0.3189398725689402,Q2
val,P0864,245,val:P0864:245,ship,1,0,434.0,15.0,31.0,31.06444931030273,13.0,86.30861401354872,678.0,444.0,693.0,444.0,691.0,475.0,678.0,475.0,3071,2044,GoogleEarth,0.251228128249,6.91399437067039e-05,2.389573023869441,P0864__x0_y0,100,0,0,1024,1.0,434.0,678.0,444.0,693.0,444.0,691.0,475.0,678.0,475.0,1,0.7203975915908813,0.5410463213920593,46,331.0,0.3232421875,0.3310546875,0.0004138946533203,1.2207039617988504,112,False,1,1,1,1,tres petit,75-90,0.0005035400390625,0.6819796312406703,0.8273370535823922,0.6011393998540813,0.3586594033956738,-0.2261976537283109,-0.4284078624890651,Q1
val,P0864,246,val:P0864:246,ship,1,0,429.0,13.0,33.0,33.0,13.0,90.0,696.0,443.0,709.0,443.0,709.0,476.0,696.0,476.0,3071,2044,GoogleEarth,0.251228128249,6.834340057644233e-05,2.5384615384615383,P0864__x0_y0,101,0,0,1024,1.0,429.0,696.0,443.0,709.0,443.0,709.0,476.0,696.0,476.0,1,0.7316617369651794,0.2758296132087707,163,315.0,0.3076171875,0.31396484375,0.0004091262817382,1.2636920390275583,112,False,1,1,1,1,tres petit,75-90,0.0005035400390625,0.6748849236866629,0.8166482535031833,0.6844147390148201,0.3353799258315758,-0.1322335144883631,-0.40908569918574794,Q2
val,P0864,247,val:P0864:247,ship,1,0,330.0,12.0,30.0,30.066593170166016,10.0,86.18592516570965,714.0,446.0,724.0,446.0,726.0,476.0,714.0,476.0,3071,2044,GoogleEarth,0.251228128249,5.257184659726333e-05,3.0066593170166014,P0864__x0_y0,102,0,0,1024,1.0,330.0,714.0,446.0,724.0,446.0,726.0,476.0,714.0,476.0,1,0.5615947246551514,0.4417245090007782,82,298.0,0.291015625,0.29736328125,0.000314712524414,1.387957806082012,112,False,1,1,1,0,tres petit,75-90,0.0005035400390625,0.6418684095550046,0.8564919466636529,0.7355894927010229,0.2910363536853238,-0.12090245396263,-0.46078444499122656,Q1
val,P0864,248,val:P0864:248,ship,1,0,387.5,13.0,31.0,31.0161247253418,12.0,90.0,787.0,446.0,799.0,446.0,799.0,477.0,786.0,477.0,3071,2044,GoogleEarth,0.251228128249,6.173209259527133e-05,2.58467706044515,P0864__x0_y0,103,0,0,1024,1.0,387.5,787.0,446.0,799.0,446.0,799.0,477.0,786.0,477.0,1,0.7231069207191467,0.3376839458942413,126,225.0,0.2197265625,0.225830078125,0.0003695487976074,1.2766683892256296,112,False,1,1,1,1,tres petit,75-90,0.0005035400390625,0.6944696968582047,0.8278843995491381,0.74495959802374,0.2843200230221208,-0.082924801525398,-0.40775131289778904,Q2
val,P0864,249,val:P0864:249,ship,1,0,1223.5,30.0,43.0,42.0,29.068883895874023,88.60281897270362,928.0,482.0,899.0,480.0,898.0,439.0,928.0,440.0,3071,2044,GoogleEarth,0.251228128249,0.000194914103975,1.444843914559836,P0864__x0_y0,104,0,0,1024,1.0,1223.5,928.0,482.0,899.0,480.0,898.0,439.0,928.0,440.0,1,0.6373862028121948,0.3396845161914825,125,96.0,0.09375,0.108154296875,0.001166820526123,0.8939812822632296,112,False,0,1,1,1,moyen,75-90,0.0005035400390625,0.8128182779953355,0.7945749868647612,0.6074668497541468,-1.284571131548285,-0.1871081371106144,-1.0,Q1
val,P0864,250,val:P0864:250,ship,1,0,1102.0,45.0,27.0,44.04542922973633,25.01999282836914,2.602562202499806,850.0,436.0,851.0,411.0,895.0,413.0,894.0,438.0,3071,2044,GoogleEarth,0.251228128249,0.0001755581059096,1.7604093467123232,P0864__x0_y0,105,0,0,1024,1.0,1102.0,850.0,436.0,851.0,411.0,895.0,413.0,894.0,438.0,1,0.5927535891532898,0.5224829316139221,51,129.0,0.1259765625,0.14794921875,0.0010509490966796,1.0153789827578248,112,False,0,1,1,0,moyen,0-15,0.0005035400390625,0.7656774118869722,0.500938741683672,0.4688992580228744,-2.161843794611823,-0.0320394836607976,-0.1860446984402508,Q3
val,P0864,251,val:P0864:251,ship,1,0,1972.0,69.0,31.0,69.02897644042969,29.017236709594727,1.709814044141531,477.0,427.0,478.0,398.0,545.0,400.0,546.0,429.0,3071,2044,GoogleEarth,0.251228128249,0.0003141566105751,2.3788955899306856,P0864__x0_y0,106,0,0,1024,1.0,1972.0,477.0,427.0,478.0,398.0,545.0,400.0,546.0,429.0,1,0.4020237922668457,0.2975000441074371,154,398.0,0.388671875,0.40380859375,0.0018806457519531,1.2175489075597743,112,False,0,1,0,0,moyen,0-15,0.0005035400390625,0.6464887880574213,0.499848671549886,0.5133977290564162,1.427503282050551,0.0135490575065302,-0.16435401283449735,Q3
val,P0864,252,val:P0864:252,ship,1,0,701.5,17.0,43.0,43.011627197265625,16.031219482421875,90.0,448.0,895.0,432.0,894.0,432.0,852.0,449.0,852.0,3071,2044,GoogleEarth,0.251228128249,0.0001117550011756,2.682991599262152,P0864__x0_y0,107,0,0,1024,1.0,701.5,448.0,895.0,432.0,894.0,432.0,852.0,449.0,852.0,1,0.7823803424835205,0.3180520534515381,139,129.0,0.1259765625,0.147216796875,0.0006690025329589,1.3037253565105988,112,False,0,1,1,1,petit,75-90,0.0005035400390625,0.7071578727419005,0.8328906669512105,0.7888426347015346,-0.6146945256809502,-0.0440480322496759,-0.4861652612886653,Q1
val,P0864,253,val:P0864:253,ship,1,0,568.5,15.0,42.0,41.04875183105469,13.152946472167969,87.20729763428672,466.0,896.0,451.0,895.0,453.0,854.0,466.0,856.0,3071,2044,GoogleEarth,0.251228128249,9.056695391074002e-05,3.120878802169163,P0864__x0_y0,108,0,0,1024,1.0,568.5,466.0,896.0,451.0,895.0,453.0,854.0,466.0,856.0,1,0.7680753469467163,0.5422902703285217,45,128.0,0.125,0.145263671875,0.0005421638488769,1.4160664421132745,112,False,0,1,1,1,petit,75-90,0.0005035400390625,0.675558831566248,0.8747351248821649,0.8074216571070021,-0.4534077347960667,-0.0673134677751627,-0.9423942692259605,Q1
val,P0864,254,val:P0864:254,ship,1,0,512.5,14.0,39.0,38.01315689086914,13.03840446472168,90.0,486.0,896.0,472.0,895.0,472.0,857.0,485.0,858.0,3071,2044,GoogleEarth,0.251228128249,8.164567085181049e-05,2.9154761223830907,P0864__x0_y0,109,0,0,1024,1.0,512.5,486.0,896.0,472.0,895.0,472.0,857.0,485.0,858.0,1,0.6763160228729248,0.2507306933403015,180,128.0,0.125,0.14404296875,0.0004887580871582,1.3649369369609392,112,False,1,1,1,1,tres petit,75-90,0.0005035400390625,0.6909998857534579,0.8394432515058204,0.795599027568454,0.2519604160426671,-0.0438442239373664,-0.5250280528581476,Q1
val,P0864,326,val:P0864:326,harbor,7,0,4297.5,64.0,115.0,108.41586303710938,38.32753753662109,77.12499844038751,996.0,223.0,956.0,233.0,932.0,128.0,969.0,118.0,3071,2044,GoogleEarth,0.251228128249,0.0006846288204598,2.8286675848538527,P0864__x0_y0,110,0,0,1024,1.0,4297.5,996.0,223.0,956.0,233.0,932.0,128.0,969.0,118.0,1,0.0,0.0,-1,28.0,0.02734375,0.059326171875,0.0040984153747558,1.342516853593012,112,False,0,0,0,0,grand,75-90,0.0005035400390625,0.0677386370128904,0.3389292257330668,0.4559760630784571,0.4806028519881994,0.1170468373453903,-0.3252118006978897,Q2
val,P0864,511,val:P0864:511,harbor,7,0,40808.5,129.0,363.0,360.13885498046875,108.04165649414062,86.64292132101444,206.0,954.0,87.0,949.0,108.0,591.0,216.0,594.0,3071,2044,GoogleEarth,0.251228128249,0.0065011460662558,3.333333333333333,P0864__x0_y0,111,0,0,1024,1.0,40808.5,206.0,954.0,87.0,949.0,108.0,591.0,216.0,594.0,1,0.0,0.0,-1,70.0,0.068359375,0.150634765625,0.0389180183410644,1.466337068793427,112,False,0,0,0,0,grand,75-90,0.0005035400390625,0.0527214202585532,0.6237659229506438,0.6175242816116083,0.6522403894917435,-0.0062416413390354,-0.7429738508156732,Q1
val,P0969,0,val:P0969:0,small-vehicle,10,0,814.0,44.0,19.0,44.0113639831543,18.0,1.3019526725788753,66.0,320.0,66.0,301.0,110.0,302.0,110.0,320.0,714,615,GoogleEarth,0.12713173457,0.0018537496299332,2.4450757768419056,P0969__x0_y0,0,0,0,1024,1.0,814.0,66.0,320.0,66.0,301.0,110.0,302.0,110.0,320.0,1,0.7125749588012695,0.3731585741043091,127,66.0,0.064453125,0.0859375,0.0007762908935546,1.2369459004042336,43,False,0,1,1,1,petit,0-15,0.0005035400390625,0.3900746543489247,0.3095672893930836,0.0841725732034253,-1.357390157156129,-0.2253947161896582,-0.6463703071930904,Q1
val,P0969,1,val:P0969:1,small-vehicle,10,0,768.0,22.0,41.0,40.01249694824219,17.11724281311035,88.56790381583535,110.0,370.0,127.0,368.0,128.0,408.0,106.0,409.0,714,615,GoogleEarth,0.12713173457,0.0017489922798387,2.3375550247844834,P0969__x0_y0,1,0,0,1024,1.0,768.0,110.0,370.0,127.0,368.0,128.0,408.0,106.0,409.0,1,0.7879124283790588,0.9034388065338136,13,106.0,0.103515625,0.114990234375,0.000732421875,1.2052385104172731,43,False,0,1,1,1,petit,75-90,0.0005035400390625,0.4899511681797803,0.3971422800515279,0.1533706455425996,-1.4257324240220497,-0.2437716345089283,-0.2087743534141684,Q3
val,P0969,10,val:P0969:10,small-vehicle,10,0,842.0,23.0,41.0,41.01219177246094,20.0,88.60281897270362,88.0,373.0,108.0,373.0,107.0,414.0,85.0,412.0,714,615,GoogleEarth,0.12713173457,0.001917514973469,2.050609588623047,P0969__x0_y0,10,0,0,1024,1.0,842.0,88.0,373.0,108.0,373.0,107.0,414.0,85.0,412.0,1,0.727420449256897,0.5252894163131714,97,85.0,0.0830078125,0.0947265625,0.000802993774414,1.115341435771258,43,False,0,1,1,1,petit,75-90,0.0005035400390625,0.501594291751447,0.3924585109069344,0.1493833326020554,-1.4620449433744376,-0.2430751783048789,-0.2571063755618067,Q3
val,P0969,11,val:P0969:11,small-vehicle,10,0,821.5,23.0,37.0,37.0,22.0,90.0,126.0,548.0,104.0,548.0,104.0,511.0,127.0,512.0,714,615,GoogleEarth,0.12713173457,0.001870829632666,1.681818181818182,P0969__x0_y0,11,0,0,1024,1.0,821.5,126.0,548.0,104.0,548.0,104.0,511.0,127.0,512.0,1,0.6508002281188965,0.2741152346134186,153,104.0,0.1015625,0.112548828125,0.0007834434509277,0.9864949905474036,43,False,0,1,1,1,petit,75-90,0.0005035400390625,0.5166531088856894,0.3811967918350362,0.1583836658912162,-1.503059713934427,-0.22281312594382,-0.45177077414222777,Q1
val,P0969,12,val:P0969:12,small-vehicle,10,0,1285.5,24.0,59.0,58.03447341918945,22.20360374450684,88.97696981133215,61.0,419.0,38.0,420.0,37.0,364.0,59.0,361.0,714,615,GoogleEarth,0.12713173457,0.0029275124684019,2.613741178548422,P0969__x0_y0,12,0,0,1024,1.0,1285.5,61.0,419.0,38.0,420.0,37.0,364.0,59.0,361.0,1,0.7082124352455139,0.6551361083984375,69,37.0,0.0361328125,0.047607421875,0.0012259483337402,1.2847435732657912,43,False,0,1,1,1,moyen,75-90,0.0005035400390625,0.485928144251782,0.4134983384138125,0.1945525832174842,-1.3598400777080126,-0.2189457551963283,-0.14403954470219849,Q3
val,P0969,13,val:P0969:13,large-vehicle,9,0,1245.5,22.0,65.0,65.03076171875,19.10497283935547,87.27368900609373,252.0,280.0,232.0,280.0,235.0,217.0,254.0,215.0,714,615,GoogleEarth,0.12713173457,0.0028364191204937,3.4038656985049083,P0969__x0_y0,13,0,0,1024,1.0,1245.5,252.0,280.0,232.0,280.0,235.0,217.0,254.0,215.0,1,0.7436444163322449,0.7521743774414062,50,215.0,0.2099609375,0.237548828125,0.0011878013610839,1.4824827230514148,43,False,0,1,1,1,moyen,75-90,0.0005035400390625,0.3299172645732358,0.7114342555123709,0.3783552598462795,-0.7637209585631752,-0.3330789956660914,-0.1470367037333435,Q3
val,P0969,14,val:P0969:14,large-vehicle,9,0,1645.0,26.0,65.0,65.0,25.0,90.0,133.0,270.0,108.0,270.0,108.0,205.0,134.0,206.0,714,615,GoogleEarth,0.12713173457,0.0037462139327275,2.6,P0969__x0_y0,14,0,0,1024,1.0,1645.0,133.0,270.0,108.0,270.0,108.0,205.0,134.0,206.0,1,0.8116322755813599,0.5790624618530273,84,108.0,0.10546875,0.117919921875,0.0015687942504882,1.2809338454620642,43,False,0,1,1,1,moyen,75-90,0.0005035400390625,0.3607945541913762,0.6367133820065933,0.3444015112828497,-0.8606528014456849,-0.2923118707237436,-0.2503031467774986,Q3
val,P0969,15,val:P0969:15,large-vehicle,9,0,1110.5,21.0,59.0,59.0,17.029386520385742,90.0,174.0,272.0,153.0,272.0,153.0,213.0,170.0,214.0,714,615,GoogleEarth,0.12713173457,0.0025289790713033,3.464599263712264,P0969__x0_y0,15,0,0,1024,1.0,1110.5,174.0,272.0,153.0,272.0,153.0,213.0,170.0,214.0,1,0.7842065691947937,0.7849530577659607,40,153.0,0.1494140625,0.15869140625,0.0010590553283691,1.4961794597322773,43,False,0,1,1,1,moyen,75-90,0.0005035400390625,0.336046527332396,0.6949666646268718,0.3794073127688878,-0.7749790972620983,-0.315559351857984,-0.2153192260666664,Q3
val,P0969,16,val:P0969:16,large-vehicle,9,0,1390.0,24.0,65.0,65.03076171875,22.0,88.23760897633949,203.0,273.0,181.0,273.0,183.0,208.0,205.0,212.0,714,615,GoogleEarth,0.12713173457,0.0031654938398123,2.955943714488636,P0969__x0_y0,16,0,0,1024,1.0,1390.0,203.0,273.0,181.0,273.0,183.0,208.0,205.0,212.0,1,0.9418163299560548,0.2846730947494507,150,181.0,0.1767578125,0.1884765625,0.0013256072998046,1.375219185774677,43,False,0,1,1,1,moyen,75-90,0.0005035400390625,0.3447900631554902,0.6910705639418596,0.3642155337540344,-0.7983519026955045,-0.3268550301878252,-0.17391902268085832,Q3
val,P0969,17,val:P0969:17,large-vehicle,9,0,1325.0,25.0,67.0,67.26811981201172,19.10497283935547,86.47854662307776,227.0,280.0,208.0,278.0,212.0,213.0,233.0,213.0,714,615,GoogleEarth,0.12713173457,0.0030174671494614,3.520974375500923,P0969__x0_y0,17,0,0,1024,1.0,1325.0,227.0,280.0,208.0,278.0,212.0,213.0,233.0,213.0,1,0.7679373621940613,0.3960286974906921,120,208.0,0.203125,0.21484375,0.0012636184692382,1.5087275404133982,43,False,0,1,1,1,moyen,75-90,0.0005035400390625,0.3278301387690328,0.7153528283284408,0.3826763901231075,-0.7561514972481105,-0.3326764382053332,-0.13584948910445735,Q3
val,P0969,18,val:P0969:18,large-vehicle,9,0,1350.0,24.0,66.0,65.0691909790039,21.02379608154297,87.27368900609372,305.0,281.0,284.0,282.0,281.0,219.0,302.0,216.0,714,615,GoogleEarth,0.12713173457,0.003074400491904,3.095025785382731,P0969__x0_y0,18,0,0,1024,1.0,1350.0,305.0,281.0,284.0,282.0,281.0,219.0,302.0,216.0,1,0.8344592452049255,0.7003028392791748,58,216.0,0.2109375,0.24365234375,0.0012874603271484,1.4097730140819678,43,False,0,1,1,1,moyen,75-90,0.0005035400390625,0.3369087880661044,0.6926993216497821,0.3612500004886648,-0.7948858330913238,-0.3314493211611173,-0.18838269881640216,Q3
val,P0969,19,val:P0969:19,large-vehicle,9,0,1892.0,23.0,88.0,88.0227279663086,21.09502220153809,90.0,368.0,300.0,347.0,298.0,347.0,214.0,370.0,212.0,714,615,GoogleEarth,0.12713173457,0.0043087153560611,4.172677664206993,P0969__x0_y0,19,0,0,1024,1.0,1892.0,368.0,300.0,347.0,298.0,347.0,214.0,370.0,212.0,1,0.8463939428329468,0.5438483357429504,92,212.0,0.20703125,0.25,0.0018043518066406,1.6433904778885753,43,False,0,1,1,1,moyen,75-90,0.0005035400390625,0.3158960407403448,0.7055204080810428,0.3888767409482506,-0.7471039618483004,-0.3166436671327921,0.21375207820681322,Q4
val,P0969,2,val:P0969:2,small-vehicle,10,0,850.5,21.0,41.0,41.0,21.0,90.0,78.0,550.0,57.0,549.0,57.0,509.0,78.0,509.0,714,615,GoogleEarth,0.12713173457,0.0019368723098995,1.9523809523809523,P0969__x0_y0,2,0,0,1024,1.0,850.5,78.0,550.0,57.0,549.0,57.0,509.0,78.0,509.0,1,0.7109354734420776,0.8228939175605774,32,57.0,0.0556640625,0.06591796875,0.0008111000061035,1.0826119473216689,43,False,0,1,1,1,petit,75-90,0.0005035400390625,0.5088694665607546,0.3749097161095126,0.1569425014870215,-1.4907251503043972,-0.2179672146224911,-0.3336503701467544,Q2
val,P0969,20,val:P0969:20,small-vehicle,10,0,710.0,21.0,36.0,36.013885498046875,19.02629852294922,88.40885972880542,127.0,506.0,106.0,506.0,107.0,470.0,126.0,471.0,714,615,GoogleEarth,0.12713173457,0.0016169069253717,1.892847705222721,P0969__x0_y0,20,0,0,1024,1.0,710.0,127.0,506.0,106.0,506.0,107.0,470.0,126.0,471.0,1,0.6533810496330261,0.9873849153518676,0,106.0,0.103515625,0.11376953125,0.0006771087646484,1.0622413820997674,43,False,0,1,1,1,petit,75-90,0.0005035400390625,0.5061289116300357,0.3918581474309899,0.157775883254738,-1.4654599797177703,-0.2340822641762519,-0.2131071702185021,Q3
val,P0969,21,val:P0969:21,small-vehicle,10,0,871.0,21.0,43.0,43.0,20.02498435974121,88.63607246839707,150.0,554.0,130.0,553.0,129.0,511.0,150.0,511.0,714,615,GoogleEarth,0.12713173457,0.0019835576507025,2.147317532314702,P0969__x0_y0,21,0,0,1024,1.0,871.0,150.0,554.0,130.0,553.0,129.0,511.0,150.0,511.0,1,0.7498090267181396,0.9610010385513306,4,129.0,0.1259765625,0.136474609375,0.0008306503295898,1.1465505129968785,43,False,0,1,1,1,petit,75-90,0.0005035400390625,0.4952564707077067,0.3946435312509845,0.1507939451611051,-1.4431843642846445,-0.2438495860898794,-0.2593391770987869,Q2
val,P0969,22,val:P0969:22,large-vehicle,9,0,1530.5,23.0,69.0,69.00724792480469,22.090721130371094,89.169684513742,278.0,280.0,255.0,280.0,256.0,211.0,278.0,213.0,714,615,GoogleEarth,0.12713173457,0.0034854592243401,3.123811464440204,P0969__x0_y0,22,0,0,1024,1.0,1530.5,278.0,280.0,255.0,280.0,256.0,211.0,278.0,213.0,1,0.8047712445259094,0.3657543957233429,128,211.0,0.2060546875,0.240234375,0.0014595985412597,1.416777848436591,43,False,0,1,1,1,moyen,75-90,0.0005035400390625,0.3383467893587039,0.6858501782859097,0.3621524937074403,-0.7984929650390689,-0.3236976845784693,-0.22378309819744444,Q3
val,P0969,23,val:P0969:23,small-vehicle,10,0,731.5,20.0,38.0,38.01315689086914,19.02629852294922,88.49256424122503,194.0,516.0,214.0,516.0,213.0,554.0,194.0,553.0,714,615,GoogleEarth,0.12713173457,0.0016658695998724,1.9979270715750768,P0969__x0_y0,23,0,0,1024,1.0,731.5,194.0,516.0,214.0,516.0,213.0,554.0,194.0,553.0,1,0.7751888036727905,0.9457980394363404,6,194.0,0.189453125,0.198974609375,0.0006976127624511,1.097921073692429,43,False,0,1,1,1,petit,75-90,0.0005035400390625,0.4964014767576785,0.3882725300682935,0.1608878503405331,-1.4420972765662454,-0.2273846797277603,-0.2558308690611807,Q3
val,P0969,24,val:P0969:24,small-vehicle,10,0,606.0,42.0,18.0,40.199501037597656,14.142135620117188,2.862405226111747,410.0,580.0,412.0,596.0,372.0,598.0,370.0,584.0,714,615,GoogleEarth,0.12713173457,0.0013800642208102,2.842533979126453,P0969__x0_y0,24,0,0,1024,1.0,606.0,410.0,580.0,412.0,596.0,372.0,598.0,370.0,584.0,1,0.8540412187576294,0.7830058336257935,42,370.0,0.361328125,0.3818359375,0.0005779266357421,1.346132039365218,43,False,0,1,1,1,petit,0-15,0.0005035400390625,0.3613288195547209,0.388854501362085,0.1246555853926214,-1.2211005538542774,-0.2641989159694635,-0.5694441504478666,Q1
val,P0969,25,val:P0969:25,small-vehicle,10,0,651.5,40.0,17.0,40.01249694824219,16.0,1.4320961841646351,409.0,559.0,409.0,575.0,369.0,576.0,370.0,559.0,714,615,GoogleEarth,0.12713173457,0.0014836829040559,2.5007810592651367,P0969__x0_y0,25,0,0,1024,1.0,651.5,409.0,559.0,409.0,575.0,369.0,576.0,370.0,559.0,1,0.6809002757072449,0.5674500465393066,87,369.0,0.3603515625,0.380126953125,0.0006213188171386,1.2529861033889649,43,False,0,1,1,1,petit,0-15,0.0005035400390625,0.3697515733095083,0.3582931326404902,0.1046236020172288,-1.2718503624726762,-0.2536695306232613,-0.5805496904684163,Q1
val,P0969,26,val:P0969:26,small-vehicle,10,0,633.0,40.0,18.0,40.04996871948242,16.0,2.8624052261117474,371.0,552.0,371.0,536.0,411.0,538.0,410.0,554.0,714,615,GoogleEarth,0.12713173457,0.0014415522306483,2.503123044967652,P0969__x0_y0,26,0,0,1024,1.0,633.0,371.0,552.0,371.0,536.0,411.0,538.0,410.0,554.0,1,0.8460385203361511,0.4757025837898254,102,371.0,0.3623046875,0.381591796875,0.0006036758422851,1.253654869195849,43,False,0,1,1,1,petit,0-15,0.0005035400390625,0.3711179404085846,0.3614285247499672,0.1033978032749992,-1.2734380868320156,-0.258030721474968,-0.558341457774274,Q1
val,P0969,27,val:P0969:27,small-vehicle,10,0,631.5,37.0,19.0,36.055511474609375,17.029386520385742,3.179830119864249,411.0,517.0,410.0,535.0,374.0,533.0,375.0,516.0,714,615,GoogleEarth,0.12713173457,0.0014381362301017,2.117252517079673,P0969__x0_y0,27,0,0,1024,1.0,631.5,411.0,517.0,410.0,535.0,374.0,533.0,375.0,516.0,1,0.0,0.9759498238563538,1,374.0,0.365234375,0.38330078125,0.0006022453308105,1.1369520103622486,43,False,0,0,0,0,petit,0-15,0.0005035400390625,0.3838385116071367,0.3572008573426241,0.0986125597315288,0.3211312468127418,-0.2585882976110952,-0.5027993423131073,Q1
val,P0969,28,val:P0969:28,small-vehicle,10,0,587.5,39.0,17.0,39.051246643066406,15.0,1.5481576989779455,411.0,494.0,411.0,509.0,374.0,508.0,372.0,492.0,714,615,GoogleEarth,0.12713173457,0.0013379335474027,2.6034164428710938,P0969__x0_y0,28,0,0,1024,1.0,587.5,411.0,494.0,411.0,509.0,374.0,508.0,372.0,492.0,1,0.7427332401275635,0.6761220097541809,62,372.0,0.36328125,0.3828125,0.0005602836608886,1.2818824073435984,43,False,0,1,1,1,petit,0-15,0.0005035400390625,0.3666453697074784,0.3596931102585297,0.124964283757993,-1.2457057091448425,-0.2347288265005366,-0.5701459281497645,Q1
val,P0969,29,val:P0969:29,small-vehicle,10,0,502.5,34.0,16.0,34.01470184326172,14.0,1.735704588928371,408.0,468.0,407.0,484.0,374.0,483.0,374.0,469.0,714,615,GoogleEarth,0.12713173457,0.0011443601830976,2.42962156023298,P0969__x0_y0,29,0,0,1024,1.0,502.5,408.0,468.0,407.0,484.0,374.0,483.0,374.0,469.0,1,0.6516201496124268,0.6609819531440735,67,374.0,0.365234375,0.381591796875,0.0004792213439941,1.2324499227972014,43,False,1,1,1,1,tres petit,0-15,0.0005035400390625,0.3721662006918683,0.3594368504371806,0.1052585348157273,2.1499665624489386,-0.2541783156214533,-0.554773637538332,Q1
val,P0969,3,val:P0969:3,small-vehicle,10,0,823.0,19.0,45.0,45.0111083984375,18.0,90.0,77.0,510.0,58.0,509.0,58.0,465.0,76.0,465.0,714,615,GoogleEarth,0.12713173457,0.0018742456332126,2.500617133246528,P0969__x0_y0,3,0,0,1024,1.0,823.0,77.0,510.0,58.0,509.0,58.0,465.0,76.0,465.0,1,0.7312561869621277,0.8909958004951477,15,58.0,0.056640625,0.065673828125,0.0007848739624023,1.2529392767368788,43,False,0,1,1,1,petit,75-90,0.0005035400390625,0.4894978961034033,0.4088508240893553,0.1694910854631835,-1.3973357222675309,-0.2393597386261718,-0.26895922787344073,Q2
val,P0969,30,val:P0969:30,small-vehicle,10,0,741.0,21.0,39.0,39.11521530151367,18.0,88.53119928561418,174.0,553.0,154.0,553.0,153.0,514.0,171.0,514.0,714,615,GoogleEarth,0.12713173457,0.0016875042700006,2.17306751675076,P0969__x0_y0,30,0,0,1024,1.0,741.0,174.0,553.0,154.0,553.0,153.0,514.0,171.0,514.0,1,0.8031375408172607,0.9182374477386476,8,153.0,0.1494140625,0.1591796875,0.000706672668457,1.1546987908968172,43,False,0,1,1,1,petit,75-90,0.0005035400390625,0.4926735824617127,0.3926801629523075,0.1508024003497765,-1.4389765456594157,-0.241877762602531,-0.2358528773269927,Q3
val,P0969,31,val:P0969:31,small-vehicle,10,0,687.0,22.0,37.0,37.12142181396485,19.0,85.36453657309735,193.0,550.0,174.0,552.0,171.0,515.0,190.0,515.0,714,615,GoogleEarth,0.12713173457,0.0015645282503245,1.953759042840255,P0969__x0_y0,31,0,0,1024,1.0,687.0,193.0,550.0,174.0,552.0,171.0,515.0,190.0,515.0,1,0.7259553074836731,0.4608219861984253,107,171.0,0.1669921875,0.177734375,0.000655174255371,1.0830786109921628,43,False,0,1,1,1,petit,75-90,0.0005035400390625,0.4959411318992627,0.3892394188244896,0.1299267492468982,-1.4709976925528216,-0.2593126695775914,-0.28304836784331217,Q2
val,P0969,32,val:P0969:32,small-vehicle,10,0,606.5,19.0,37.0,36.12478256225586,16.124515533447266,85.23635830927383,235.0,553.0,219.0,555.0,216.0,519.0,234.0,518.0,714,615,GoogleEarth,0.12713173457,0.0013812028876591,2.240363903481119,P0969__x0_y0,32,0,0,1024,1.0,606.5,235.0,553.0,219.0,555.0,216.0,519.0,234.0,518.0,1,0.8588843941688538,0.9241730570793152,7,216.0,0.2109375,0.220703125,0.0005784034729003,1.1756856393865152,43,False,0,1,1,1,petit,75-90,0.0005035400390625,0.482353049011918,0.3963264379306557,0.1206990471393207,-1.4418151968183095,-0.275627390791335,-0.27609443623184327,Q2
val,P0969,33,val:P0969:33,small-vehicle,10,0,608.0,16.0,39.0,38.0,16.031219482421875,90.0,148.0,507.0,132.0,508.0,132.0,470.0,148.0,469.0,714,615,GoogleEarth,0.12713173457,0.0013846188882056,2.370374882688541,P0969__x0_y0,33,0,0,1024,1.0,608.0,148.0,507.0,132.0,508.0,132.0,470.0,148.0,469.0,1,0.7374929189682007,0.8989490866661072,14,132.0,0.12890625,0.13671875,0.000579833984375,1.2150239793313018,43,False,0,1,1,1,petit,75-90,0.0005035400390625,0.4890101770898833,0.3819164451065484,0.1547570244259525,-1.4367403696189327,-0.2271594206805958,-0.2771274859994521,Q2
val,P0969,34,val:P0969:34,small-vehicle,10,0,637.5,20.0,35.0,35.0142822265625,18.027755737304688,88.36342295838328,255.0,548.0,237.0,549.0,238.0,514.0,257.0,514.0,714,615,GoogleEarth,0.12713173457,0.001451800232288,1.9422429911288253,P0969__x0_y0,34,0,0,1024,1.0,637.5,255.0,548.0,237.0,549.0,238.0,514.0,257.0,514.0,1,0.7713744640350342,0.655026376247406,70,237.0,0.2314453125,0.240966796875,0.0006079673767089,1.0791722126260814,43,False,0,1,1,1,petit,75-90,0.0005035400390625,0.4955482168029598,0.3910223023606802,0.1619576572509801,-1.4362715931748469,-0.2290646451097001,-0.252241238267692,Q3
val,P0969,35,val:P0969:35,small-vehicle,10,0,670.5,19.0,40.0,40.04996871948242,17.0,87.06432655357882,279.0,553.0,262.0,552.0,260.0,513.0,277.0,513.0,714,615,GoogleEarth,0.12713173457,0.0015269522443123,2.3558805129107308,P0969__x0_y0,35,0,0,1024,1.0,670.5,279.0,553.0,262.0,552.0,260.0,513.0,277.0,513.0,1,0.7948135733604431,0.761672854423523,49,260.0,0.25390625,0.26318359375,0.0006394386291503,1.210714183951673,43,False,0,1,1,1,petit,75-90,0.0005035400390625,0.4775961335743371,0.3987507536050519,0.1518768485957696,-1.397801922653472,-0.2468739050092823,-0.22262895422050022,Q3
val,P0969,36,val:P0969:36,small-vehicle,10,0,615.0,20.0,36.0,36.055511474609375,17.0,86.82016988013577,279.0,509.0,261.0,511.0,259.0,475.0,276.0,475.0,714,615,GoogleEarth,0.12713173457,0.0014005602240896,2.1209124396829044,P0969__x0_y0,36,0,0,1024,1.0,615.0,279.0,509.0,261.0,511.0,259.0,475.0,276.0,475.0,1,0.8571750521659851,0.8535299301147461,28,259.0,0.2529296875,0.262451171875,0.0005865097045898,1.1381254076829457,43,False,0,1,1,1,petit,75-90,0.0005035400390625,0.4856183983382558,0.397100889994114,0.1472092350268744,-1.4219769474002897,-0.2498916549672396,-0.3038458824139908,Q2
val,P0969,37,val:P0969:37,small-vehicle,10,0,741.5,20.0,41.0,40.112342834472656,17.029386520385742,85.71084667118099,238.0,472.0,255.0,471.0,258.0,511.0,238.0,512.0,714,615,GoogleEarth,0.12713173457,0.0016886429368495,2.355477855086235,P0969__x0_y0,37,0,0,1024,1.0,741.5,238.0,472.0,255.0,471.0,258.0,511.0,238.0,512.0,1,0.3047652542591095,0.3120038509368896,141,238.0,0.232421875,0.241455078125,0.0007071495056152,1.2105941910075029,43,False,0,0,0,0,petit,75-90,0.0005035400390625,0.4775274716649791,0.3993577124143115,0.1318505964450777,0.4968540528121314,-0.2675071159692338,-0.2059801563946098,Q3
val,P0969,38,val:P0969:38,small-vehicle,10,0,693.5,17.0,43.0,42.01190185546875,16.031219482421875,88.63607246839707,218.0,468.0,235.0,469.0,234.0,511.0,218.0,510.0,714,615,GoogleEarth,0.12713173457,0.0015793309193596,2.620630445583664,P0969__x0_y0,38,0,0,1024,1.0,693.5,218.0,468.0,235.0,469.0,234.0,511.0,218.0,510.0,1,0.7315082550048828,0.4664833545684814,105,218.0,0.212890625,0.220947265625,0.0006613731384277,1.2866481669128238,43,False,0,1,1,1,petit,75-90,0.0005035400390625,0.4736193598870856,0.4183591408603209,0.2094357997425171,-1.3139048218480045,-0.2089233411178038,-0.17746987647700355,Q3
val,P0969,39,val:P0969:39,small-vehicle,10,0,655.0,18.0,39.0,39.0128173828125,17.0,88.53119928561418,194.0,471.0,211.0,470.0,212.0,509.0,195.0,509.0,714,615,GoogleEarth,0.12713173457,0.0014916535719979,2.2948716107536766,P0969__x0_y0,39,0,0,1024,1.0,655.0,194.0,471.0,211.0,470.0,212.0,509.0,195.0,509.0,1,0.8530568480491638,0.53733229637146,95,194.0,0.189453125,0.1982421875,0.000624656677246,1.1923672023254197,43,False,0,1,1,1,petit,75-90,0.0005035400390625,0.4857470828235601,0.3918322849610466,0.1516911956825342,-1.422764842544051,-0.2401410892785123,-0.22545905676160055,Q3
val,P0969,4,val:P0969:4,small-vehicle,10,0,946.0,22.0,44.0,44.0113639831543,21.0,88.69804732742112,57.0,549.0,36.0,549.0,35.0,505.0,57.0,505.0,714,615,GoogleEarth,0.12713173457,0.0021543576780305,2.095779237293062,P0969__x0_y0,4,0,0,1024,1.0,946.0,57.0,549.0,36.0,549.0,35.0,505.0,57.0,505.0,1,0.6837066411972046,0.511461615562439,99,35.0,0.0341796875,0.045166015625,0.0009021759033203,1.1300396474012078,43,False,0,1,1,1,petit,75-90,0.0005035400390625,0.5033816176043974,0.394133779992074,0.146859234922841,-1.4672580202787695,-0.247274545069233,-0.22876271479709473,Q3
val,P0969,40,val:P0969:40,small-vehicle,10,0,680.0,18.0,40.0,40.04996871948242,16.0,87.13759477388825,191.0,510.0,175.0,510.0,173.0,470.0,191.0,470.0,714,615,GoogleEarth,0.12713173457,0.0015485869144405,2.503123044967652,P0969__x0_y0,40,0,0,1024,1.0,680.0,191.0,510.0,175.0,510.0,173.0,470.0,191.0,470.0,1,0.8368100523948669,0.964799463748932,3,173.0,0.1689453125,0.17822265625,0.0006484985351562,1.253654869195849,43,False,0,1,1,1,petit,75-90,0.0005035400390625,0.4785352223294,0.4166664850279551,0.1800316595147011,-1.355278960171427,-0.2366348255132539,-0.16500644618467347,Q3
val,P0969,41,val:P0969:41,small-vehicle,10,0,709.5,19.0,41.0,41.01219177246094,17.0,88.60281897270362,170.0,509.0,152.0,510.0,151.0,469.0,168.0,469.0,714,615,GoogleEarth,0.12713173457,0.0016157682585229,2.4124818689682903,P0969__x0_y0,41,0,0,1024,1.0,709.5,170.0,509.0,152.0,510.0,151.0,469.0,168.0,469.0,1,0.7525845766067505,0.8863976001739502,17,151.0,0.1474609375,0.156494140625,0.0006766319274902,1.2274398473741182,43,False,0,1,1,1,petit,75-90,0.0005035400390625,0.4846605434098298,0.4049736292319699,0.1761633161638794,-1.383440262626236,-0.2288103130680905,-0.17210858409077043,Q3
val,P0969,42,val:P0969:42,large-vehicle,9,0,2637.0,28.0,101.0,101.0197982788086,25.079872131347656,89.41536947929481,407.0,359.0,382.0,357.0,381.0,259.0,409.0,258.0,714,615,GoogleEarth,0.12713173457,0.0060053289608526,4.027923178784578,P0969__x0_y0,42,0,0,1024,1.0,2637.0,407.0,359.0,382.0,357.0,381.0,259.0,409.0,258.0,1,0.7871209979057312,0.5295066833496094,96,258.0,0.251953125,0.301025390625,0.0025148391723632,1.615007011928818,43,False,0,1,1,1,moyen,75-90,0.0005035400390625,0.3151275685847184,0.7176053432248701,0.3822355400385481,-0.7477015657476567,-0.335369803186322,0.2426990590460468,Q4
val,P0969,5,val:P0969:5,small-vehicle,10,0,833.0,19.0,46.0,46.010868072509766,18.11077117919922,90.0,34.0,554.0,15.0,554.0,15.0,510.0,33.0,508.0,714,615,GoogleEarth,0.12713173457,0.0018970189701897,2.5405250619782924,P0969__x0_y0,5,0,0,1024,1.0,833.0,34.0,554.0,15.0,554.0,15.0,510.0,33.0,508.0,1,0.8883122205734253,0.9737629890441896,2,15.0,0.0146484375,0.023681640625,0.0007944107055664,1.2642750387397128,43,False,0,1,1,1,petit,75-90,0.0005035400390625,0.4910464861478708,0.4029328905598412,0.1780454043110595,-1.3980144874185385,-0.2248874862487816,-0.2249311056718229,Q3
val,P0969,6,val:P0969:6,small-vehicle,10,0,819.0,22.0,42.0,42.10700607299805,19.0,85.91438322002513,277.0,408.0,257.0,408.0,260.0,366.0,279.0,366.0,714,615,GoogleEarth,0.12713173457,0.0018651362984218,2.2161582143683183,P0969__x0_y0,6,0,0,1024,1.0,819.0,277.0,408.0,257.0,408.0,260.0,366.0,279.0,366.0,1,0.586580753326416,0.5776644945144653,85,257.0,0.2509765625,0.261962890625,0.0007810592651367,1.168187546116685,43,False,0,1,1,0,petit,75-90,0.0005035400390625,0.4811954365973506,0.3982098428697255,0.1261096197100744,-1.432055627528789,-0.2721002231596511,-0.2958407431070481,Q2
val,P0969,7,val:P0969:7,small-vehicle,10,0,820.0,21.0,41.0,41.04875183105469,19.0,87.20729763428672,258.0,408.0,237.0,408.0,239.0,367.0,258.0,367.0,714,615,GoogleEarth,0.12713173457,0.0018674136321195,2.1604606226870886,P0969__x0_y0,7,0,0,1024,1.0,820.0,258.0,408.0,237.0,408.0,239.0,367.0,258.0,367.0,1,0.7650050520896912,0.432253897190094,111,237.0,0.2314453125,0.2421875,0.0007820129394531,1.1507177836490208,43,False,0,1,1,1,petit,75-90,0.0005035400390625,0.4859987065641685,0.4023577929241894,0.14629792648116,-1.4187849698778534,-0.2560598664430293,-0.29714332852958236,Q2
val,P0969,8,val:P0969:8,small-vehicle,10,0,1222.0,27.0,47.0,47.01063537597656,25.0,88.78112476486871,219.0,415.0,192.0,415.0,193.0,368.0,218.0,368.0,714,615,GoogleEarth,0.12713173457,0.0027829017785976,1.8804254150390625,P0969__x0_y0,8,0,0,1024,1.0,1222.0,219.0,415.0,192.0,415.0,193.0,368.0,218.0,368.0,1,0.6314690113067627,0.8661363124847412,23,192.0,0.1875,0.20068359375,0.0011653900146484,1.0579379967945115,43,False,0,1,1,1,moyen,75-90,0.0005035400390625,0.5011684813148499,0.3917507888634786,0.1620173012223968,-1.4490814806062835,-0.2297334876410817,-0.303053426202235,Q2
val,P0969,9,val:P0969:9,small-vehicle,10,0,990.5,24.0,45.0,44.04542922973633,21.02379608154297,88.69804732742112,171.0,414.0,150.0,413.0,149.0,369.0,173.0,370.0,714,615,GoogleEarth,0.12713173457,0.0022556990275785,2.0950274184025366,P0969__x0_y0,9,0,0,1024,1.0,990.5,171.0,414.0,150.0,413.0,149.0,369.0,173.0,370.0,1,0.7373485565185547,0.4152151346206665,116,149.0,0.1455078125,0.156982421875,0.0009446144104003,1.129796765031903,43,False,0,1,1,1,moyen,75-90,0.0005035400390625,0.4958479586088601,0.3899635784219672,0.1521509695071675,-1.4478373068109327,-0.2378126089147997,-0.27297796076783243,Q2
val,P1066,0,val:P1066:0,ship,1,0,1228.5,59.0,45.0,54.58937454223633,22.825424194335938,29.60445074600491,860.0,2185.0,875.0,2166.0,919.0,2191.0,908.0,2211.0,1699,3180,GoogleEarth,0.141576452512,0.0002273812564549,2.391603944682988,P1066__x0_y2156,0,0,2156,1024,1.0,1228.5,860.0,29.0,875.0,10.0,919.0,35.0,908.0,55.0,1,0.0,0.0,-1,10.0,0.009765625,0.031494140625,0.001171588897705,1.2213029495213912,5,False,0,0,0,0,moyen,15-30,0.0005035400390625,0.1084033251923707,0.328373966650616,0.2828570481353449,0.32278186043819,-0.045516918515271,-0.4211267687658,Q1
val,P1066,11,val:P1066:11,harbor,7,0,9930.0,219.0,161.0,234.1559295654297,41.67733383178711,31.84905131905529,843.0,2360.0,822.0,2396.0,624.0,2273.0,645.0,2235.0,1699,3180,GoogleEarth,0.141576452512,0.0018379290814796,5.618303956546281,P1066__x0_y2156,1,0,2156,1024,1.0,9930.0,843.0,204.0,822.0,240.0,624.0,117.0,645.0,79.0,1,0.0,0.7718037366867065,0,79.0,0.0771484375,0.15625,0.009469985961914,1.8898391372066312,5,False,0,0,0,0,grand,30-45,0.0005035400390625,0.05,0.3489506306474473,0.3716218091123783,0.3899876317780334,0.0226711784649309,-0.11039062939727079,Q4
val,P1066,12,val:P1066:12,harbor,7,0,33694.0,372.0,307.0,403.2083740234375,83.63013458251953,37.23935935708954,712.0,2556.0,661.0,2624.0,340.0,2380.0,395.0,2317.0,1699,3180,GoogleEarth,0.141576452512,0.0062363728571375,4.821328771455984,P1066__x0_y2156,2,0,2156,1024,1.0,33694.0,712.0,400.0,661.0,468.0,340.0,224.0,395.0,161.0,1,0.0,0.0,-1,161.0,0.1572265625,0.305908203125,0.0321331024169921,1.761528546931033,5,False,0,0,0,0,grand,30-45,0.0005035400390625,0.05,0.3610486664157302,0.3782282657894804,0.397230827179782,0.0171795993737502,-0.07062473048292991,Q4
val,P1066,13,val:P1066:13,harbor,7,0,18430.5,331.0,315.0,414.772216796875,42.20189666748047,43.22242565585722,545.0,2755.0,513.0,2790.0,214.0,2509.0,239.0,2475.0,1699,3180,GoogleEarth,0.141576452512,0.0034112741124079,9.828283786981691,P1066__x0_y2156,3,0,2156,1024,1.0,18430.5,545.0,599.0,513.0,634.0,214.0,353.0,239.0,319.0,1,0.0,0.0,-1,214.0,0.208984375,0.368896484375,0.0175766944885253,2.382161580032709,5,False,0,0,0,0,grand,30-45,0.0005035400390625,0.05,0.3562847274149562,0.3874630970583793,0.4062149248170613,0.0311783696434231,-0.06805218003390516,Q4
val,P1066,14,val:P1066:14,harbor,7,0,30430.0,353.0,312.0,398.3992919921875,69.35416412353516,40.92887380634062,400.0,2910.0,348.0,2977.0,47.0,2716.0,94.0,2665.0,1699,3180,GoogleEarth,0.141576452512,0.0056322439022584,5.744417758139943,P1066__x0_y2156,4,0,2156,1024,1.0,30430.0,400.0,754.0,348.0,821.0,47.0,560.0,94.0,509.0,1,0.0,0.0,-1,47.0,0.0458984375,0.217041015625,0.0290203094482421,1.9087151639382007,5,False,0,0,0,0,grand,30-45,0.0005035400390625,0.05,0.3615726106320223,0.3800987136751853,0.3991288510768707,0.018526103043163,-0.08598345343468856,Q4
val,P1066,16,val:P1066:16,ship,1,0,1206.0,36.0,67.0,64.28841400146484,17.72004508972168,74.66671520694645,1593.0,1004.0,1576.0,999.0,1593.0,937.0,1612.0,944.0,1699,3180,GoogleEarth,0.141576452512,0.0002232167645784,3.628005102467524,P1066__x675_y0,3,675,0,1024,1.0,1206.0,918.0,1004.0,901.0,999.0,918.0,937.0,937.0,944.0,1,0.7260563373565674,0.2515218257904053,3,20.0,0.01953125,0.0517578125,0.0011501312255859,1.532125911851895,6,False,0,1,1,1,moyen,60-75,0.0005035400390625,0.1043520839484677,0.3695409211924548,0.3719767843386306,-0.7014781051762503,0.0024358631461757,-0.5041900634758396,Q1
val,P1066,17,val:P1066:17,ship,1,0,1087.5,35.0,57.0,54.120235443115234,19.64688301086425,72.25532837494306,1559.0,980.0,1539.0,973.0,1555.0,923.0,1574.0,928.0,1699,3180,GoogleEarth,0.141576452512,0.0002012837740291,2.754647412171592,P1066__x675_y0,4,675,0,1024,1.0,1087.5,884.0,980.0,864.0,973.0,880.0,923.0,899.0,928.0,1,0.0,0.0,-1,44.0,0.04296875,0.0712890625,0.0010371208190917,1.3229943825841062,6,False,0,0,0,0,moyen,60-75,0.0005035400390625,0.1224684753054537,0.3572490106200625,0.3284611294487998,0.3783188729073612,-0.0287878811712626,-0.33788141144721173,Q2
val,P1066,19,val:P1066:19,harbor,7,0,4705.5,202.0,129.0,220.9117431640625,21.09502220153809,30.293922130057496,1576.0,249.0,1564.0,267.0,1374.0,156.0,1385.0,138.0,1699,3180,GoogleEarth,0.141576452512,0.0008709340677646,10.4722214109808,P1066__x675_y0,5,675,0,1024,1.0,4705.5,901.0,249.0,889.0,267.0,699.0,156.0,710.0,138.0,1,0.0,0.0,-1,123.0,0.1201171875,0.19775390625,0.0044875144958496,2.4399285837913824,6,False,0,0,0,0,grand,30-45,0.0005035400390625,0.05,0.3405454229504707,0.3758574526631085,0.3937808959762912,0.0353120297126377,-0.11279180384688206,Q4
val,P1066,2,val:P1066:2,harbor,7,1,19597.0,373.0,263.0,435.6076354980469,45.48626327514648,31.09910064138785,1697.0,549.0,1700.0,607.0,1327.0,382.0,1352.0,344.0,1699,3180,GoogleEarth,0.141576452512,0.0036271798801366,9.57668544595663,P1066__x675_y0,0,675,0,1024,0.999522208437516,19680.5,1022.0,549.0,1024.0,607.0,652.0,382.0,677.0,344.0,1,0.0,0.2879724204540252,1,0.0,0.0,0.176025390625,0.0187687873840332,2.358652092464967,6,False,0,0,0,0,grand,30-45,0.0005035400390625,0.05,0.3416855469789639,0.3746500426824921,0.3926334925234902,0.0329644957035281,-0.1151755474645016,Q4
val,P1066,3,val:P1066:3,harbor,7,0,9829.5,220.0,156.0,233.2380828857422,40.70626449584961,30.96375653207352,1490.0,546.0,1470.0,585.0,1270.0,465.0,1289.0,429.0,1699,3180,GoogleEarth,0.141576452512,0.0018193276844314,5.729783505669577,P1066__x675_y0,1,675,0,1024,1.0,9829.5,815.0,546.0,795.0,585.0,595.0,465.0,614.0,429.0,1,0.465352714061737,0.270892322063446,2,209.0,0.2041015625,0.311767578125,0.0093741416931152,1.9065429745908635,6,False,0,1,0,0,grand,30-45,0.0005035400390625,0.05,0.3513919405498335,0.3713981475957893,0.3898924602563069,0.0200062070459557,-0.08144054247476828,Q4
val,P1066,4,val:P1066:4,harbor,7,0,45499.0,373.0,238.0,351.4840087890625,128.03515625,20.13630342824814,1653.0,953.0,1610.0,1082.0,1280.0,961.0,1332.0,844.0,1699,3180,GoogleEarth,0.141576452512,0.0084213429283226,2.7452148228941025,P1066__x675_y0,2,675,0,1024,0.8868559439493175,36179.2317398712,935.9813232421876,1024.0,603.5823974609375,965.1753540039062,645.9976806640625,840.2639770507812,978.3966064453124,953.1347045898438,1,0.5360308885574341,0.6938766241073608,0,0.0,0.0,0.0765200108289718,0.0345032040976249,1.320478977912558,6,False,0,1,1,0,grand,15-30,0.0005035400390625,0.05,0.3444630536302255,0.2556249760478918,-0.7788769684978857,-0.0888380775823336,-0.309587503477464,Q2
val,P1133,0,val:P1133:0,plane,0,0,174384.5,547.0,475.0,464.0355529785156,388.7852783203125,13.077908934117572,799.0,455.0,924.0,825.0,472.0,930.0,377.0,553.0,1038,1097,GoogleEarth,0.105706556123,0.1531453798501079,1.1935522738497468,P1133__x14_y73,0,14,73,1024,1.0,174384.5,785.0,382.0,910.0,752.0,458.0,857.0,363.0,480.0,4,0.6436032056808472,0.6380912661552429,0,114.0,0.111328125,0.3857421875,0.1663060188293457,0.7855222725914811,2,False,0,1,1,1,grand,0-15,0.0005035400390625,0.054671734227721,0.6498572849505764,0.1635657814638261,-0.8566842313117001,-0.4862915034867502,-0.33798076314848763,Q2
val,P1133,1,val:P1133:1,plane,0,0,165100.0,545.0,510.0,455.0,365.03424072265625,22.61986494804043,517.0,300.0,662.0,635.0,242.0,810.0,117.0,445.0,1038,1097,GoogleEarth,0.105706556123,0.1449916833964762,1.2464584119540103,P1133__x0_y0,1,0,0,1024,1.0,165100.0,517.0,300.0,662.0,635.0,242.0,810.0,117.0,445.0,4,0.0,0.0,-1,117.0,0.1142578125,0.37548828125,0.1574516296386718,0.8093549369837014,2,False,0,0,0,0,grand,15-30,0.0005035400390625,0.0561944473432046,0.6456802882393975,0.1667622363762489,0.2052062218517276,-0.4789180518631486,-0.3264489481376868,Q2
val,P1179,111,val:P1179:111,plane,0,0,2203.5,66.0,67.0,50.20956039428711,43.13930892944336,43.36342295838327,2219.0,2325.0,2183.0,2291.0,2214.0,2258.0,2249.0,2294.0,6635,6508,GoogleEarth,0.288501286197,5.102988426741837e-05,1.1638934799907787,P1179__x2048_y2048,4,2048,2048,1024,1.0,2203.5,171.0,277.0,135.0,243.0,166.0,210.0,201.0,246.0,1,0.5896928906440735,0.2512330710887909,3,135.0,0.1318359375,0.164306640625,0.0021014213562011,0.7719091361085605,7,False,0,1,1,0,moyen,30-45,0.0005035400390625,0.1997215908985951,0.474315048604402,0.0378930213802891,-1.0932996155947212,-0.4364220272241129,-0.04586678997175341,Q4
val,P1179,112,val:P1179:112,plane,0,0,1104.0,46.0,43.0,39.35733795166016,27.73084831237793,27.21611155730748,2255.0,2261.0,2290.0,2279.0,2278.0,2304.0,2244.0,2289.0,6635,6508,GoogleEarth,0.288501286197,2.556704889095978e-05,1.41926195363063,P1179__x2048_y2048,5,2048,2048,1024,1.0,1104.0,207.0,213.0,242.0,231.0,230.0,256.0,196.0,241.0,1,0.7720583081245422,0.5452277660369873,0,196.0,0.19140625,0.213623046875,0.0010528564453125,0.8834625158148137,7,False,0,1,1,1,moyen,15-30,0.0005035400390625,0.1675809925230051,0.4262830263349473,0.0307837220286615,-1.0847158749417276,-0.3954993043062857,-0.1714605589784846,Q3
val,P1179,113,val:P1179:113,plane,0,0,1192.5,45.0,43.0,39.21734237670898,32.015621185302734,19.98310652189997,2257.0,2272.0,2224.0,2284.0,2212.0,2254.0,2249.0,2241.0,6635,6508,GoogleEarth,0.288501286197,2.761658134281661e-05,1.2249439781200406,P1179__x2048_y2048,6,2048,2048,1024,1.0,1192.5,209.0,224.0,176.0,236.0,164.0,206.0,201.0,193.0,1,0.0158240441232919,0.2758650481700897,2,164.0,0.16015625,0.18310546875,0.0011372566223144,0.7997317369282075,7,False,0,0,0,0,moyen,15-30,0.0005035400390625,0.1750766578233279,0.430162697087236,0.0319866607356352,0.1232817465645589,-0.3981760363516007,-0.10774032990647969,Q4
val,P1179,114,val:P1179:114,plane,0,0,16854.5,175.0,185.0,144.7549591064453,113.20777130126952,59.71507165059778,2362.0,609.0,2458.0,669.0,2385.0,794.0,2283.0,727.0,6635,6508,GoogleEarth,0.288501286197,0.0003903259289245,1.2786662739011276,P1179__x2048_y0,0,2048,0,1024,1.0,16854.5,314.0,609.0,410.0,669.0,337.0,794.0,235.0,727.0,1,0.8289143443107605,0.9266955256462096,0,230.0,0.224609375,0.31640625,0.0160737037658691,0.8235903042188335,1,False,0,1,1,1,grand,45-60,0.0005035400390625,0.180442609128869,0.458293440898163,0.1524377054289458,-0.9668302628614254,-0.3058557354692172,-0.25534434246842824,Q3
val,P1179,31,val:P1179:31,plane,0,0,1138.5,51.0,42.0,43.382022857666016,25.942243576049805,24.77514056883192,2350.0,1617.0,2389.0,1635.0,2377.0,1659.0,2338.0,1640.0,6635,6508,GoogleEarth,0.288501286197,2.6366019168802272e-05,1.672254087449739,P1179__x2048_y1024,0,2048,1024,1024,1.0,1138.5,302.0,593.0,341.0,611.0,329.0,635.0,290.0,616.0,1,0.0,0.4328732788562774,5,290.0,0.283203125,0.30810546875,0.0010857582092285,0.9829223437618192,7,False,0,0,0,0,moyen,15-30,0.0005035400390625,0.1482344856723907,0.4097516322679367,0.0306022798922925,0.1019121902384613,-0.3791493523756442,-0.18789293274616778,Q3
val,P1179,32,val:P1179:32,plane,0,0,14177.5,155.0,154.0,120.93386840820312,114.94781494140624,66.61477894278624,2465.0,4544.0,2513.0,4433.0,2620.0,4475.0,2578.0,4587.0,6635,6508,GoogleEarth,0.288501286197,0.0003283304670757,1.052076270173976,P1179__x2048_y4096,0,2048,4096,1024,1.0,14177.5,417.0,448.0,465.0,337.0,572.0,379.0,530.0,491.0,1,0.7704581022262573,0.9501935243606568,0,337.0,0.3291015625,0.404052734375,0.0135207176208496,0.7188520953185521,4,False,0,1,1,1,grand,60-75,0.0005035400390625,0.204958785402247,0.4316012198610102,0.1148384074614101,-1.031692767856775,-0.3167628123996001,0.9216687770944121,Q4
val,P1179,33,val:P1179:33,plane,0,0,15323.0,154.0,162.0,129.35609436035156,119.77478790283205,72.45099777093223,2653.0,4243.0,2764.0,4288.0,2727.0,4405.0,2610.0,4365.0,6635,6508,GoogleEarth,0.288501286197,0.0003548585961559,1.0799943512761,P1179__x2048_y4096,1,2048,4096,1024,1.0,15323.0,605.0,147.0,716.0,192.0,679.0,309.0,562.0,269.0,1,0.8338874578475952,0.4889385998249054,3,147.0,0.1435546875,0.223876953125,0.0146131515502929,0.7323651779768948,4,False,0,1,1,1,grand,60-75,0.0005035400390625,0.2197847143032212,0.4293318853935922,0.0926431501306156,-1.0681126448788554,-0.3366887352629766,0.3270537434224292,Q4
val,P1179,34,val:P1179:34,plane,0,0,15628.0,152.0,163.0,127.34991455078124,119.87076568603516,74.98163936884933,2997.0,4374.0,3110.0,4414.0,3077.0,4537.0,2958.0,4495.0,6635,6508,GoogleEarth,0.288501286197,0.0003619219565832,1.0623934353129556,P1179__x2048_y4096,2,2048,4096,1024,0.8147129501135781,12538.513040542604,1024.0,439.23583984375,908.98046875,402.16357421875,949.0,278.00048828125,1024.0,315.07275390625,1,0.7485867738723755,0.9360389709472656,1,0.0,0.0,0.046391487121582,0.0119576578526903,0.7238671701648242,4,False,0,1,1,1,grand,60-75,0.0005035400390625,0.2357345669563801,0.4546739342504567,0.1010805783480573,-1.067123030504887,-0.3535933559023994,0.4745022887872464,Q4
val,P1179,35,val:P1179:35,plane,0,0,11760.0,128.0,150.0,122.38055419921876,96.00521087646484,72.9325951815356,3329.0,4499.0,3418.0,4535.0,3383.0,4649.0,3290.0,4615.0,6635,6508,GoogleEarth,0.288501286197,0.0002723446512297,1.2747282473728692,P1179__x3072_y4096,0,3072,4096,1024,1.0,11760.0,257.0,403.0,346.0,439.0,311.0,553.0,218.0,519.0,1,0.8636029362678528,0.3892015218734741,1,218.0,0.212890625,0.2763671875,0.0112152099609375,0.8218605935637574,1,False,0,1,1,1,grand,60-75,0.0005035400390625,0.1940598507840411,0.4429551845153973,0.1513089914228219,-0.9828201171445184,-0.2916461930925754,-0.2672395091107473,Q2
val,P1179,36,val:P1179:36,plane,0,0,15453.5,155.0,167.0,132.96615600585938,115.31695556640624,68.83874018317172,2177.0,4075.0,2287.0,4118.0,2239.0,4242.0,2132.0,4199.0,6635,6508,GoogleEarth,0.288501286197,0.0003578807880764,1.153049483077011,P1179__x2048_y4096,3,2048,4096,1024,0.958320399707186,14035.47751235962,191.0,146.0,81.30078125,103.5361328125,129.373046875,0.0,239.072265625,21.8134765625,1,0.7632630467414856,0.8459556698799133,2,0.0,0.0,0.0662474632263183,0.0133852744220348,0.7668852014330282,4,False,0,1,1,1,grand,60-75,0.0005035400390625,0.2211599743051615,0.4726283109354032,0.0872099394966672,-1.062542904932125,-0.3854183714387359,0.04300503915019263,Q4
val,P1179,38,val:P1179:38,plane,0,0,15125.0,154.0,163.0,128.41339111328125,116.8118133544922,69.44395478041653,1893.0,3989.0,2004.0,4032.0,1959.0,4152.0,1850.0,4110.0,6635,6508,GoogleEarth,0.288501286197,0.0003502732015179,1.0993185314535048,P1179__x1024_y3072,0,1024,3072,1024,0.7111951188016529,10520.807047486303,943.09619140625,1024.0,830.974853515625,1024.0,868.999755859375,917.0,981.12109375,956.8447265625,1,0.7513121366500854,0.9835418462753296,0,0.0,0.0,0.0425183773040771,0.0100334234690535,0.7416127832333284,1,False,0,1,1,1,grand,60-75,0.0005035400390625,0.2183661448296349,0.4590155508703193,0.171752187307542,-0.9793833959170152,-0.2872633635627772,-0.4727610929988365,Q1
val,P1179,39,val:P1179:39,plane,0,0,29515.5,217.0,233.0,187.2431640625,155.86212158203125,66.72105080199731,4279.0,5710.0,4128.0,5649.0,4202.0,5477.0,4345.0,5539.0,6635,6508,GoogleEarth,0.288501286197,0.0006835364416133,1.2013384789193486,P1179__x4096_y5484,0,4096,5484,1024,0.9977284842921516,29512.73577213288,183.0,226.0009765625,32.0,165.0009765625,101.951171875,0.0,252.951171875,52.8427734375,1,0.7768352627754211,0.8012314438819885,1,0.0,0.0,0.1083605289459228,0.0281455381127671,0.789065574873116,2,False,0,1,1,1,grand,60-75,0.0005035400390625,0.2069247503943021,0.49430171153157,0.1598134030263815,-0.9721305608889992,-0.3344883085051885,-0.3904995741452443,Q2
val,P1179,40,val:P1179:40,plane,0,0,38156.0,243.0,260.0,211.96697998046875,181.5543975830078,69.85523713293647,4673.0,5865.0,4502.0,5804.0,4575.0,5605.0,4745.0,5670.0,6635,6508,GoogleEarth,0.288501286197,0.000883637968735,1.1675122321592686,P1179__x4096_y5484,1,4096,5484,1024,1.0,38156.0,577.0,381.0,406.0,320.0,479.0,121.0,649.0,186.0,1,0.7944523096084595,0.8331676125526428,0,121.0,0.1181640625,0.24609375,0.0363883972167968,0.7735800730980514,2,False,0,1,1,1,grand,60-75,0.0005035400390625,0.2034609634482169,0.4424505403130537,0.1545381989528354,-0.9878773576393672,-0.2879123413602183,-0.28012233840277495,Q2
val,P1179,41,val:P1179:41,plane,0,0,27119.0,208.0,216.0,167.370849609375,161.1862335205078,70.69369965939963,4618.0,4973.0,4768.0,5032.0,4713.0,5189.0,4560.0,5130.0,6635,6508,GoogleEarth,0.288501286197,0.0006280369555017,1.038369381514708,P1179__x4096_y4096,0,4096,4096,1024,0.7470787749133448,19666.119005203247,620.33935546875,1024.0,467.69384765625,1024.0,521.99951171875,877.0,674.64501953125,933.3916015625,1,0.6969277262687683,0.6424528956413269,0,0.0,0.0,0.0580098628997802,0.0187550725986511,0.7121501654404225,1,False,0,1,1,1,grand,60-75,0.0005035400390625,0.223391364434744,0.4567395907734112,0.1729009245573112,-0.9833678554983896,-0.2838386662161,0.23628625843826476,Q4
val,P1179,42,val:P1179:42,plane,0,0,15525.0,156.0,160.0,133.46160888671875,118.59595489501952,70.85773180853373,5718.0,3577.0,5832.0,3543.0,5874.0,3664.0,5762.0,3703.0,6635,6508,GoogleEarth,0.288501286197,0.0003595366250291,1.1253470576197833,P1179__x5611_y3072,0,5611,3072,1024,1.0,15525.0,107.0,505.0,221.0,471.0,263.0,592.0,151.0,631.0,1,0.8926438689231873,0.5969073176383972,1,107.0,0.1044921875,0.18115234375,0.014805793762207,0.7539351102737587,2,False,0,1,1,1,grand,60-75,0.0005035400390625,0.2116051286161258,0.4487754703936509,0.1616956620962885,-0.9862529632911048,-0.2870798082973623,-0.3319775924731708,Q2
val,P1179,43,val:P1179:43,plane,0,0,15617.0,156.0,158.0,130.60244750976562,119.92080688476562,71.56505117707798,5854.0,3518.0,5739.0,3552.0,5698.0,3429.0,5813.0,3394.0,6635,6508,GoogleEarth,0.288501286197,0.0003616672124367,1.0890724545846675,P1179__x5611_y3072,1,5611,3072,1024,1.0,15617.0,243.0,446.0,128.0,480.0,87.0,357.0,202.0,322.0,1,0.901195228099823,0.9474152326583862,0,87.0,0.0849609375,0.1611328125,0.0148935317993164,0.7367201658334973,2,False,0,1,1,1,grand,60-75,0.0005035400390625,0.216345730951121,0.4566885322437885,0.1674490966232238,-0.9825444927290118,-0.2892394356205647,-0.3866577579097938,Q2
val,P1179,44,val:P1179:44,storage-tank,2,0,13552.0,112.0,121.0,121.0,112.0,90.0,4268.0,1748.0,4380.0,1748.0,4380.0,1869.0,4268.0,1869.0,6635,6508,GoogleEarth,0.288501286197,0.00031384478856,1.0803571428571428,P1179__x4096_y1024,0,4096,1024,1024,1.0,13552.0,172.0,724.0,284.0,724.0,284.0,845.0,172.0,845.0,1,0.7212441563606262,0.9033340811729432,0,172.0,0.16796875,0.22265625,0.0129241943359375,0.732539582270606,1,False,0,1,1,1,grand,75-90,0.0005035400390625,0.3706578577247894,0.2496622168977811,0.2455490002211243,-1.196370548101472,-0.0041132166766568,-0.4955758081660777,Q1
val,P1179,58,val:P1179:58,plane,0,0,1525.0,52.0,55.0,42.54409408569336,35.84689712524414,60.42216131873866,2042.0,2787.0,2063.0,2750.0,2094.0,2768.0,2073.0,2805.0,6635,6508,GoogleEarth,0.288501286197,3.5316802136516e-05,1.186827800940487,P1179__x2048_y2048,0,2048,2048,1024,0.9723508741034836,1367.8533935546875,25.000244140625,757.0,0.0,739.306640625,15.000244140625,702.0,46.174072265625,719.693359375,1,0.6919324994087219,0.2861305773258209,1,0.0,0.0,0.0210387110710144,0.0013044866500422,0.7824520010274445,7,False,0,1,1,1,moyen,60-75,0.0005035400390625,0.2228100017904118,0.4549933597969212,0.0511800176520039,-1.1050661136147122,-0.4038133421449172,-0.18985566793388495,Q3
val,P1179,59,val:P1179:59,plane,0,0,1261.0,52.0,48.0,45.79301071166992,27.294687271118164,31.6075022462489,2337.0,2254.0,2376.0,2278.0,2363.0,2302.0,2324.0,2279.0,6635,6508,GoogleEarth,0.288501286197,2.920294261911257e-05,1.6777261544273392,P1179__x2048_y2048,1,2048,2048,1024,1.0,1261.0,289.0,206.0,328.0,230.0,315.0,254.0,276.0,231.0,1,0.0,0.0,-1,206.0,0.201171875,0.224853515625,0.0012025833129882,0.9849679845449344,7,False,0,0,0,0,moyen,30-45,0.0005035400390625,0.1569803534217693,0.4195907546273143,0.0295699643139551,0.1077027874590089,-0.3900207903133592,-0.21482580978140614,Q3
val,P1179,60,val:P1179:60,plane,0,0,1237.0,39.0,34.0,39.0,32.06243896484375,3.179830119864249,2289.0,1898.0,2253.0,1900.0,2252.0,1866.0,2291.0,1866.0,6635,6508,GoogleEarth,0.288501286197,2.864713720843953e-05,1.2163765845375407,P1179__x2048_y1024,1,2048,1024,1024,1.0,1237.0,241.0,874.0,205.0,876.0,204.0,842.0,243.0,842.0,1,0.0,0.0,-1,148.0,0.14453125,0.16162109375,0.0011796951293945,0.7958736933177946,7,False,0,0,0,0,moyen,0-15,0.0005035400390625,0.1638279746629884,0.4293837445021745,0.0396893286150409,0.1238168371700532,-0.3896944158871336,-0.10956676134566509,Q4
val,P1179,61,val:P1179:61,plane,0,0,2317.0,68.0,68.0,51.6623649597168,43.27817153930664,38.65980825409008,2333.0,1948.0,2293.0,1916.0,2323.0,1880.0,2361.0,1915.0,6635,6508,GoogleEarth,0.288501286197,5.365838068872628e-05,1.1937279954814024,P1179__x2048_y1024,2,2048,1024,1024,1.0,2317.0,285.0,924.0,245.0,892.0,275.0,856.0,313.0,891.0,1,0.7651202082633972,0.4480043053627014,4,100.0,0.09765625,0.130126953125,0.0022096633911132,0.7856023776319445,7,False,0,1,1,1,moyen,30-45,0.0005035400390625,0.1956457325950413,0.4838645135886772,0.0421360221695287,-1.083405308869873,-0.4417284914191485,-0.09103764832183185,Q4
val,P1179,62,val:P1179:62,plane,0,0,2706.5,62.0,59.0,56.08921432495117,49.03060150146485,11.3099324740202,2332.0,1893.0,2277.0,1904.0,2270.0,1854.0,2322.0,1845.0,6635,6508,GoogleEarth,0.288501286197,6.267863933277413e-05,1.1439634148333964,P1179__x2048_y1024,3,2048,1024,1024,1.0,2706.5,284.0,869.0,229.0,880.0,222.0,830.0,274.0,821.0,1,0.4284131526947021,0.6160719394683838,2,144.0,0.140625,0.169921875,0.0025811195373535,0.7626561790860036,7,False,0,1,0,0,moyen,0-15,0.0005035400390625,0.174112433752077,0.4149605732813636,0.0391629510867266,0.1266443447749888,-0.375797622194637,-0.025459798276463202,Q4
val,P1179,63,val:P1179:63,plane,0,0,2471.0,60.0,54.0,53.75872039794922,45.54119110107422,9.63753811293094,2306.0,1864.0,2253.0,1873.0,2246.0,1827.0,2299.0,1819.0,6635,6508,GoogleEarth,0.288501286197,5.722479874054494e-05,1.180441685827606,P1179__x2048_y1024,4,2048,1024,1024,1.0,2471.0,258.0,840.0,205.0,849.0,198.0,803.0,251.0,795.0,1,0.0,0.0,-1,175.0,0.1708984375,0.197509765625,0.0023565292358398,0.7795274644565336,7,False,0,0,0,0,moyen,0-15,0.0005035400390625,0.1689868205245518,0.4186897465668224,0.0337970170095054,0.1189377233256416,-0.384892729557317,-0.09958762505370397,Q4
val,P1179,64,val:P1179:64,helicopter,11,0,1122.0,44.0,51.0,44.777225494384766,25.05992889404297,60.57254359681026,2649.0,1367.0,2627.0,1355.0,2649.0,1316.0,2671.0,1330.0,6635,6508,GoogleEarth,0.288501286197,2.598390294896456e-05,1.7868057680334768,P1179__x2048_y1024,5,2048,1024,1024,1.0,1122.0,601.0,343.0,579.0,331.0,601.0,292.0,623.0,306.0,1,0.0,0.0,-1,292.0,0.28515625,0.310546875,0.0010700225830078,1.0248960539411254,7,False,0,0,0,0,moyen,60-75,0.0005035400390625,0.0563722764057598,0.1699310592019749,0.0643904890331934,0.0745421626219787,-0.1055405701687815,-0.12486379090156358,Q4
val,P1179,85,val:P1179:85,plane,0,1,1288.0,46.0,45.0,38.27531814575195,33.83784866333008,70.14478563067894,2372.0,1938.0,2359.0,1902.0,2394.0,1893.0,2405.0,1925.0,6635,6508,GoogleEarth,0.288501286197,2.9828223706119743e-05,1.1311392318871247,P1179__x2048_y1024,6,2048,1024,1024,1.0,1288.0,324.0,914.0,311.0,878.0,346.0,869.0,357.0,901.0,1,0.0,0.0,-1,110.0,0.107421875,0.13037109375,0.0012283325195312,0.7566566873909367,7,False,0,0,0,0,moyen,60-75,0.0005035400390625,0.2290597626204699,0.4691085768975543,0.0486000341369369,0.1879803570950721,-0.4205085427606174,0.055248650408259825,Q4
val,P1179,86,val:P1179:86,plane,0,0,3671.5,79.0,77.0,63.32456207275391,58.694122314453125,21.297354049033743,2348.0,2169.0,2289.0,2146.0,2312.0,2092.0,2368.0,2111.0,6635,6508,GoogleEarth,0.288501286197,8.50266485535859e-05,1.078891029897223,P1179__x2048_y2048,2,2048,2048,1024,1.0,3671.5,300.0,121.0,241.0,98.0,264.0,44.0,320.0,63.0,1,0.0,0.0,-1,44.0,0.04296875,0.07958984375,0.0035014152526855,0.7318345928303285,7,False,0,0,0,0,grand,15-30,0.0005035400390625,0.1919376494548788,0.437981810783668,0.060983211607624,0.1650162719390429,-0.3769985991760439,-0.04175351966933317,Q4
val,P1179,88,val:P1179:88,plane,0,0,1639.5,54.0,51.0,42.72002029418945,38.62641525268555,20.556045219583467,2358.0,2189.0,2318.0,2174.0,2333.0,2138.0,2372.0,2153.0,6635,6508,GoogleEarth,0.288501286197,3.796845711660196e-05,1.1059794188698184,P1179__x2048_y2048,3,2048,2048,1024,1.0,1639.5,310.0,141.0,270.0,126.0,285.0,90.0,324.0,105.0,1,0.0,0.0,-1,90.0,0.087890625,0.11279296875,0.001563549041748,0.7447806410476109,7,False,0,0,0,0,moyen,15-30,0.0005035400390625,0.1874241908121273,0.4424743632809186,0.0542412059297879,0.1562998674790679,-0.3882331573511307,-0.032087882160348025,Q4
val,P1184,1,val:P1184:1,plane,0,0,292.0,24.0,19.0,20.880613327026367,13.601470947265623,14.036243467926482,1841.0,2494.0,1821.0,2489.0,1825.0,2475.0,1845.0,2481.0,2594,6224,GoogleEarth,0.591560301867,1.808603203358353e-05,1.5351731741355596,P1184__x1570_y2048,0,1570,2048,1024,1.0,292.0,271.0,446.0,251.0,441.0,255.0,427.0,275.0,433.0,2,0.0,0.0,-1,251.0,0.2451171875,0.2568359375,0.0002784729003906,0.9302619479783668,15,False,1,0,0,0,tres petit,0-15,0.0005035400390625,0.6542607367236118,0.3218029883098463,0.0270019453340425,-0.3360719672700876,-0.2948010429758038,-0.5491829470608366,Q1
val,P1184,10,val:P1184:10,plane,0,0,262.5,21.0,20.0,19.313207626342773,13.34166431427002,18.434948822922,1887.0,2508.0,1869.0,2502.0,1872.0,2488.0,1890.0,2495.0,2594,6224,GoogleEarth,0.591560301867,1.6258847290464646e-05,1.4475860860691638,P1184__x1570_y2048,7,1570,2048,1024,1.0,262.5,317.0,460.0,299.0,454.0,302.0,440.0,320.0,447.0,2,0.0,0.0,-1,299.0,0.2919921875,0.30224609375,0.0002503395080566,0.8951022678659376,15,False,1,0,0,0,tres petit,15-30,0.0005035400390625,0.6767557104123372,0.3224842384906125,0.0331295184193223,-0.3383081576405676,-0.2893547200712901,-0.5495431184025664,Q1
val,P1184,11,val:P1184:11,plane,0,0,274.5,23.0,19.0,19.92485809326172,13.928388595581056,17.525568373722876,1893.0,2489.0,1874.0,2483.0,1879.0,2470.0,1897.0,2475.0,2594,6224,GoogleEarth,0.591560301867,1.700210888088589e-05,1.430521410034691,P1184__x1570_y2048,8,1570,2048,1024,1.0,274.5,323.0,441.0,304.0,435.0,309.0,422.0,327.0,427.0,2,0.0,0.0,-1,304.0,0.296875,0.308349609375,0.0002617835998535,0.8881058063659084,15,False,1,0,0,0,tres petit,15-30,0.0005035400390625,0.678111220060692,0.3256736333043546,0.0331295184193223,-0.3413996970362275,-0.2925441148850323,-0.5496527086540117,Q1
val,P1184,12,val:P1184:12,plane,0,0,324.0,24.0,21.0,20.880613327026367,15.524174690246582,16.699244233993596,1870.0,2482.0,1850.0,2476.0,1854.0,2461.0,1874.0,2467.0,2594,6224,GoogleEarth,0.591560301867,2.0068062941373503e-05,1.3450385443127673,P1184__x1570_y2048,9,1570,2048,1024,1.0,324.0,300.0,434.0,280.0,428.0,284.0,413.0,304.0,419.0,2,0.0,0.0,-1,280.0,0.2734375,0.28515625,0.0003089904785156,0.85230183857031,15,False,1,0,0,0,tres petit,15-30,0.0005035400390625,0.6872051728976674,0.3248561519954925,0.0345123100469515,-0.3405651025095275,-0.2903438419485409,-0.5507943897669695,Q1
val,P1184,13,val:P1184:13,plane,0,0,297.5,23.0,21.0,19.92485809326172,14.560219764709473,21.250505507133227,1815.0,2487.0,1797.0,2480.0,1801.0,2466.0,1820.0,2472.0,2594,6224,GoogleEarth,0.591560301867,1.842669359585993e-05,1.368444873445857,P1184__x1024_y2048,10,1024,2048,1024,1.0,297.5,791.0,439.0,773.0,432.0,777.0,418.0,796.0,424.0,2,0.0,0.0,-1,228.0,0.22265625,0.234130859375,0.0002837181091308,0.8622335682304408,15,False,1,0,0,0,tres petit,15-30,0.0005035400390625,0.6874642718686922,0.326510168506633,0.0336378801584551,-0.3418026568559396,-0.2928722883481779,-0.5485880973110026,Q1
val,P1184,14,val:P1184:14,soccer-ball-field,13,0,25192.0,184.0,216.0,186.3035125732422,134.48048400878906,72.82943864806184,798.0,5620.0,929.0,5658.0,874.0,5836.0,745.0,5798.0,2594,6224,GoogleEarth,0.591560301867,0.0015603538321576,1.3853572430707952,P1184__x0_y5120,0,0,5120,1024,1.0,25192.0,798.0,500.0,929.0,538.0,874.0,716.0,745.0,678.0,2,0.0,0.0,-1,95.0,0.0927734375,0.18310546875,0.0240249633789062,0.8693489005743515,2,False,0,0,0,0,grand,60-75,0.0005035400390625,0.3873044308469757,0.2249475190462324,0.1674922432278748,0.3096887519362327,-0.0574552758183576,0.1331958831687014,Q4
val,P1184,15,val:P1184:15,plane,0,0,245.5,19.0,19.0,16.76305389404297,14.317821502685549,17.3540246362613,1821.0,2469.0,1805.0,2464.0,1808.0,2450.0,1824.0,2454.0,2594,6224,GoogleEarth,0.591560301867,1.5205893370701222e-05,1.1707824329908554,P1184__x1570_y2048,11,1570,2048,1024,1.0,245.5,251.0,421.0,235.0,416.0,238.0,402.0,254.0,406.0,2,0.0,0.0,-1,235.0,0.2294921875,0.23876953125,0.0002341270446777,0.7750876707618277,15,False,1,0,0,0,tres petit,15-30,0.0005035400390625,0.7102282750746981,0.3257037103260819,0.0387448308241472,-0.341511524311904,-0.2869588795019346,-0.5343461475135333,Q1
val,P1184,16,val:P1184:16,plane,0,0,638.0,33.0,30.0,29.4108829498291,21.840330123901367,16.504361381755018,1812.0,2613.0,1785.0,2605.0,1790.0,2583.0,1818.0,2592.0,2594,6224,GoogleEarth,0.591560301867,3.951674122406265e-05,1.3466317946193844,P1184__x1024_y2048,12,1024,2048,1024,1.0,638.0,788.0,565.0,761.0,557.0,766.0,535.0,794.0,544.0,2,0.0,0.0,-1,230.0,0.224609375,0.240966796875,0.0006084442138671,0.8529810211440053,15,False,0,0,0,0,petit,15-30,0.0005035400390625,0.6835976038216418,0.3266208196101736,0.0325913399314703,0.7382661778613084,-0.2940294796787033,-0.5487358294764887,Q1
val,P1184,17,val:P1184:17,plane,0,0,628.0,33.0,29.0,29.120439529418945,21.587032318115234,15.945395900922875,1783.0,2603.0,1755.0,2595.0,1760.0,2574.0,1788.0,2582.0,2594,6224,GoogleEarth,0.591560301867,3.889735656537828e-05,1.3489783635049215,P1184__x1024_y2048,13,1024,2048,1024,1.0,628.0,759.0,555.0,731.0,547.0,736.0,526.0,764.0,534.0,2,0.0,0.0,-1,260.0,0.25390625,0.27001953125,0.0005989074707031,0.8539804946956241,15,False,0,0,0,0,petit,15-30,0.0005035400390625,0.6844121064440668,0.3267146186254774,0.0325913399314703,0.7411338566294434,-0.2941232786940071,-0.5507313090695829,Q1
val,P1184,18,val:P1184:18,plane,0,0,766.0,35.0,36.0,28.792360305786133,26.92582321166992,70.90650799951439,1811.0,2693.0,1786.0,2683.0,1795.0,2657.0,1821.0,2666.0,2594,6224,GoogleEarth,0.591560301867,4.744486485522256e-05,1.069321449503807,P1184__x1024_y2048,14,1024,2048,1024,1.0,766.0,787.0,645.0,762.0,635.0,771.0,609.0,797.0,618.0,2,0.0,0.0,-1,227.0,0.2216796875,0.239013671875,0.0007305145263671,0.7272207513663277,15,False,0,0,0,0,petit,60-75,0.0005035400390625,0.7957188092573669,0.3873882452501472,0.0469845580412146,1.555944399670023,-0.3404036872089325,-0.6481542234623223,Q1
val,P1184,19,val:P1184:19,helicopter,11,0,716.0,30.0,36.0,29.832868576049805,24.04162979125977,76.42956561483852,1350.0,4191.0,1327.0,4184.0,1334.0,4155.0,1357.0,4162.0,2594,6224,GoogleEarth,0.591560301867,4.434794156180072e-05,1.2408837851290522,P1184__x1024_y4096,0,1024,4096,1024,1.0,716.0,326.0,95.0,303.0,88.0,310.0,59.0,333.0,66.0,1,0.0,0.0,-1,59.0,0.0576171875,0.0751953125,0.0006828308105468,0.8068703349863867,5,False,0,0,0,0,petit,75-90,0.0005035400390625,0.4200418414442375,0.2658179534038014,0.0823020012708367,0.2748239289125111,-0.1835159521329646,0.1509035184135157,Q4
val,P1184,2,val:P1184:2,plane,0,0,1925.0,50.0,58.0,50.69516754150391,38.60051727294922,75.67728002179643,2080.0,1198.0,2068.0,1245.0,2030.0,1236.0,2043.0,1187.0,2594,6224,GoogleEarth,0.591560301867,0.0001192315467967,1.313328709639611,P1184__x1570_y1024,0,1570,1024,1024,1.0,1925.0,510.0,174.0,498.0,221.0,460.0,212.0,473.0,163.0,1,0.7973567843437195,0.7316522002220154,1,163.0,0.1591796875,0.18798828125,0.001835823059082,0.8386874871337404,3,False,0,1,1,1,moyen,75-90,0.0005035400390625,0.7429207743194436,0.3845577581688959,0.1325694888587515,-2.6459671690126245,-0.2519882693101443,-0.7099492539279215,Q1
val,P1184,20,val:P1184:20,helicopter,11,0,362.0,23.0,23.0,20.615528106689453,18.24828720092773,74.47588900324574,1285.0,4165.0,1280.0,4183.0,1262.0,4178.0,1265.0,4160.0,2594,6224,GoogleEarth,0.591560301867,2.2421724644374106e-05,1.129724005310557,P1184__x1024_y4096,1,1024,4096,1024,1.0,362.0,261.0,69.0,256.0,87.0,238.0,82.0,241.0,64.0,1,0.0,0.0,-1,64.0,0.0625,0.07373046875,0.000345230102539,0.7559923963542025,5,False,1,0,0,0,tres petit,60-75,0.0005035400390625,0.4357461461839545,0.2622413523550814,0.0869235146028907,-0.3747998420432743,-0.1753178377521906,0.16555299036081084,Q4
val,P1184,21,val:P1184:21,plane,0,0,280.5,24.0,19.0,20.880613327026367,13.601470947265623,17.52556837372287,1281.0,4281.0,1300.0,4287.0,1296.0,4300.0,1276.0,4294.0,2594,6224,GoogleEarth,0.591560301867,1.737373967609651e-05,1.5351731741355596,P1184__x1024_y4096,2,1024,4096,1024,1.0,280.5,257.0,185.0,276.0,191.0,272.0,204.0,252.0,198.0,1,0.0,0.0,-1,185.0,0.1806640625,0.18994140625,0.0002675056457519,0.9302619479783668,5,False,1,0,0,0,tres petit,15-30,0.0005035400390625,0.6275083540618625,0.3107724043067796,0.0353361291456515,-0.3317480818756056,-0.275436275161128,-0.5387020625842933,Q1
val,P1184,22,val:P1184:22,plane,0,1,213.5,24.0,17.0,23.0867919921875,8.246211051940918,17.65012421993012,1274.0,4219.0,1272.0,4227.0,1250.0,4220.0,1253.0,4210.0,2594,6224,GoogleEarth,0.591560301867,1.3223862462911246e-05,2.7996848306172737,P1184__x1024_y4096,3,1024,4096,1024,1.0,213.5,250.0,123.0,248.0,131.0,226.0,124.0,229.0,114.0,1,0.0,0.0,-1,114.0,0.111328125,0.1201171875,0.0002036094665527,1.3349181239814414,5,False,1,0,0,0,tres petit,15-30,0.0005035400390625,0.4682929476672003,0.3238263155545839,0.0531944236999246,-0.3842240865800176,-0.2706318918546593,-0.5069450274875943,Q1
val,P1184,23,val:P1184:23,plane,0,1,220.0,25.0,16.0,23.76972770690918,8.246211051940918,14.620873988631644,1259.0,4275.0,1257.0,4283.0,1234.0,4277.0,1237.0,4267.0,2594,6224,GoogleEarth,0.591560301867,1.3626462491056086e-05,2.8825029528336503,P1184__x1024_y4096,4,1024,4096,1024,1.0,220.0,235.0,179.0,233.0,187.0,210.0,181.0,213.0,171.0,1,0.0,0.0,-1,171.0,0.1669921875,0.17529296875,0.0002098083496093,1.3564800365899716,5,False,1,0,0,0,tres petit,0-15,0.0005035400390625,0.4589427735583914,0.2991383288299809,0.049386395563758,-0.3573609826055183,-0.2497519332662228,-0.5183676503397073,Q1
val,P1184,24,val:P1184:24,ground-track-field,6,0,46312.5,243.0,317.0,286.96514892578125,156.7322540283203,71.05349531049094,2060.0,3651.0,2221.0,3700.0,2129.0,3968.0,1978.0,3926.0,2594,6224,GoogleEarth,0.591560301867,0.0028685252005319,1.830925936112224,P1184__x1570_y3072,0,1570,3072,1024,1.0,46312.5,490.0,579.0,651.0,628.0,559.0,896.0,408.0,854.0,1,0.0,0.0,-1,128.0,0.125,0.278076171875,0.0441670417785644,1.0406038440468897,1,False,0,0,0,0,grand,60-75,0.0005035400390625,0.2207838557400382,0.2188557171717784,0.153301922622771,0.2153127131381894,-0.0655537945490074,0.036483974080763655,Q4
val,P1184,25,val:P1184:25,soccer-ball-field,13,0,25131.5,185.0,215.0,185.7229156494141,134.2013397216797,73.41895215226042,859.0,5423.0,988.0,5460.0,935.0,5638.0,803.0,5598.0,2594,6224,GoogleEarth,0.591560301867,0.0015566065549726,1.3839125304902695,P1184__x0_y5120,1,0,5120,1024,1.0,25131.5,859.0,303.0,988.0,340.0,935.0,518.0,803.0,478.0,2,0.0,0.0,-1,36.0,0.03515625,0.124755859375,0.0239672660827636,0.8687430582994087,2,False,0,0,0,0,grand,60-75,0.0005035400390625,0.3840792220779477,0.2495009368519082,0.1686573753134821,0.3242425238728437,-0.0808435615384261,0.14588980069972654,Q4
val,P1184,26,val:P1184:26,plane,0,0,1606.0,45.0,54.0,46.09772109985352,34.20526123046875,77.47119229084849,2046.0,1183.0,2056.0,1138.0,2091.0,1149.0,2079.0,1192.0,2594,6224,GoogleEarth,0.591560301867,9.947317618470944e-05,1.3476792587331978,P1184__x1570_y1024,2,1570,1024,1024,1.0,1606.0,476.0,159.0,486.0,114.0,521.0,125.0,509.0,168.0,1,0.8320911526679993,0.8044906854629517,0,114.0,0.111328125,0.13818359375,0.0015316009521484,0.8534272907325745,3,False,0,1,1,1,moyen,75-90,0.0005035400390625,0.7379471056878584,0.410445802622507,0.1361239672741678,-2.5240745004543825,-0.2743218353483392,-0.7115831553648369,Q1
val,P1184,3,val:P1184:3,plane,0,0,2216.0,42.0,56.0,55.03635025024414,40.112342834472656,87.91743472026913,2011.0,1295.0,2013.0,1240.0,2053.0,1243.0,2053.0,1296.0,2594,6224,GoogleEarth,0.591560301867,0.0001372556403644,1.3720552418829486,P1184__x1570_y1024,1,1570,1024,1024,1.0,2216.0,441.0,271.0,443.0,216.0,483.0,219.0,483.0,272.0,1,0.7335591316223145,0.6296007037162781,2,216.0,0.2109375,0.23876953125,0.0021133422851562,0.8637567700223635,3,False,0,1,1,1,moyen,75-90,0.0005035400390625,0.755409210230768,0.4252102300000387,0.1843399377810153,-2.5908760734762306,-0.2408702922190234,-0.7271863099742712,Q1
val,P1184,4,val:P1184:4,plane,0,0,353.5,23.0,25.0,19.64688301086425,17.0880069732666,75.25643716352927,1931.0,2335.0,1915.0,2329.0,1920.0,2310.0,1938.0,2317.0,2594,6224,GoogleEarth,0.591560301867,2.1895247684492392e-05,1.149746898020401,P1184__x1570_y2048,1,1570,2048,1024,1.0,353.5,361.0,287.0,345.0,281.0,350.0,262.0,368.0,269.0,2,0.0,0.0,-1,262.0,0.255859375,0.268310546875,0.0003371238708496,0.7653501133588342,15,False,1,0,0,0,tres petit,75-90,0.0005035400390625,0.7927746348310277,0.3823881527716167,0.039898385199878,-0.3928172925036911,-0.3424897675717386,-0.6993669543254079,Q1
val,P1184,5,val:P1184:5,plane,0,0,681.0,34.0,31.0,29.4108829498291,22.80350875854492,15.945395900922875,1913.0,2321.0,1885.0,2313.0,1891.0,2290.0,1919.0,2299.0,2594,6224,GoogleEarth,0.591560301867,4.218009525640543e-05,1.2897525227914002,P1184__x1570_y2048,2,1570,2048,1024,1.0,681.0,343.0,273.0,315.0,265.0,321.0,242.0,349.0,251.0,2,0.0,0.0,-1,242.0,0.236328125,0.251708984375,0.0006494522094726,0.8284437430762673,15,False,0,0,0,0,petit,15-30,0.0005035400390625,0.6916352697729045,0.3228896718957885,0.0341258905938405,0.7583393412179201,-0.288763781301948,-0.5470659900702207,Q1
val,P1184,6,val:P1184:6,plane,0,0,940.0,38.0,40.0,31.62277603149414,29.73213768005371,71.56505117707799,1850.0,2395.0,1822.0,2385.0,1832.0,2355.0,1860.0,2365.0,2594,6224,GoogleEarth,0.591560301867,5.8222157916330544e-05,1.0635890487184445,P1184__x1570_y2048,3,1570,2048,1024,1.0,940.0,280.0,347.0,252.0,337.0,262.0,307.0,290.0,317.0,2,0.0,0.0,-1,252.0,0.24609375,0.2646484375,0.0008964538574218,0.724446723492344,15,False,0,0,0,0,petit,60-75,0.0005035400390625,0.7985254798898312,0.3857861884617509,0.0477162770076377,1.5767438736875428,-0.3380699114541132,-0.6491727988546852,Q1
val,P1184,7,val:P1184:7,plane,0,0,705.0,34.0,33.0,27.513633728027344,25.29822158813477,17.10272896905238,1880.0,2404.0,1854.0,2396.0,1862.0,2371.0,1888.0,2380.0,2594,6224,GoogleEarth,0.591560301867,4.366661843724791e-05,1.087571852913631,P1184__x1570_y2048,4,1570,2048,1024,1.0,705.0,310.0,356.0,284.0,348.0,292.0,323.0,318.0,332.0,2,0.0,0.0,-1,284.0,0.27734375,0.2939453125,0.0006723403930664,0.7360015977079277,15,False,0,0,0,0,petit,15-30,0.0005035400390625,0.7257230402071307,0.3278449480250652,0.046909301103984,0.9143705438455434,-0.2809356469210812,-0.4969092900340155,Q1
val,P1184,8,val:P1184:8,plane,0,0,570.0,28.0,31.0,25.0,22.13594436645508,78.23171106797936,1919.0,2408.0,1898.0,2401.0,1903.0,2377.0,1926.0,2384.0,2594,6224,GoogleEarth,0.591560301867,3.530492554500895e-05,1.129384840607258,P1184__x1570_y2048,5,1570,2048,1024,1.0,570.0,349.0,360.0,328.0,353.0,333.0,329.0,356.0,336.0,2,0.0,0.0,-1,328.0,0.3203125,0.33349609375,0.0005435943603515,0.7558331307818557,15,False,0,0,0,0,petit,75-90,0.0005035400390625,0.8020456464174898,0.3819894169276128,0.0526106367466376,1.6003055637826653,-0.3293787801809751,-0.6628071277818696,Q1
val,P1184,9,val:P1184:9,plane,0,0,285.5,22.0,19.0,20.615528106689453,14.142135620117188,14.743562836470716,1803.0,2461.0,1784.0,2456.0,1786.0,2442.0,1806.0,2447.0,2594,6224,GoogleEarth,0.591560301867,1.7683432005438692e-05,1.457737972570696,P1184__x1024_y2048,6,1024,2048,1024,1.0,285.5,779.0,413.0,760.0,408.0,762.0,394.0,782.0,399.0,2,0.0,0.0,-1,242.0,0.236328125,0.247314453125,0.0002722740173339,0.8992414035780965,15,False,1,0,0,0,tres petit,0-15,0.0005035400390625,0.6655094448738784,0.3215823640937735,0.03035874878276,-0.3368409224981614,-0.2912236153110134,-0.5480007612676783,Q1
val,P1213,0,val:P1213:0,ship,1,0,334.5,29.0,28.0,29.0,10.630146026611328,43.60281897270363,3707.0,2343.0,3717.0,2351.0,3696.0,2371.0,3688.0,2364.0,5200,4000,GF,1.0,1.608173076923077e-05,2.728090463423728,P1213__x3072_y2048,0,3072,2048,1024,1.0,334.5,635.0,295.0,645.0,303.0,624.0,323.0,616.0,316.0,1,0.0,0.0,-1,295.0,0.2880859375,0.302001953125,0.0003190040588378,1.3158961624687728,1,False,1,0,0,0,tres petit,30-45,0.0005035400390625,0.5668934253836846,0.1833085798086742,0.3410351255298307,-0.4438594142836035,0.1577265457211565,0.1835406119578251,Q4
val,P1213,1,val:P1213:1,ship,1,0,382.0,14.0,32.0,31.0161247253418,11.045360565185549,88.15238973400541,1542.0,3179.0,1528.0,3181.0,1529.0,3150.0,1540.0,3149.0,5200,4000,GF,1.0,1.8365384615384617e-05,2.808068106269265,P1213__x1024_y2976,0,1024,2976,1024,1.0,382.0,518.0,203.0,504.0,205.0,505.0,174.0,516.0,173.0,1,0.7602904438972473,0.2892434597015381,0,173.0,0.1689453125,0.184326171875,0.0003643035888671,1.3371220018188852,1,False,1,1,1,1,tres petit,75-90,0.0005035400390625,0.631382350891114,0.2576530805578698,0.4092709852050072,1.0872300799973915,0.1516179046471374,0.189812993442992,Q4
val,P1257,0,val:P1257:0,bridge,8,0,328.5,27.0,25.0,22.022714614868164,14.866068840026855,41.18592516570965,1376.0,554.0,1392.0,540.0,1403.0,551.0,1386.0,565.0,4000,4000,GF,1.0,2.053125e-05,1.4814080878982652,P1257__x1024_y0,0,1024,0,1024,1.0,328.5,352.0,554.0,368.0,540.0,379.0,551.0,362.0,565.0,1,0.6445654630661011,0.7633117437362671,0,352.0,0.34375,0.356689453125,0.0003132820129394,0.9088261764306336,1,False,1,1,1,1,tres petit,30-45,0.0005035400390625,0.4407676597150128,0.2646170366293249,0.2024222957982815,1.7473248249134314,-0.0621947408310434,0.24528025332564307,Q4
val,P1257,1,val:P1257:1,bridge,8,0,1419.5,68.0,47.0,66.70832061767578,21.189620971679688,23.875280853927507,2634.0,3580.0,2695.0,3553.0,2702.0,3573.0,2644.0,3600.0,4000,4000,GF,1.0,8.871875e-05,3.148160163262602,P1257__x2048_y2976,0,2048,2976,1024,1.0,1419.5,586.0,604.0,647.0,577.0,654.0,597.0,596.0,624.0,1,0.0,0.0,-1,370.0,0.361328125,0.393798828125,0.0013537406921386,1.4226649017873765,10,False,0,0,0,0,moyen,15-30,0.0005035400390625,0.3828929814948037,0.2568385154747284,0.1509888764728982,0.3103480508200458,-0.1058496390018302,0.1587610868846649,Q4
val,P1257,10,val:P1257:10,ground-track-field,6,0,26297.5,139.0,225.0,215.75216674804688,121.41252136230467,85.21430450762506,323.0,2024.0,444.0,2014.0,462.0,2229.0,340.0,2239.0,4000,4000,GF,1.0,0.00164359375,1.7770174305517068,P1257__x0_y2048,0,0,2048,1024,0.8655910584418671,22791.463008381423,340.0000305175781,191.000244140625,324.8977355957031,0.000244140625,446.9255065917969,0.0,462.0278015136719,181.351318359375,1,0.8093932867050171,0.355270117521286,0,0.0,0.0,0.0909062027931213,0.0217356329044164,1.02137748506107,1,False,0,1,1,1,grand,75-90,0.0005035400390625,0.0708059463879949,0.3196690452708031,0.222817435174402,-0.8290247789674068,-0.096851610096401,0.1737949601821401,Q4
val,P1257,11,val:P1257:11,basketball-court,5,0,699.5,27.0,40.0,35.693138122558594,18.681541442871094,78.69006752597979,289.0,3915.0,309.0,3909.0,316.0,3944.0,298.0,3949.0,4000,4000,GF,1.0,4.371875e-05,1.9106099050610807,P1257__x0_y2976,0,0,2976,1024,1.0,699.5,289.0,939.0,309.0,933.0,316.0,968.0,298.0,973.0,1,0.0,0.0,-1,51.0,0.0498046875,0.069091796875,0.0006670951843261,1.068362648590687,1,False,0,0,0,0,petit,75-90,0.0005035400390625,0.0805659835465031,0.2868303844879743,0.205482139182986,0.2306158318936734,-0.0813482453049883,0.17261419595894698,Q4
val,P1257,12,val:P1257:12,ground-track-field,6,0,25615.0,228.0,235.0,214.1144561767578,119.01680755615234,51.25660934055605,1072.0,2608.0,1166.0,2535.0,1300.0,2702.0,1191.0,2770.0,4000,4000,GF,1.0,0.0016009375,1.7990270498201544,P1257__x1024_y2048,0,1024,2048,1024,1.0,25615.0,48.0,560.0,142.0,487.0,276.0,654.0,167.0,722.0,1,0.0,0.0,-1,48.0,0.046875,0.154541015625,0.024428367614746,1.0292718745881393,1,False,0,0,0,0,grand,45-60,0.0005035400390625,0.0600347895167141,0.2466816740837226,0.1968606307286591,0.2126159823268663,-0.0498210433550635,0.2174191535354401,Q4
val,P1257,13,val:P1257:13,ship,1,0,198.0,18.0,24.0,23.25940704345703,8.5440034866333,64.53665493812838,2506.0,3301.0,2498.0,3304.0,2488.0,3283.0,2496.0,3280.0,4000,4000,GF,1.0,1.2375e-05,2.722307765890464,P1257__x2048_y2976,8,2048,2976,1024,1.0,198.0,458.0,325.0,450.0,328.0,440.0,307.0,448.0,304.0,1,0.0,0.0,-1,304.0,0.296875,0.30859375,0.0001888275146484,1.314343843111742,10,False,1,0,0,0,tres petit,60-75,0.0005035400390625,0.7553372238383164,0.23917008572781,0.2026911626582364,-0.3048241816657837,-0.0364789230695736,0.15480548704122338,Q4
val,P1257,14,val:P1257:14,harbor,7,0,725.0,29.0,25.0,29.0,25.0,0.0,1859.0,3506.0,1888.0,3506.0,1888.0,3531.0,1859.0,3531.0,4000,4000,GF,1.0,4.53125e-05,1.16,P1257__x1024_y2976,0,1024,2976,1024,1.0,725.0,835.0,530.0,864.0,530.0,864.0,555.0,835.0,555.0,1,0.0,0.0,-1,160.0,0.15625,0.17041015625,0.0006914138793945,0.7701082216960736,1,False,0,0,0,0,petit,0-15,0.0005035400390625,0.0766190200388336,0.2202642134908607,0.2098651528302189,0.2281419297549547,-0.0103990606606418,-0.8025467731733027,Q1
val,P1257,15,val:P1257:15,ground-track-field,6,1,8034.0,120.0,141.0,128.70120239257812,62.20128631591797,57.05078488340956,2382.0,122.0,2432.0,85.0,2502.0,193.0,2444.0,226.0,4000,4000,GF,1.0,0.000502125,2.069108374044061,P1257__x2048_y0,0,2048,0,1024,1.0,8034.0,334.0,122.0,384.0,85.0,454.0,193.0,396.0,226.0,1,0.0,0.0,-1,85.0,0.0830078125,0.15283203125,0.0076618194580078,1.1213870875081196,1,False,0,0,0,0,grand,45-60,0.0005035400390625,0.0591988397059473,0.2579174803606039,0.1837854170322852,0.2000145802408605,-0.0741320633283186,0.18528905412601826,Q4
val,P1257,16,val:P1257:16,ship,1,0,516.5,29.0,38.0,34.885528564453125,14.764822959899902,62.700427788667184,2673.0,3491.0,2660.0,3499.0,2644.0,3468.0,2657.0,3461.0,4000,4000,GF,1.0,3.228125e-05,2.3627461473259435,P1257__x2048_y2976,9,2048,2976,1024,1.0,516.5,625.0,515.0,612.0,523.0,596.0,492.0,609.0,485.0,1,0.0,0.0,-1,399.0,0.3896484375,0.40380859375,0.0004925727844238,1.212757945914408,10,False,1,0,0,0,tres petit,60-75,0.0005035400390625,0.7575632792449674,0.2379599684925095,0.1788356580235209,-0.2951912674125183,-0.0591243104689885,0.09349095921081813,Q4
val,P1257,2,val:P1257:2,ship,1,0,462.0,27.0,30.0,27.3129997253418,17.0880069732666,66.25050550713324,2686.0,3519.0,2670.0,3525.0,2659.0,3500.0,2676.0,3495.0,4000,4000,GF,1.0,2.8875e-05,1.5983724590042434,P1257__x2048_y2976,1,2048,2976,1024,1.0,462.0,638.0,543.0,622.0,549.0,611.0,524.0,628.0,519.0,1,0.0,0.0,-1,386.0,0.376953125,0.389892578125,0.0004405975341796,0.9548852717157812,10,False,1,0,0,0,tres petit,60-75,0.0005035400390625,0.7819113516149231,0.2360172178391377,0.186941486178645,-0.2881584432652607,-0.0490757316604926,0.11938156210372292,Q4
val,P1257,3,val:P1257:3,ship,1,0,456.0,28.0,35.0,31.06444931030273,14.21267032623291,56.82148834060723,2458.0,3090.0,2447.0,3099.0,2430.0,3073.0,2443.0,3064.0,4000,4000,GF,1.0,2.85e-05,2.1856870382032154,P1257__x2048_y2976,2,2048,2976,1024,1.0,456.0,410.0,114.0,399.0,123.0,382.0,97.0,395.0,88.0,1,0.0,0.0,-1,88.0,0.0859375,0.10302734375,0.0004348754882812,1.1586679763438017,10,False,1,0,0,0,tres petit,45-60,0.0005035400390625,0.7717810514299376,0.2697056501602238,0.1750454464112762,-0.3214673352365064,-0.0946602037489475,0.1309707093049731,Q4
val,P1257,4,val:P1257:4,ship,1,0,386.0,24.0,33.0,29.546573638916016,12.529964447021484,63.43494882292201,2544.0,3247.0,2533.0,3253.0,2520.0,3227.0,2532.0,3220.0,4000,4000,GF,1.0,2.4125e-05,2.358073222301885,P1257__x2048_y2976,3,2048,2976,1024,1.0,386.0,496.0,271.0,485.0,277.0,472.0,251.0,484.0,244.0,1,0.0,0.0,-1,244.0,0.23828125,0.254638671875,0.0003681182861328,1.2113673637487314,10,False,1,0,0,0,tres petit,60-75,0.0005035400390625,0.7656156514685615,0.2240336741713649,0.1756366752690761,-0.2778028044552181,-0.0483969989022888,0.13866094604353865,Q4
val,P1257,5,val:P1257:5,ship,1,0,370.0,25.0,32.0,30.01666259765625,11.661903381347656,63.43494882292201,2529.0,3210.0,2517.0,3216.0,2504.0,3190.0,2514.0,3184.0,4000,4000,GF,1.0,2.3125e-05,2.573907673224738,P1257__x2048_y2976,4,2048,2976,1024,1.0,370.0,481.0,234.0,469.0,240.0,456.0,214.0,466.0,208.0,1,0.0,0.0,-1,208.0,0.203125,0.21875,0.0003528594970703,1.273659583506174,10,False,1,0,0,0,tres petit,60-75,0.0005035400390625,0.7622508575241707,0.2376616622251173,0.2105665966754639,-0.3033382400859141,-0.0270950655496534,0.15307703415492666,Q4
val,P1257,6,val:P1257:6,bridge,8,0,7974.0,88.0,191.0,187.72320556640625,41.9761848449707,75.8157057517292,2609.0,3818.0,2651.0,3808.0,2697.0,3990.0,2656.0,3999.0,4000,4000,GF,1.0,0.000498375,4.472135956607737,P1257__x2048_y2976,5,2048,2976,1024,1.0,7974.0,561.0,842.0,603.0,832.0,649.0,1014.0,608.0,1023.0,1,0.0,0.0,-1,1.0,0.0009765625,0.093994140625,0.0076045989990234,1.6996690258828928,10,False,0,0,0,0,grand,75-90,0.0005035400390625,0.4294433536279502,0.305670329660883,0.1829233401231308,0.4129935571801295,-0.1227469895377522,0.4245962900847374,Q4
val,P1257,7,val:P1257:7,bridge,8,0,1536.5,74.0,50.0,72.91776275634766,21.02379608154297,25.159301916031666,2622.0,3563.0,2688.0,3532.0,2696.0,3552.0,2631.0,3582.0,4000,4000,GF,1.0,9.603125e-05,3.468344273961209,P1257__x2048_y2976,6,2048,2976,1024,1.0,1536.5,574.0,587.0,640.0,556.0,648.0,576.0,583.0,606.0,1,0.0,0.0,-1,376.0,0.3671875,0.403076171875,0.0014653205871582,1.4970179314975038,10,False,0,0,0,0,moyen,15-30,0.0005035400390625,0.3757173946612297,0.258880492506307,0.165497334305002,0.3213016180400964,-0.093383158201305,0.18870538243397522,Q4
val,P1257,8,val:P1257:8,ship,1,0,163.0,19.0,20.0,19.209373474121094,7.810249805450439,47.12109639666146,2504.0,3322.0,2510.0,3317.0,2523.0,3331.0,2516.0,3337.0,4000,4000,GF,1.0,1.01875e-05,2.4595082042978564,P1257__x2048_y2976,7,2048,2976,1024,1.0,163.0,456.0,346.0,462.0,341.0,475.0,355.0,468.0,361.0,1,0.0,0.0,-1,341.0,0.3330078125,0.342529296875,0.0001554489135742,1.2411264414809744,10,False,1,0,0,0,tres petit,45-60,0.0005035400390625,0.7448961754179121,0.2326317227729755,0.188239336986704,-0.2970978542780319,-0.0443923857862714,0.1357389612423007,Q4
val,P1257,9,val:P1257:9,roundabout,12,0,1254.0,38.0,33.0,38.0,33.0,0.0,3742.0,2109.0,3780.0,2109.0,3780.0,2142.0,3742.0,2142.0,4000,4000,GF,1.0,7.8375e-05,1.1515151515151516,P1257__x2976_y2048,0,2976,2048,1024,1.0,1254.0,766.0,61.0,804.0,61.0,804.0,94.0,766.0,94.0,1,0.0,0.0,-1,61.0,0.0595703125,0.07568359375,0.0011959075927734,0.7661723155748352,1,False,0,0,0,0,moyen,0-15,0.0005035400390625,0.207083213031414,0.2621537739628551,0.2190418103120206,0.2875075644904472,-0.0431119636508345,-0.823009031978629,Q1
val,P1269,0,val:P1269:0,bridge,8,0,5275.5,96.0,103.0,89.15716552734375,52.39274597167969,66.88579201667316,1969.0,2816.0,2017.0,2837.0,1982.0,2919.0,1921.0,2888.0,4000,3620,GF,1.0,0.0003643301104972,1.7017082016570892,P1269__x1024_y2048,0,1024,2048,1024,1.0,5275.5,945.0,768.0,993.0,789.0,958.0,871.0,897.0,840.0,2,0.0,0.0,-1,31.0,0.0302734375,0.073974609375,0.0050311088562011,0.9938842402411152,2,False,0,0,0,0,grand,60-75,0.0005035400390625,0.4740720850692355,0.2217940539218015,0.1759989371429301,0.3759243767585642,-0.0457951167788713,0.23706057722052495,Q4
val,P1269,1,val:P1269:1,harbor,7,0,18946.0,277.0,180.0,264.7810363769531,71.61005401611328,28.04650834796508,340.0,3619.0,111.0,3497.0,153.0,3439.0,388.0,3561.0,4000,3620,GF,1.0,0.0013084254143646,3.697539961600554,P1269__x0_y2596,0,0,2596,1024,1.0,18946.0,340.0,1023.0,111.0,901.0,153.0,843.0,388.0,965.0,1,0.0,0.0,-1,1.0,0.0009765625,0.0888671875,0.0180683135986328,1.5470389592624985,15,False,0,0,0,0,grand,15-30,0.0005035400390625,0.1969714536818639,0.1883484085319479,0.1858338267446478,0.2320330060855348,-0.0025145817873001,0.38175595604768214,Q4
val,P1269,10,val:P1269:10,storage-tank,2,0,1600.0,40.0,40.0,40.0,40.0,0.0,495.0,3249.0,535.0,3249.0,535.0,3289.0,495.0,3289.0,4000,3620,GF,1.0,0.000110497237569,1.0,P1269__x0_y2596,9,0,2596,1024,1.0,1600.0,495.0,653.0,535.0,653.0,535.0,693.0,495.0,693.0,1,0.0,0.0,-1,331.0,0.3232421875,0.3427734375,0.00152587890625,0.6931471805599453,15,False,0,0,0,0,moyen,0-15,0.0005035400390625,0.95,0.2303616579766053,0.1161881131497711,4.493059614705269,-0.1141735448268341,-0.854778538721017,Q1
val,P1269,11,val:P1269:11,storage-tank,2,0,1638.0,39.0,42.0,42.0,39.0,90.0,435.0,3261.0,474.0,3261.0,474.0,3303.0,435.0,3303.0,4000,3620,GF,1.0,0.0001131215469613,1.0769230769230769,P1269__x0_y2596,10,0,2596,1024,1.0,1638.0,435.0,665.0,474.0,665.0,474.0,707.0,435.0,707.0,1,0.0,0.0,-1,317.0,0.3095703125,0.330078125,0.0015621185302734,0.7308875085427923,15,False,0,0,0,0,moyen,75-90,0.0005035400390625,0.95,0.3160637359202471,0.1389005220472233,6.144111504531913,-0.1771632138730237,0.03245425856995253,Q4
val,P1269,12,val:P1269:12,storage-tank,2,0,1722.0,42.0,41.0,42.0,41.0,0.0,471.0,3286.0,513.0,3286.0,513.0,3327.0,471.0,3327.0,4000,3620,GF,1.0,0.0001189226519337,1.024390243902439,P1269__x0_y2596,11,0,2596,1024,1.0,1722.0,471.0,690.0,513.0,690.0,513.0,731.0,471.0,731.0,1,0.0,0.0,-1,293.0,0.2861328125,0.30615234375,0.0016422271728515,0.7052685410922901,15,False,0,0,0,0,moyen,0-15,0.0005035400390625,0.95,0.2258118027735556,0.1118326929721258,4.402256945669679,-0.1139791098014298,-0.8530539790474704,Q1
val,P1269,13,val:P1269:13,storage-tank,2,0,1722.0,42.0,41.0,42.0,41.0,0.0,413.0,3295.0,455.0,3295.0,455.0,3336.0,413.0,3336.0,4000,3620,GF,1.0,0.0001189226519337,1.024390243902439,P1269__x0_y2596,12,0,2596,1024,1.0,1722.0,413.0,699.0,455.0,699.0,455.0,740.0,413.0,740.0,1,0.0,0.0,-1,284.0,0.27734375,0.29736328125,0.0016422271728515,0.7052685410922901,15,False,0,0,0,0,moyen,0-15,0.0005035400390625,0.95,0.2258484995076081,0.111002670302028,4.402124160946578,-0.1148458292055801,-0.8530539790474704,Q1
val,P1269,14,val:P1269:14,storage-tank,2,0,1599.0,41.0,39.0,41.0,39.0,0.0,451.0,3318.0,492.0,3318.0,492.0,3357.0,451.0,3357.0,4000,3620,GF,1.0,0.0001104281767955,1.051282051282051,P1269__x0_y2596,13,0,2596,1024,1.0,1599.0,451.0,722.0,492.0,722.0,492.0,761.0,451.0,761.0,1,0.0,0.0,-1,263.0,0.2568359375,0.27587890625,0.0015249252319335,0.7184649885442351,15,False,0,0,0,0,moyen,0-15,0.0005035400390625,0.95,0.2251862962101677,0.1104954727550251,4.389035100748208,-0.1146908234551425,-0.8538932288331293,Q1
val,P1269,15,val:P1269:15,bridge,8,0,1546.5,55.0,55.0,44.40720748901367,34.66987228393555,55.22216863363613,64.0,1811.0,93.0,1830.0,68.0,1866.0,38.0,1847.0,4000,3620,GF,1.0,0.0001068024861878,1.280858698449546,P1269__x0_y1024,0,0,1024,1024,1.0,1546.5,64.0,787.0,93.0,806.0,68.0,842.0,38.0,823.0,1,0.6519291400909424,0.3395764827728271,1,38.0,0.037109375,0.064208984375,0.0014748573303222,0.8245519941890322,1,False,0,1,1,1,moyen,45-60,0.0005035400390625,0.4961681254135572,0.2363298033531191,0.1757970422219136,-1.5762570238601556,-0.0605327611312055,0.3162793862333692,Q4
val,P1269,16,val:P1269:16,bridge,8,0,479.0,30.0,31.0,26.92582321166992,17.8885440826416,58.67130713219584,482.0,2365.0,498.0,2373.0,484.0,2396.0,468.0,2387.0,4000,3620,GF,1.0,3.308011049723757e-05,1.505199254186246,P1269__x0_y2048,0,0,2048,1024,1.0,479.0,482.0,317.0,498.0,325.0,484.0,348.0,468.0,339.0,1,0.722389280796051,0.8113197684288025,0,317.0,0.3095703125,0.324462890625,0.0004568099975585,0.9183682739628038,1,False,1,1,1,1,tres petit,45-60,0.0005035400390625,0.5419846454914645,0.1947246933484903,0.164352736243439,1.5114563413678823,-0.0303719571050513,0.2529209902538094,Q4
val,P1269,17,val:P1269:17,bridge,8,0,1982.0,64.0,58.0,48.764739990234375,40.8166618347168,28.70595254340109,1132.0,2421.0,1174.0,2444.0,1153.0,2479.0,1110.0,2456.0,4000,3620,GF,1.0,0.0001368784530386,1.1947263151431289,P1269__x1024_y2048,1,1024,2048,1024,1.0,1982.0,108.0,373.0,150.0,396.0,129.0,431.0,86.0,408.0,1,0.0,0.0,-1,86.0,0.083984375,0.115478515625,0.0018901824951171,0.7860573531692451,2,False,0,0,0,0,moyen,15-30,0.0005035400390625,0.5039126538029518,0.2232429615247322,0.1870550510292526,0.4138194586424123,-0.0361879104954796,0.32130308433116406,Q4
val,P1269,18,val:P1269:18,bridge,8,0,1921.0,65.0,58.0,49.92995071411133,38.60051727294922,33.36636600105956,1045.0,422.0,1086.0,449.0,1063.0,480.0,1021.0,453.0,4000,3620,GF,1.0,0.0001326657458563,1.2935047051584887,P1269__x1024_y0,0,1024,0,1024,0.9954682111367776,1938.01202166453,40.5225830078125,481.6141357421875,0.0,453.173095703125,18.8118896484375,420.55902099609375,62.0001220703125,449.00006103515625,1,0.0,0.0,-1,0.0,0.0,0.0296227037906646,0.001848232289948,0.830081086571838,1,False,0,0,0,0,moyen,30-45,0.0005035400390625,0.4712671933343418,0.2280626787694288,0.1832782658538165,0.3865538280527474,-0.0447844129156122,0.3505765688668876,Q4
val,P1269,19,val:P1269:19,bridge,8,0,303.0,29.0,24.0,27.784887313842773,10.29563045501709,33.11134196037203,1900.0,1341.0,1923.0,1356.0,1918.0,1365.0,1894.0,1351.0,4000,3620,GF,1.0,2.0925414364640883e-05,2.6987067411984587,P1269__x1024_y1024,0,1024,1024,1024,1.0,303.0,876.0,317.0,899.0,332.0,894.0,341.0,870.0,327.0,1,0.0,0.0,-1,125.0,0.1220703125,0.135986328125,0.000288963317871,1.3079832291447162,1,False,1,0,0,0,tres petit,30-45,0.0005035400390625,0.393053326065907,0.1881098717295604,0.2059941678297063,-0.50620277852536,0.0178842961001459,0.2184269728366112,Q4
val,P1269,2,val:P1269:2,storage-tank,2,0,1681.0,41.0,41.0,41.0,41.0,0.0,582.0,3111.0,623.0,3111.0,623.0,3152.0,582.0,3152.0,4000,3620,GF,1.0,0.0001160911602209,1.0,P1269__x0_y2596,1,0,2596,1024,1.0,1681.0,582.0,515.0,623.0,515.0,623.0,556.0,582.0,556.0,1,0.0,0.0,-1,401.0,0.3916015625,0.41162109375,0.0016031265258789,0.6931471805599453,15,False,0,0,0,0,moyen,0-15,0.0005035400390625,0.95,0.2364899567057407,0.1300385046083506,4.62334768201742,-0.10645145209739,-0.8567565934732998,Q1
val,P1269,20,val:P1269:20,bridge,8,0,920.0,40.0,46.0,41.18252182006836,22.360679626464844,60.255118703057775,1678.0,3095.0,1698.0,3106.0,1678.0,3141.0,1658.0,3131.0,4000,3620,GF,1.0,6.353591160220995e-05,1.841738377724756,P1269__x1024_y2596,1,1024,2596,1024,1.0,920.0,654.0,499.0,674.0,510.0,654.0,545.0,634.0,535.0,1,0.5952122807502747,0.5529605150222778,0,350.0,0.341796875,0.361328125,0.0008773803710937,1.0444159697460234,2,False,0,1,1,0,petit,60-75,0.0005035400390625,0.5292367135622439,0.187787632326345,0.1748256396969121,-1.7382714869607097,-0.0129619926294328,0.19250936726164342,Q4
val,P1269,22,val:P1269:22,bridge,8,0,1276.0,58.0,44.0,51.89412307739258,24.59674835205078,25.55996517182381,2589.0,3091.0,2635.0,3113.0,2624.0,3135.0,2577.0,3113.0,4000,3620,GF,1.0,8.812154696132597e-05,2.109796072823823,P1269__x2048_y2596,0,2048,2596,1024,1.0,1276.0,541.0,495.0,587.0,517.0,576.0,539.0,529.0,517.0,1,0.0,0.2570557594299316,0,437.0,0.4267578125,0.454833984375,0.0012168884277343,1.1345571526019569,2,False,0,0,0,0,moyen,15-30,0.0005035400390625,0.5083303981408259,0.2005262718848968,0.1704903865592976,0.3778117243835168,-0.0300358853255992,0.1543192220448006,Q4
val,P1269,23,val:P1269:23,bridge,8,0,1483.5,64.0,47.0,58.18075180053711,25.495098114013672,24.77514056883192,2571.0,3117.0,2623.0,3141.0,2612.0,3164.0,2559.0,3140.0,4000,3620,GF,1.0,0.0001024516574585,2.2820367876347727,P1269__x2048_y2596,1,2048,2596,1024,1.0,1483.5,523.0,521.0,575.0,545.0,564.0,568.0,511.0,544.0,1,0.0,0.0,-1,449.0,0.4384765625,0.46826171875,0.0014147758483886,1.1884642015126887,2,False,0,0,0,0,moyen,15-30,0.0005035400390625,0.4991521751456121,0.1862559347365882,0.1699639943144639,0.3555893486515352,-0.0162919404221242,0.14688694876326114,Q4
val,P1269,24,val:P1269:24,bridge,8,0,477.5,35.0,29.0,32.24903106689453,14.764822959899902,30.650667957052864,3122.0,2143.0,3149.0,2159.0,3142.0,2172.0,3114.0,2156.0,4000,3620,GF,1.0,3.297651933701657e-05,2.1841800036803938,P1269__x2976_y2048,0,2976,2048,1024,1.0,477.5,146.0,95.0,173.0,111.0,166.0,124.0,138.0,108.0,1,0.4746766686439514,0.6399555802345276,1,95.0,0.0927734375,0.10693359375,0.0004553794860839,1.1581948002033795,1,False,1,1,0,0,tres petit,30-45,0.0005035400390625,0.416493094223419,0.2067952296838051,0.1749980912908062,-0.4519675895192118,-0.0317971383929989,0.20173156699297856,Q4
val,P1269,25,val:P1269:25,bridge,8,0,1184.0,46.0,48.0,39.35733795166016,29.068883895874023,62.78388844269252,3423.0,1588.0,3449.0,1601.0,3431.0,1636.0,3403.0,1621.0,4000,3620,GF,1.0,8.176795580110498e-05,1.3539335769697871,P1269__x2976_y1024,0,2976,1024,1024,1.0,1184.0,447.0,564.0,473.0,577.0,455.0,612.0,427.0,597.0,1,0.6895033717155457,0.2647873759269714,3,412.0,0.40234375,0.42626953125,0.001129150390625,0.8560877913498255,2,False,0,1,1,1,moyen,60-75,0.0005035400390625,0.5879131508854681,0.2139788758768553,0.1727245901224571,-1.9486704671057344,-0.0412542857543982,0.2474306763559001,Q4
val,P1269,26,val:P1269:26,bridge,8,0,298.5,30.0,25.0,29.4108829498291,10.0,36.46923439005187,3369.0,1691.0,3392.0,1708.0,3386.0,1716.0,3362.0,1699.0,4000,3620,GF,1.0,2.0614640883977906e-05,2.9410882949829102,P1269__x2976_y1024,1,2976,1024,1024,1.0,298.5,393.0,667.0,416.0,684.0,410.0,692.0,386.0,675.0,1,0.0,0.5927243828773499,0,332.0,0.32421875,0.33642578125,0.0002846717834472,1.3714569021696883,2,False,1,0,0,0,tres petit,30-45,0.0005035400390625,0.4344778805969282,0.1837039877927219,0.1868236225607367,-0.4268760702010395,0.0031196347680148,0.18139584235867265,Q4
val,P1269,27,val:P1269:27,bridge,8,0,759.0,40.0,36.0,31.38471031188965,24.413110733032227,28.30075576600638,3302.0,3455.0,3328.0,3469.0,3315.0,3491.0,3288.0,3475.0,4000,3620,GF,1.0,5.241712707182321e-05,1.2855678514342082,P1269__x2976_y2596,0,2976,2596,1024,1.0,759.0,326.0,859.0,352.0,873.0,339.0,895.0,312.0,879.0,1,0.0,0.0,-1,129.0,0.1259765625,0.14404296875,0.0007238388061523,0.8266145061346845,2,False,0,0,0,0,petit,15-30,0.0005035400390625,0.5016986289946148,0.2125792066303185,0.1864662678297679,0.4004947709101682,-0.0261129388005506,0.3247493044474382,Q4
val,P1269,28,val:P1269:28,bridge,8,0,1084.0,51.0,43.0,43.90899658203125,24.698177337646484,30.068582821862453,3285.0,3478.0,3323.0,3500.0,3310.0,3521.0,3272.0,3499.0,4000,3620,GF,1.0,7.486187845303868e-05,1.777823358450927,P1269__x2976_y2596,1,2976,2596,1024,1.0,1084.0,309.0,882.0,347.0,904.0,334.0,925.0,296.0,903.0,1,0.0,0.0,-1,99.0,0.0966796875,0.11767578125,0.0010337829589843,1.0216676564396885,2,False,0,0,0,0,moyen,30-45,0.0005035400390625,0.4532920434848959,0.2062331269759403,0.1873991136237706,0.3583932146738096,-0.0188340133521696,0.2355614580723098,Q4
val,P1269,3,val:P1269:3,storage-tank,2,0,1680.0,40.0,42.0,42.0,40.0,90.0,559.0,3147.0,599.0,3147.0,599.0,3189.0,559.0,3189.0,4000,3620,GF,1.0,0.0001160220994475,1.05,P1269__x0_y2596,2,0,2596,1024,1.0,1680.0,559.0,551.0,599.0,551.0,599.0,593.0,559.0,593.0,1,0.0,0.0,-1,425.0,0.4150390625,0.4345703125,0.0016021728515625,0.7178397931503169,15,False,0,0,0,0,moyen,75-90,0.0005035400390625,0.95,0.3210064697427939,0.1528160001510809,6.25193892526416,-0.168190469591713,0.018695157020656727,Q4
val,P1269,31,val:P1269:31,storage-tank,2,0,1560.0,39.0,40.0,40.0,39.0,90.0,548.0,3089.0,587.0,3089.0,587.0,3129.0,548.0,3129.0,4000,3620,GF,1.0,0.0001077348066298,1.0256410256410255,P1269__x0_y2596,14,0,2596,1024,1.0,1560.0,548.0,493.0,587.0,493.0,587.0,533.0,548.0,533.0,1,0.0,0.0,-1,437.0,0.4267578125,0.44580078125,0.0014877319335937,0.705886206337375,15,False,0,0,0,0,moyen,75-90,0.0005035400390625,0.95,0.3210064697427939,0.1528160001510809,6.25193892526416,-0.168190469591713,0.018695157020656727,Q4
val,P1269,4,val:P1269:4,storage-tank,2,0,1640.0,41.0,40.0,41.0,40.0,0.0,521.0,3126.0,562.0,3126.0,562.0,3166.0,521.0,3166.0,4000,3620,GF,1.0,0.0001132596685082,1.025,P1269__x0_y2596,3,0,2596,1024,1.0,1640.0,521.0,530.0,562.0,530.0,562.0,570.0,521.0,570.0,1,0.0,0.0,-1,454.0,0.443359375,0.462890625,0.0015640258789062,0.7055697005585024,15,False,0,0,0,0,moyen,0-15,0.0005035400390625,0.95,0.2364899567057407,0.1300385046083506,4.62334768201742,-0.10645145209739,-0.8567565934732998,Q1
val,P1269,5,val:P1269:5,storage-tank,2,0,1640.0,40.0,41.0,41.0,40.0,90.0,502.0,3156.0,542.0,3156.0,542.0,3197.0,502.0,3197.0,4000,3620,GF,1.0,0.0001132596685082,1.025,P1269__x0_y2596,4,0,2596,1024,1.0,1640.0,502.0,560.0,542.0,560.0,542.0,601.0,502.0,601.0,1,0.0,0.0,-1,423.0,0.4130859375,0.43310546875,0.0015640258789062,0.7055697005585024,15,False,0,0,0,0,moyen,75-90,0.0005035400390625,0.95,0.3210064697427939,0.1528160001510809,6.25193892526416,-0.168190469591713,0.018695157020656727,Q4
val,P1269,6,val:P1269:6,storage-tank,2,0,1640.0,40.0,41.0,41.0,40.0,90.0,539.0,3179.0,579.0,3179.0,579.0,3220.0,539.0,3220.0,4000,3620,GF,1.0,0.0001132596685082,1.025,P1269__x0_y2596,5,0,2596,1024,1.0,1640.0,539.0,583.0,579.0,583.0,579.0,624.0,539.0,624.0,1,0.0,0.0,-1,400.0,0.390625,0.41064453125,0.0015640258789062,0.7055697005585024,15,False,0,0,0,0,moyen,75-90,0.0005035400390625,0.95,0.3210064697427939,0.1528160001510809,6.25193892526416,-0.168190469591713,0.018695157020656727,Q4
val,P1269,7,val:P1269:7,storage-tank,2,0,1640.0,40.0,41.0,41.0,40.0,90.0,478.0,3193.0,518.0,3193.0,518.0,3234.0,478.0,3234.0,4000,3620,GF,1.0,0.0001132596685082,1.025,P1269__x0_y2596,6,0,2596,1024,1.0,1640.0,478.0,597.0,518.0,597.0,518.0,638.0,478.0,638.0,1,0.0,0.0,-1,386.0,0.376953125,0.39697265625,0.0015640258789062,0.7055697005585024,15,False,0,0,0,0,moyen,75-90,0.0005035400390625,0.95,0.3210064697427939,0.1528160001510809,6.25193892526416,-0.168190469591713,0.016639353905253753,Q4
val,P1269,8,val:P1269:8,storage-tank,2,0,1681.0,41.0,41.0,41.0,41.0,0.0,515.0,3216.0,556.0,3216.0,556.0,3257.0,515.0,3257.0,4000,3620,GF,1.0,0.0001160911602209,1.0,P1269__x0_y2596,7,0,2596,1024,1.0,1681.0,515.0,620.0,556.0,620.0,556.0,661.0,515.0,661.0,1,0.0,0.0,-1,363.0,0.3544921875,0.37451171875,0.0016031265258789,0.6931471805599453,15,False,0,0,0,0,moyen,0-15,0.0005035400390625,0.95,0.2330282473322496,0.1300385046083506,4.55757520392109,-0.1029897427238989,-0.8567565934732998,Q1
val,P1269,9,val:P1269:9,storage-tank,2,0,1599.0,39.0,41.0,41.0,39.0,90.0,459.0,3225.0,498.0,3225.0,498.0,3266.0,459.0,3266.0,4000,3620,GF,1.0,0.0001104281767955,1.051282051282051,P1269__x0_y2596,8,0,2596,1024,1.0,1599.0,459.0,629.0,498.0,629.0,498.0,670.0,459.0,670.0,1,0.0,0.0,-1,354.0,0.345703125,0.36572265625,0.0015249252319335,0.7184649885442351,15,False,0,0,0,0,moyen,75-90,0.0005035400390625,0.95,0.3191378420691652,0.1528160001510809,6.216434999465213,-0.1663218419180842,0.030166859497238286,Q4
val,P1342,0,val:P1342:0,ground-track-field,6,1,23852.0,231.0,138.0,214.96511840820312,110.81967163085938,7.292058964582679,1479.0,1107.0,1690.0,1080.0,1710.0,1189.0,1497.0,1218.0,4000,4000,GF,1.0,0.00149075,1.9397740062274549,P1342__x1024_y1024,0,1024,1024,1024,1.0,23852.0,455.0,83.0,666.0,56.0,686.0,165.0,473.0,194.0,1,0.0,0.0,-1,56.0,0.0546875,0.12158203125,0.0227470397949218,1.0783327097659283,3,False,0,0,0,0,grand,0-15,0.0005035400390625,0.0769860775016343,0.1461776802720779,0.1191064948106191,0.1312987770158263,-0.0270711854614587,1.0,Q4
val,P1342,1,val:P1342:1,ship,1,0,749.0,56.0,20.0,55.44366455078125,13.03840446472168,6.225829064425767,1786.0,2391.0,1787.0,2405.0,1732.0,2411.0,1731.0,2398.0,4000,4000,GF,1.0,4.68125e-05,4.252335069125712,P1342__x1024_y2048,0,1024,2048,1024,1.0,749.0,762.0,343.0,763.0,357.0,708.0,363.0,707.0,350.0,1,0.0,0.0,-1,261.0,0.2548828125,0.2822265625,0.0007143020629882,1.6586727527919838,7,False,0,0,0,0,petit,0-15,0.0005035400390625,0.5455358668953947,0.1353037526565294,0.2977334487056796,0.4601512164081313,0.1624296960491501,1.0,Q4
val,P1342,11,val:P1342:11,bridge,8,0,1276.0,39.0,48.0,43.17406463623047,30.08321762084961,77.31961650818018,1862.0,138.0,1892.0,132.0,1901.0,172.0,1872.0,180.0,4000,4000,GF,1.0,7.975e-05,1.4351544831530274,P1342__x1024_y0,0,1024,0,1024,1.0,1276.0,838.0,138.0,868.0,132.0,877.0,172.0,848.0,180.0,1,0.7454207539558411,0.3497099280357361,2,132.0,0.12890625,0.15185546875,0.0012168884277343,0.8900101972954627,6,False,0,1,1,1,moyen,75-90,0.0005035400390625,0.4721182586051372,0.1490023447920927,0.0932258457749576,-1.6678755516558,-0.055776499017135,0.9922008718492948,Q4
val,P1342,12,val:P1342:12,ship,1,0,563.5,52.0,26.0,51.244510650634766,10.440306663513184,17.020525611519872,1850.0,2378.0,1846.0,2367.0,1895.0,2352.0,1898.0,2362.0,4000,4000,GF,1.0,3.521875e-05,4.908333854763504,P1342__x1024_y2048,1,1024,2048,1024,1.0,563.5,826.0,330.0,822.0,319.0,871.0,304.0,874.0,314.0,1,0.0,0.0,-1,150.0,0.146484375,0.171630859375,0.0005373954772949,1.7763638720034212,7,False,0,0,0,0,petit,15-30,0.0005035400390625,0.5429680495076091,0.1378579020403753,0.2993874937337378,0.4631669321284281,0.1615295916933624,1.0,Q4
val,P1342,13,val:P1342:13,ship,1,0,400.0,41.0,22.0,40.16217041015625,9.848857879638672,17.969139740157004,1882.0,2346.0,1885.0,2356.0,1848.0,2368.0,1844.0,2359.0,4000,4000,GF,1.0,2.5e-05,4.077850538709336,P1342__x1024_y2048,2,1024,2048,1024,1.0,400.0,858.0,298.0,861.0,308.0,824.0,320.0,820.0,311.0,1,0.0,0.0,-1,163.0,0.1591796875,0.178955078125,0.0003814697265625,1.6248880497475788,7,False,1,0,0,0,tres petit,15-30,0.0005035400390625,0.5899807941127488,0.1422192346121929,0.3019008031231642,-0.3520313654281447,0.1596815685109713,1.0,Q4
val,P1342,14,val:P1342:14,ship,1,0,784.5,55.0,34.0,54.230987548828125,14.764822959899902,22.61986494804043,1824.0,2366.0,1829.0,2380.0,1781.0,2400.0,1774.0,2387.0,4000,4000,GF,1.0,4.903125e-05,3.67298596780437,P1342__x1024_y2048,3,1024,2048,1024,1.0,784.5,800.0,318.0,805.0,332.0,757.0,352.0,750.0,339.0,1,0.0,0.0,-1,219.0,0.2138671875,0.240234375,0.0007481575012207,1.541798260889978,7,False,0,0,0,0,petit,15-30,0.0005035400390625,0.5992983969292514,0.1315088722525342,0.2939560456690263,0.4906436948297462,0.1624471734164921,1.0,Q4
val,P1342,16,val:P1342:16,bridge,8,0,585.0,24.0,40.0,39.051246643066406,15.132745742797852,76.67546873810922,1920.0,2331.0,1935.0,2328.0,1944.0,2366.0,1929.0,2368.0,4000,4000,GF,1.0,3.65625e-05,2.5805790506757256,P1342__x1024_y2048,4,1024,2048,1024,1.0,585.0,896.0,283.0,911.0,280.0,920.0,318.0,905.0,320.0,1,0.7637481093406677,0.769748866558075,0,104.0,0.1015625,0.11328125,0.0005578994750976,1.2755245333319412,7,False,0,1,1,1,petit,75-90,0.0005035400390625,0.3639990107996653,0.1475107810902574,0.0944354125417478,-1.3934651374097278,-0.0530753685485096,0.9832476608279502,Q4
val,P1342,17,val:P1342:17,bridge,8,0,1441.5,53.0,34.0,50.35871505737305,28.160255432128903,5.710593137499643,1364.0,1969.0,1414.0,1964.0,1417.0,1992.0,1367.0,1998.0,4000,4000,GF,1.0,9.009375e-05,1.7882904215391893,P1342__x1024_y1024,1,1024,1024,1024,1.0,1441.5,340.0,945.0,390.0,940.0,393.0,968.0,343.0,974.0,1,0.8068655729293823,0.6990614533424377,0,50.0,0.048828125,0.065673828125,0.0013747215270996,1.0254286558874683,3,False,0,1,1,1,moyen,0-15,0.0005035400390625,0.4271617020093795,0.1491843334698747,0.1253750274966754,-1.5090725460787977,-0.0238093059731993,0.9964647455141876,Q4
val,P1342,18,val:P1342:18,bridge,8,0,989.5,50.0,21.0,50.0099983215332,20.0,1.1457628381751022,1438.0,2658.0,1488.0,2657.0,1487.0,2677.0,1438.0,2678.0,4000,4000,GF,1.0,6.184375e-05,2.5004999160766603,P1342__x1024_y2048,5,1024,2048,1024,1.0,989.5,414.0,610.0,464.0,609.0,463.0,629.0,414.0,630.0,1,0.8094837665557861,0.5265465378761292,4,394.0,0.384765625,0.39501953125,0.0009436607360839,1.252905791460443,7,False,0,1,1,1,moyen,0-15,0.0005035400390625,0.2810257501697326,0.1249130168486959,0.1982570108644987,-1.143788585291302,0.0733439940158027,1.0,Q4
val,P1342,19,val:P1342:19,bridge,8,0,3126.5,89.0,41.0,87.14356231689453,36.055511474609375,3.2892426784918265,1412.0,3090.0,1499.0,3095.0,1496.0,3131.0,1410.0,3126.0,4000,4000,GF,1.0,0.00019540625,2.416927641652285,P1342__x1024_y2976,0,1024,2976,1024,1.0,3126.5,388.0,114.0,475.0,119.0,472.0,155.0,386.0,150.0,1,0.0,0.0,-1,114.0,0.111328125,0.13134765625,0.0029816627502441,1.2287417969219006,2,False,0,0,0,0,grand,0-15,0.0005035400390625,0.340909419587691,0.1470272794138807,0.1234959610897343,0.1995446651346135,-0.0235313183241463,0.9877790135549054,Q4
val,P1342,20,val:P1342:20,bridge,8,0,164.0,14.0,17.0,16.492422103881836,10.049875259399414,75.96375653207353,1169.0,3212.0,1179.0,3211.0,1183.0,3227.0,1173.0,3228.0,4000,4000,GF,1.0,1.025e-05,1.641057394066345,P1342__x1024_y2976,1,1024,2976,1024,1.0,164.0,145.0,236.0,155.0,235.0,159.0,251.0,149.0,252.0,1,0.627194344997406,0.2725750505924225,0,145.0,0.1416015625,0.1484375,0.0001564025878906,0.9711793650237084,2,False,1,1,1,1,tres petit,75-90,0.0005035400390625,0.4312699719968215,0.1708545220981964,0.1171970566676688,1.9933270237627927,-0.0536574654305276,0.9871102339632839,Q4
val,P1342,21,val:P1342:21,bridge,8,0,261.0,18.0,22.0,19.64688301086425,13.928388595581056,75.25643716352927,757.0,3310.0,770.0,3305.0,775.0,3324.0,761.0,3327.0,4000,4000,GF,1.0,1.63125e-05,1.41056396266094,P1342__x0_y2976,0,0,2976,1024,1.0,261.0,757.0,334.0,770.0,329.0,775.0,348.0,761.0,351.0,1,0.0,0.0,-1,249.0,0.2431640625,0.252197265625,0.000248908996582,0.8798607295295138,3,False,1,0,0,0,tres petit,75-90,0.0005035400390625,0.4332490497362543,0.152975441511043,0.1469977018573397,-0.3452691978734649,-0.0059777396537032,1.0,Q4
val,P1342,22,val:P1342:22,bridge,8,0,162.0,21.0,13.0,19.64688301086425,8.246211051940918,14.743562836470744,356.0,3469.0,375.0,3464.0,377.0,3472.0,358.0,3477.0,4000,4000,GF,1.0,1.0125e-05,2.382534583108924,P1342__x0_y2976,1,0,2976,1024,1.0,162.0,356.0,493.0,375.0,488.0,377.0,496.0,358.0,501.0,1,0.0,0.0,-1,356.0,0.34765625,0.35791015625,0.0001544952392578,1.2186253051373468,3,False,1,0,0,0,tres petit,0-15,0.0005035400390625,0.2894992785119278,0.1260268739916518,0.2062845606955374,-0.6322987029212381,0.0802576867038855,1.0,Q4
val,P1342,23,val:P1342:23,bridge,8,0,208.5,21.0,13.0,20.2237491607666,10.198039054870604,8.530765609948133,238.0,2969.0,258.0,2966.0,259.0,2977.0,240.0,2979.0,4000,4000,GF,1.0,1.303125e-05,1.983101756323212,P1342__x0_y2048,0,0,2048,1024,1.0,208.5,238.0,921.0,258.0,918.0,259.0,929.0,240.0,931.0,1,0.5693731904029846,0.355319082736969,0,93.0,0.0908203125,0.096923828125,0.0001988410949707,1.0929636170269768,3,False,1,1,1,0,tres petit,0-15,0.0005035400390625,0.3969371742616358,0.1489400120288075,0.1189822221779708,2.189581812255864,-0.0299577898508367,1.0,Q4
val,P1342,24,val:P1342:24,bridge,8,0,1662.0,38.0,49.0,47.04253387451172,36.055511474609375,87.4551956201869,55.0,2520.0,91.0,2518.0,93.0,2563.0,57.0,2567.0,4000,4000,GF,1.0,0.000103875,1.3047251848760906,P1342__x0_y2048,1,0,2048,1024,1.0,1662.0,55.0,472.0,91.0,470.0,93.0,515.0,57.0,519.0,1,0.0,0.0,-1,55.0,0.0537109375,0.072265625,0.0015850067138671,0.8349614436903829,3,False,0,0,0,0,moyen,75-90,0.0005035400390625,0.5053719529712959,0.2759552897254151,0.2034930924950624,0.4854424573542689,-0.0724621972303526,0.8503985306539228,Q4
val,P1342,25,val:P1342:25,bridge,8,0,824.0,34.0,43.0,39.924930572509766,19.92485809326172,67.9321004375898,1078.0,2430.0,1097.0,2424.0,1112.0,2461.0,1091.0,2467.0,4000,4000,GF,1.0,5.15e-05,2.00377490196589,P1342__x1024_y2048,6,1024,2048,1024,1.0,824.0,54.0,382.0,73.0,376.0,88.0,413.0,67.0,419.0,1,0.7237098813056946,0.3938315808773041,6,54.0,0.052734375,0.06884765625,0.0007858276367187,1.0998697983266084,7,False,0,1,1,1,petit,60-75,0.0005035400390625,0.4305104391421853,0.1569995547741965,0.0755894717165027,-1.5616838284728036,-0.0814100830576937,0.9915025737566604,Q4
val,P1342,26,val:P1342:26,bridge,8,0,1557.0,48.0,48.0,40.52159881591797,38.07886505126953,75.6186054089094,1266.0,1455.0,1304.0,1446.0,1314.0,1485.0,1277.0,1494.0,4000,4000,GF,1.0,9.73125e-05,1.0641493322177416,P1342__x1024_y1024,2,1024,1024,1024,1.0,1557.0,242.0,431.0,280.0,422.0,290.0,461.0,253.0,470.0,1,0.0,0.5691079497337341,1,242.0,0.236328125,0.260009765625,0.0014848709106445,0.7247181958828063,3,False,0,0,0,0,moyen,75-90,0.0005035400390625,0.4816839393827699,0.1570379802573736,0.1528762828901806,0.2988155633998512,-0.0041616973671929,1.0,Q4
val,P1342,27,val:P1342:27,bridge,8,0,1570.0,48.0,47.0,42.44997024536133,36.67424011230469,13.7069610040798,1131.0,527.0,1172.0,517.0,1179.0,553.0,1138.0,564.0,4000,4000,GF,1.0,9.8125e-05,1.1574873839340656,P1342__x1024_y0,1,1024,0,1024,1.0,1570.0,107.0,527.0,148.0,517.0,155.0,553.0,114.0,564.0,1,0.794731080532074,0.3496691286563873,3,107.0,0.1044921875,0.1279296875,0.0014972686767578,0.7689442964190979,6,False,0,1,1,1,moyen,0-15,0.0005035400390625,0.5053318849711561,0.1335199083025335,0.0961041887775742,-1.789054981026466,-0.0374157195249593,0.9677454265819992,Q4
val,P1342,30,val:P1342:30,ground-track-field,6,0,9904.0,124.0,163.0,147.59742736816406,67.08203887939453,63.96219571458935,179.0,385.0,239.0,355.0,303.0,486.0,243.0,518.0,4000,4000,GF,1.0,0.000619,2.2002525539440825,P1342__x0_y0,0,0,0,1024,1.0,9904.0,179.0,385.0,239.0,355.0,303.0,486.0,243.0,518.0,1,0.0,0.0,-1,179.0,0.1748046875,0.2353515625,0.0094451904296875,1.163229729798942,1,False,0,0,0,0,grand,60-75,0.0005035400390625,0.0620449167387372,0.1742420472619731,0.1216050115310342,0.1331309721102627,-0.0526370357309388,1.0,Q4
val,P1342,33,val:P1342:33,ground-track-field,6,0,12348.5,103.0,159.0,145.99314880371094,82.20097351074219,81.31364541876334,1821.0,646.0,1902.0,632.0,1924.0,776.0,1838.0,791.0,4000,4000,GF,1.0,0.00077178125,1.776051335750084,P1342__x1024_y0,2,1024,0,1024,1.0,12348.5,797.0,646.0,878.0,632.0,900.0,776.0,814.0,791.0,1,0.0,0.4478638470172882,1,124.0,0.12109375,0.172607421875,0.0117764472961425,1.0210295351789318,6,False,0,0,0,0,grand,75-90,0.0005035400390625,0.0862682942418162,0.1573962753356709,0.0744162189795335,0.089276498104856,-0.0829800563561373,0.9661980943652033,Q4
val,P1342,34,val:P1342:34,soccer-ball-field,13,0,3227.0,78.0,63.0,69.37578582763672,46.57252502441406,15.037815903582242,1970.0,372.0,2037.0,354.0,2048.0,400.0,1982.0,417.0,4000,4000,GF,1.0,0.0002016875,1.489629041828177,P1342__x1024_y0,3,1024,0,1024,1.0,3227.0,946.0,372.0,1013.0,354.0,1024.0,400.0,958.0,417.0,1,0.0,0.0,-1,0.0,0.0,0.037841796875,0.0030775070190429,0.912133720192644,6,False,0,0,0,0,grand,15-30,0.0005035400390625,0.1684369700527501,0.1501467493824554,0.0991060863684648,0.1295190107271327,-0.0510406630139906,0.994434984903866,Q4
val,P1342,35,val:P1342:35,ground-track-field,6,0,26320.0,248.0,175.0,216.96543884277344,117.74549102783205,14.688786773318384,567.0,2253.0,773.0,2199.0,815.0,2309.0,608.0,2374.0,4000,4000,GF,1.0,0.001645,1.842664521153412,P1342__x0_y2048,2,0,2048,1024,1.0,26320.0,567.0,205.0,773.0,151.0,815.0,261.0,608.0,326.0,1,0.0,0.0,-1,151.0,0.1474609375,0.230224609375,0.0251007080078125,1.0447418240013695,3,False,0,0,0,0,grand,0-15,0.0005035400390625,0.0713478080295406,0.1418144135515331,0.1193063406602672,0.1302018596084619,-0.0225080728912658,1.0,Q4
val,P1342,41,val:P1342:41,bridge,8,0,453.0,21.0,26.0,26.172504425048828,18.0,83.418055344822,2658.0,1863.0,2676.0,1861.0,2679.0,1887.0,2661.0,1887.0,4000,4000,GF,1.0,2.83125e-05,1.454028023613824,P1342__x2048_y1024,1,2048,1024,1024,1.0,453.0,610.0,839.0,628.0,837.0,631.0,863.0,613.0,863.0,1,0.0,0.0,-1,161.0,0.1572265625,0.16943359375,0.000432014465332,0.8977307657890524,3,False,1,0,0,0,tres petit,75-90,0.0005035400390625,0.4541988724591271,0.2624638980176597,0.1410605773266651,-0.4319733944627189,-0.1214033206909946,0.9502407066400826,Q4
val,P1342,42,val:P1342:42,bridge,8,0,327.0,24.0,22.0,20.24845695495605,15.81138801574707,20.224859431168085,2247.0,2469.0,2266.0,2462.0,2271.0,2478.0,2252.0,2484.0,4000,4000,GF,1.0,2.04375e-05,1.2806248847216932,P1342__x2048_y2048,2,2048,2048,1024,1.0,327.0,199.0,421.0,218.0,414.0,223.0,430.0,204.0,436.0,1,0.0,0.0,-1,199.0,0.1943359375,0.2060546875,0.0003118515014648,0.8244494776617689,3,False,1,0,0,0,tres petit,15-30,0.0005035400390625,0.4532692287467951,0.1420654631464264,0.1429616474155119,-0.3145049909017379,0.0008961842690854,1.0,Q4
val,P1342,43,val:P1342:43,bridge,8,0,636.0,38.0,24.0,34.525352478027344,18.439088821411133,10.007979801441335,2957.0,1032.0,2991.0,1026.0,2995.0,1044.0,2961.0,1050.0,4000,4000,GF,1.0,3.975e-05,1.8724001393136704,P1342__x2048_y1024,2,2048,1024,1024,1.0,636.0,909.0,8.0,943.0,2.0,947.0,20.0,913.0,26.0,1,0.0,0.0,-1,2.0,0.001953125,0.013671875,0.0006065368652343,1.0551479657548148,3,False,0,0,0,0,petit,0-15,0.0005035400390625,0.4340822064337029,0.1461046485022006,0.1262580835488119,0.2383263537341105,-0.0198465649533886,0.987462851859205,Q4
val,P1342,54,val:P1342:54,bridge,8,0,384.0,20.0,30.0,27.892650604248047,13.34166431427002,77.47119229084849,334.0,3370.0,348.0,3367.0,354.0,3394.0,341.0,3397.0,4000,4000,GF,1.0,2.4e-05,2.0906425125997616,P1342__x0_y2976,2,0,2976,1024,1.0,384.0,334.0,394.0,348.0,391.0,354.0,418.0,341.0,421.0,1,0.0,0.0,-1,334.0,0.326171875,0.336181640625,0.0003662109375,1.1283790021747908,3,False,1,0,0,0,tres petit,75-90,0.0005035400390625,0.3324572784086663,0.1590144776126898,0.1840484600710488,-0.5285663506491359,0.025033982458359,1.0,Q4
val,P1342,55,val:P1342:55,bridge,8,0,1222.0,37.0,44.0,40.60787963867188,30.5941162109375,81.02737338510362,2771.0,44.0,2802.0,40.0,2808.0,78.0,2778.0,84.0,4000,4000,GF,1.0,7.6375e-05,1.3273101062535162,P1342__x2048_y0,0,2048,0,1024,1.0,1222.0,723.0,44.0,754.0,40.0,760.0,78.0,730.0,84.0,1,0.7651714086532593,0.3064457774162292,0,40.0,0.0390625,0.06005859375,0.0011653900146484,0.844713139838973,1,False,0,1,1,1,moyen,75-90,0.0005035400390625,0.4968543477638718,0.2010247642472136,0.144793833764921,-1.6441910613149928,-0.0562309304822925,0.9337269268303644,Q4
val,P1342,56,val:P1342:56,bridge,8,0,1302.0,42.0,40.0,38.63935852050781,33.37664031982422,10.437475351118168,1372.0,175.0,1410.0,168.0,1414.0,203.0,1377.0,208.0,4000,4000,GF,1.0,8.1375e-05,1.15767669095076,P1342__x1024_y0,4,1024,0,1024,1.0,1302.0,348.0,175.0,386.0,168.0,390.0,203.0,353.0,208.0,1,0.0,0.5496153831481934,0,168.0,0.1640625,0.18408203125,0.0012416839599609,0.7690320367754462,6,False,0,0,0,0,moyen,0-15,0.0005035400390625,0.4874095842019439,0.1292085638360879,0.0984428205411673,0.2213040571810053,-0.0307657432949205,0.9632063825450115,Q4
val,P1342,58,val:P1342:58,bridge,8,0,2178.5,63.0,51.0,55.31726837158203,39.051246643066406,12.528807709151522,1119.0,57.0,1173.0,45.0,1182.0,83.0,1129.0,96.0,4000,4000,GF,1.0,0.00013615625,1.4165301527295462,P1342__x1024_y0,5,1024,0,1024,1.0,2178.5,95.0,57.0,149.0,45.0,158.0,83.0,105.0,96.0,1,0.6470807194709778,0.3050222992897033,4,45.0,0.0439453125,0.068603515625,0.002077579498291,0.8823326900772318,6,False,0,1,1,1,moyen,0-15,0.0005035400390625,0.4858505057863426,0.1414277571298536,0.0970932382882741,-1.7142228539127844,-0.0443345188415794,1.0,Q4
val,P1342,6,val:P1342:6,bridge,8,0,188.5,19.0,23.0,21.63330841064453,8.602325439453125,54.78240703180728,3050.0,2965.0,3057.0,2971.0,3045.0,2988.0,3038.0,2983.0,4000,4000,GF,1.0,1.178125e-05,2.514820970551403,P1342__x2976_y2048,0,2976,2048,1024,1.0,188.5,74.0,917.0,81.0,923.0,69.0,940.0,62.0,935.0,2,0.4407203793525696,0.6872859597206116,0,62.0,0.060546875,0.06982421875,0.0001797676086425,1.256988590978701,1,False,1,1,0,0,tres petit,45-60,0.0005035400390625,0.3563638012803872,0.1712841253583565,0.1371043314571703,-0.4189111582108192,-0.0341797939011861,0.9771137250009324,Q4
val,P1342,7,val:P1342:7,bridge,8,1,133.5,17.0,16.0,14.21267032623291,9.219544410705566,39.28940686250036,2790.0,1723.0,2801.0,1732.0,2795.0,1739.0,2784.0,1731.0,4000,4000,GF,1.0,8.34375e-06,1.5415805481374347,P1342__x2048_y1024,0,2048,1024,1024,1.0,133.5,742.0,699.0,753.0,708.0,747.0,715.0,736.0,707.0,1,0.0,0.0,-1,271.0,0.2646484375,0.27294921875,0.0001273155212402,0.9327861505513084,3,False,1,0,0,0,tres petit,30-45,0.0005035400390625,0.402417311860567,0.1288271610511135,0.1279854154769967,-0.3188832703913747,-0.0008417455741167,1.0,Q4
val,P1342,8,val:P1342:8,bridge,8,0,384.0,27.0,26.0,21.470911026000977,17.464248657226562,58.57043438516149,2822.0,2875.0,2839.0,2883.0,2828.0,2901.0,2812.0,2894.0,4000,4000,GF,1.0,2.4e-05,1.229420826937006,P1342__x2048_y2048,1,2048,2048,1024,1.0,384.0,774.0,827.0,791.0,835.0,780.0,853.0,764.0,846.0,1,0.0,0.7931640148162842,0,171.0,0.1669921875,0.179443359375,0.0003662109375,0.8017418328769137,3,False,1,0,0,0,tres petit,45-60,0.0005035400390625,0.477202117193446,0.1688389045259528,0.1523979291000395,-0.3357981693887834,-0.0164409754259133,1.0,Q4
val,P1376,0,val:P1376:0,plane,0,0,13180.5,143.0,135.0,121.27654266357422,111.40017700195312,13.348727113287367,2366.0,4658.0,2248.0,4630.0,2282.0,4523.0,2391.0,4546.0,4731,5148,GoogleEarth,0.27007553646,0.0005411783312861,1.0886566424526232,P1376__x2048_y4096,0,2048,4096,1024,1.0,13180.5,318.0,562.0,200.0,534.0,234.0,427.0,343.0,450.0,2,0.8815814852714539,0.9945205450057985,0,200.0,0.1953125,0.267333984375,0.0125699043273925,0.7365211045139338,1,False,0,1,1,1,grand,0-15,0.0005035400390625,0.1551843634723693,0.5674905601495215,0.1013443840324436,-0.9781033667157072,-0.4661461761170778,-0.3170314757655478,Q2
val,P1376,1,val:P1376:1,plane,0,0,9916.0,139.0,138.0,102.4158172607422,95.96353149414062,36.28526712513883,2620.0,3307.0,2541.0,3249.0,2594.0,3169.0,2680.0,3224.0,4731,5148,GoogleEarth,0.27007553646,0.0004071411807619,1.067236852022224,P1376__x2048_y3072,0,2048,3072,1024,1.0,9916.0,572.0,235.0,493.0,177.0,546.0,97.0,632.0,152.0,1,0.7260170578956604,0.864218533039093,3,97.0,0.0947265625,0.161376953125,0.0094566345214843,0.7262128614703808,4,False,0,1,1,1,grand,30-45,0.0005035400390625,0.1846215385041287,0.6233473383801442,0.0913192529342255,-0.9939640813132352,-0.5320280854459187,0.6110494702780505,Q4
val,P1376,10,val:P1376:10,plane,0,0,60054.0,303.0,296.0,250.40966796875,236.01907348632807,13.7015104923465,1832.0,2076.0,1894.0,2313.0,1652.0,2372.0,1591.0,2144.0,4731,5148,GoogleEarth,0.27007553646,0.0024657580142678,1.0609721675026214,P1376__x1024_y2048,1,1024,2048,1024,1.0,60054.0,808.0,28.0,870.0,265.0,628.0,324.0,567.0,96.0,1,0.8206082582473755,0.936600387096405,0,28.0,0.02734375,0.174072265625,0.0572719573974609,0.7231777974515968,2,False,0,1,1,1,grand,0-15,0.0005035400390625,0.1754863310877713,0.5621220135376823,0.0976588892811756,-0.9955373841168738,-0.4644631242565066,0.07552740232708163,Q4
val,P1376,11,val:P1376:11,plane,0,0,13787.0,130.0,136.0,117.83463287353516,116.8417739868164,9.30205471129882,3135.0,1364.0,3149.0,1248.0,3265.0,1267.0,3251.0,1384.0,4731,5148,GoogleEarth,0.27007553646,0.000566080623151,1.008497465014788,P1376__x3072_y1024,0,3072,1024,1024,1.0,13787.0,63.0,340.0,77.0,224.0,193.0,243.0,179.0,360.0,1,0.8803008794784546,0.6597211360931396,0,63.0,0.0615234375,0.125,0.0131483078002929,0.6973869126878437,1,False,0,1,1,1,grand,0-15,0.0005035400390625,0.1865934525939725,0.5595414969508354,0.1005485264842081,-1.000491566038297,-0.4589929704666272,0.3276858221348528,Q4
val,P1376,12,val:P1376:12,plane,0,0,21020.0,199.0,211.0,150.814453125,136.48809814453125,50.68370633538447,2909.0,1496.0,3007.0,1591.0,2912.0,1707.0,2808.0,1608.0,4731,5148,GoogleEarth,0.27007553646,0.0008630604699089,1.104964133688039,P1376__x2048_y1024,0,2048,1024,1024,1.0,21020.0,861.0,472.0,959.0,567.0,864.0,683.0,760.0,584.0,1,0.7594411373138428,0.3269878625869751,3,65.0,0.0634765625,0.1591796875,0.0200462341308593,0.7442984283611757,3,False,0,1,1,1,grand,45-60,0.0005035400390625,0.1810734025050939,0.6813878916697023,0.1006417660220773,-0.9698067683290704,-0.5807461256476248,0.14402182121628276,Q4
val,P1376,13,val:P1376:13,plane,0,0,42027.5,229.0,232.0,211.44265747070312,192.62918090820312,6.613460482314764,2640.0,1364.0,2847.0,1340.0,2869.0,1547.0,2678.0,1572.0,4731,5148,GoogleEarth,0.27007553646,0.0017256077021454,1.097666804550581,P1376__x2048_y1024,1,2048,1024,1024,1.0,42027.5,592.0,340.0,799.0,316.0,821.0,523.0,630.0,548.0,1,0.7892452478408813,0.95847886800766,1,203.0,0.1982421875,0.30615234375,0.0400805473327636,0.7408256816087272,3,False,0,1,1,1,grand,0-15,0.0005035400390625,0.1514720787313217,0.5745916392811332,0.1344389820344632,-0.9415013460238366,-0.4401526572466699,0.23063923985617582,Q4
val,P1376,14,val:P1376:14,plane,0,0,19584.0,148.0,160.0,146.66969299316406,135.20355224609375,84.52263127117112,2428.0,1112.0,2562.0,1094.0,2576.0,1240.0,2441.0,1254.0,4731,5148,GoogleEarth,0.27007553646,0.0008040997261035,1.0848065051293916,P1376__x2048_y1024,2,2048,1024,1024,1.0,19584.0,380.0,88.0,514.0,70.0,528.0,216.0,393.0,230.0,1,0.9006953835487366,0.9700042009353638,0,70.0,0.068359375,0.1474609375,0.0186767578125,0.7346760476490167,3,False,0,1,1,1,grand,75-90,0.0005035400390625,0.1896456067921531,0.6738105146613381,0.1051738003151206,-0.9711636680749643,-0.5686367143462174,-0.08493074649299909,Q4
val,P1376,2,val:P1376:2,plane,0,0,10348.0,136.0,149.0,105.68348693847656,95.41488647460938,42.23614262908743,2536.0,3235.0,2460.0,3166.0,2512.0,3086.0,2596.0,3148.0,4731,5148,GoogleEarth,0.27007553646,0.0004248786747201,1.107620528025255,P1376__x2048_y3072,1,2048,3072,1024,1.0,10348.0,488.0,163.0,412.0,94.0,464.0,14.0,548.0,76.0,1,0.7474161386489868,0.9431761503219604,1,14.0,0.013671875,0.084716796875,0.0098686218261718,0.7455595993061556,4,False,0,1,1,1,grand,30-45,0.0005035400390625,0.1959478036153732,0.6635654444135861,0.0973620825291287,-0.9846271372303516,-0.5662033618844574,0.07513471313996119,Q4
val,P1376,3,val:P1376:3,plane,0,0,12487.5,150.0,166.0,123.8466796875,102.53292083740234,51.55694649816338,2474.0,3334.0,2547.0,3262.0,2624.0,3359.0,2544.0,3428.0,4731,5148,GoogleEarth,0.27007553646,0.0005127244347282,1.2078723465207553,P1376__x2048_y3072,2,2048,3072,1024,1.0,12487.5,426.0,262.0,499.0,190.0,576.0,287.0,496.0,356.0,1,0.6891183257102966,0.974755883216858,0,190.0,0.185546875,0.267333984375,0.011909008026123,0.7920293126678059,4,False,0,1,1,1,grand,45-60,0.0005035400390625,0.1559931376354096,0.7211157149496542,0.097125068375653,-0.9544195772926648,-0.6239906465740012,0.1788674400968285,Q4
val,P1376,4,val:P1376:4,plane,0,0,12886.5,153.0,166.0,118.4609603881836,107.93516540527344,54.96835617047384,2390.0,3408.0,2475.0,3336.0,2543.0,3433.0,2460.0,3502.0,4731,5148,GoogleEarth,0.27007553646,0.0005291069812312,1.097519607658802,P1376__x2048_y3072,3,2048,3072,1024,1.0,12886.5,342.0,336.0,427.0,264.0,495.0,361.0,412.0,430.0,1,0.7113173007965088,0.9018707275390624,2,264.0,0.2578125,0.339599609375,0.0122895240783691,0.7407555074246142,4,False,0,1,1,1,grand,45-60,0.0005035400390625,0.1536606902819216,0.6916074030890735,0.1518338862920176,-0.9041576277201964,-0.5397735167970559,0.2974290757470309,Q4
val,P1376,5,val:P1376:5,plane,0,0,51487.5,327.0,313.0,239.94374084472656,214.767318725586,42.46323826184002,2313.0,3157.0,2148.0,3006.0,2289.0,2844.0,2475.0,2980.0,4731,5148,GoogleEarth,0.27007553646,0.0021140259726182,1.1172265047984755,P1376__x2048_y2048,0,2048,2048,1024,0.8591156075503763,40127.65964490175,271.580078125,1024.0,98.40087890625,959.837646484375,253.82080078125,781.269775390625,427.0,931.999755859375,1,0.6292890310287476,0.9167689085006714,2,0.0,0.0,0.0973859429359436,0.0382687183808343,0.7501069797210289,2,False,0,1,1,1,grand,30-45,0.0005035400390625,0.1879151729059919,0.6694774371531546,0.0990241983312584,-0.977458211479246,-0.5704532388218961,-0.44938878891121675,Q1
val,P1376,6,val:P1376:6,plane,0,0,13368.0,160.0,167.0,122.34786224365234,108.90362548828124,51.02753029552128,2148.0,2879.0,2072.0,2801.0,2144.0,2712.0,2232.0,2797.0,4731,5148,GoogleEarth,0.27007553646,0.0005488768963721,1.123450773058219,P1376__x2048_y2048,1,2048,2048,1024,1.0,13368.0,100.0,831.0,24.0,753.0,96.0,664.0,184.0,749.0,1,0.6917566061019897,0.9653311371803284,1,24.0,0.0234375,0.0986328125,0.0127487182617187,0.7530424885190679,2,False,0,1,1,1,grand,45-60,0.0005035400390625,0.188240975990695,0.6754247901386342,0.1009880957572274,-0.9742785196786212,-0.5744366943814068,-0.4373860566765161,Q1
val,P1376,7,val:P1376:7,plane,0,0,54748.5,339.0,323.0,237.62576293945312,229.89779663085932,43.97696981133217,1526.0,1911.0,1359.0,1753.0,1530.0,1588.0,1698.0,1753.0,4731,5148,GoogleEarth,0.27007553646,0.0022479194165941,1.0336147906671864,P1376__x1024_y1024,0,1024,1024,1024,1.0,54748.5,502.0,887.0,335.0,729.0,506.0,564.0,674.0,729.0,1,0.6977640986442566,0.4976494610309601,0,137.0,0.1337890625,0.289794921875,0.0522122383117675,0.7098148945713646,2,False,0,1,1,1,grand,30-45,0.0005035400390625,0.1618402134509179,0.6876780500988228,0.1309607408670652,-0.9293454821808398,-0.5567173092317576,0.41070858376398517,Q4
val,P1376,8,val:P1376:8,plane,0,0,49659.5,309.0,321.0,225.57704162597656,220.1658477783203,44.46118410211725,1733.0,2112.0,1572.0,1954.0,1720.0,1791.0,1881.0,1944.0,4731,5148,GoogleEarth,0.27007553646,0.0020389700954063,1.024577807603951,P1376__x1024_y1024,1,1024,1024,1024,0.9216449175132654,40906.71132236719,710.4342041015625,1024.0,544.5015869140625,933.853271484375,696.0001220703125,767.000244140625,861.9327392578125,917.662841796875,1,0.6254572868347168,0.258936733007431,1,0.0,0.0,0.1107137799263,0.0390116799567863,0.705361188749303,2,False,0,1,1,1,grand,30-45,0.0005035400390625,0.1947917495148037,0.6702591836265817,0.1001968846233941,-0.9795722812651994,-0.5700622990031875,0.2926688722142278,Q4
val,P1376,9,val:P1376:9,plane,0,0,51733.0,241.0,242.0,237.92855834960932,220.3270263671875,84.57190281388927,1751.0,2231.0,1772.0,2010.0,1992.0,2022.0,1988.0,2252.0,4731,5148,GoogleEarth,0.27007553646,0.0021241059605041,1.0798882110499142,P1376__x1024_y2048,0,1024,2048,1024,0.8627041431484739,47925.566055476665,964.000244140625,204.000244140625,726.706787109375,199.873291015625,730.254638671875,0.0,967.548095703125,0.000244140625,1,0.816866934299469,0.2891131937503814,2,0.0,0.0,0.0986019968986511,0.0457053814463392,0.7323141475813879,2,False,0,1,1,1,grand,75-90,0.0005035400390625,0.1970838345413721,0.6705565484416777,0.1133230697228438,-0.9675421332595522,-0.5572334787188339,-0.5416353500856708,Q1
val,P1384,0,val:P1384:0,swimming-pool,14,0,580.0,29.0,20.0,29.0,20.0,0.0,1813.0,3702.0,1842.0,3702.0,1842.0,3722.0,1813.0,3722.0,5864,5635,GoogleEarth,0.5202625011,1.7552545663855433e-05,1.45,P1384__x1024_y3072,0,1024,3072,1024,1.0,580.0,789.0,630.0,818.0,630.0,818.0,650.0,789.0,650.0,1,0.0,0.0,-1,206.0,0.201171875,0.21533203125,0.0005531311035156,0.8960880245566356,13,False,0,0,0,0,petit,0-15,0.0005035400390625,0.3695221980792608,0.2141701927436448,0.0894077597531941,0.214932623823888,-0.1247624329904506,-1.0,Q1
val,P1384,103,val:P1384:103,swimming-pool,14,1,71.5,8.0,13.0,13.34166431427002,5.0,81.25383773744478,164.0,521.0,169.0,521.0,167.0,534.0,161.0,534.0,5864,5635,GoogleEarth,0.5202625011,2.163805198216661e-06,2.668332862854004,P1384__x0_y0,1,0,0,1024,1.0,71.5,164.0,521.0,169.0,521.0,167.0,534.0,161.0,534.0,1,0.0,0.0,-1,161.0,0.1572265625,0.161376953125,6.818771362304688e-05,1.2997372980560602,12,False,1,0,0,0,tres petit,75-90,0.0005035400390625,0.3230182545474094,0.2431820087275946,0.1238740801761314,-0.5027973395437154,-0.1193079285514631,-0.015782112263277834,Q4
val,P1384,104,val:P1384:104,swimming-pool,14,0,157.0,17.0,19.0,17.20465087890625,8.602325439453125,60.25511870305778,433.0,724.0,442.0,719.0,450.0,733.0,443.0,738.0,5864,5635,GoogleEarth,0.5202625011,4.751292533147074e-06,2.0,P1384__x0_y0,2,0,0,1024,1.0,157.0,433.0,724.0,442.0,719.0,450.0,733.0,443.0,738.0,1,0.0,0.0,-1,286.0,0.279296875,0.28857421875,0.0001497268676757,1.0986122886681098,12,False,1,0,0,0,tres petit,60-75,0.0005035400390625,0.3789427829809867,0.1925532274535096,0.0697965781966759,-0.3069442926989782,-0.1227566492568337,-0.041619804866908715,Q4
val,P1384,105,val:P1384:105,swimming-pool,14,0,134.0,18.0,11.0,16.278820037841797,8.246211051940918,10.619655276155134,350.0,736.0,366.0,739.0,364.0,747.0,348.0,744.0,5864,5635,GoogleEarth,0.5202625011,4.055243308545911e-06,1.9740969440759384,P1384__x0_y0,3,0,0,1024,1.0,134.0,350.0,736.0,366.0,739.0,364.0,747.0,348.0,744.0,1,0.0,0.0,-1,277.0,0.2705078125,0.27587890625,0.0001277923583984,1.0899404447077414,12,False,1,0,0,0,tres petit,0-15,0.0005035400390625,0.3460168638929391,0.1976523077895335,0.0784589420345936,-0.3459422621869634,-0.1191933657549399,-0.12935918683643852,Q4
val,P1384,106,val:P1384:106,swimming-pool,14,0,120.0,10.0,17.0,16.278820037841797,7.280109882354736,79.38034472384486,614.0,683.0,622.0,684.0,619.0,700.0,612.0,698.0,5864,5635,GoogleEarth,0.5202625011,3.631561171832159e-06,2.2360679029444053,P1384__x0_y0,4,0,0,1024,1.0,120.0,614.0,683.0,622.0,684.0,619.0,700.0,612.0,698.0,1,0.0,0.0,-1,324.0,0.31640625,0.324951171875,0.0001144409179687,1.1743589825806675,12,False,1,0,0,0,tres petit,75-90,0.0005035400390625,0.3840950925816074,0.2111211590089111,0.0740465431252782,-0.3298564153791465,-0.1370746158836329,-0.11462325639039056,Q4
val,P1384,107,val:P1384:107,swimming-pool,14,1,130.0,16.0,13.0,15.81138801574707,8.246211051940918,15.945395900922854,444.0,668.0,458.0,672.0,457.0,681.0,442.0,676.0,5864,5635,GoogleEarth,0.5202625011,3.934191269484839e-06,1.917412483885618,P1384__x0_y0,5,0,0,1024,1.0,130.0,444.0,668.0,458.0,672.0,457.0,681.0,442.0,676.0,1,0.0,0.0,-1,343.0,0.3349609375,0.341552734375,0.0001239776611328,1.070697087774284,12,False,1,0,0,0,tres petit,15-30,0.0005035400390625,0.3682292556969691,0.2015711412427383,0.0831862458824864,-0.3442937404492575,-0.1183848953602518,-0.110005767656247,Q4
val,P1384,108,val:P1384:108,swimming-pool,14,0,189.5,13.0,20.0,19.23538398742676,10.049875259399414,81.0273733851036,150.0,897.0,160.0,898.0,157.0,917.0,147.0,915.0,5864,5635,GoogleEarth,0.5202625011,5.734840350518284e-06,1.9139923124355551,P1384__x0_y0,6,0,0,1024,1.0,189.5,150.0,897.0,160.0,898.0,157.0,917.0,147.0,915.0,1,0.0,0.0,-1,107.0,0.1044921875,0.114501953125,0.0001807212829589,1.0695240696211308,12,False,1,0,0,0,tres petit,75-90,0.0005035400390625,0.3583084544843012,0.2525445437483912,0.0967340179552712,-0.4257846688662902,-0.15581052579312,-0.0798158559551589,Q4
val,P1384,109,val:P1384:109,swimming-pool,14,1,85.0,13.0,8.0,12.04159450531006,7.071067810058594,4.763641690726178,307.0,955.0,319.0,956.0,318.0,963.0,306.0,962.0,5864,5635,GoogleEarth,0.5202625011,2.5723558300477792e-06,1.7029386266358373,P1384__x0_y0,7,0,0,1024,1.0,85.0,307.0,955.0,319.0,956.0,318.0,963.0,306.0,962.0,1,0.0,0.0,-1,61.0,0.0595703125,0.0634765625,8.106231689453125e-05,0.9943395613894144,12,False,1,0,0,0,tres petit,0-15,0.0005035400390625,0.3147422234646428,0.2408478658207322,0.090261647847765,-0.4373658144763414,-0.1505862179729672,-0.14109119781300913,Q3
val,P1384,110,val:P1384:110,swimming-pool,14,1,71.5,11.0,10.0,12.529964447021484,4.0,5.194428907734817,219.0,1121.0,230.0,1120.0,230.0,1124.0,219.0,1130.0,5864,5635,GoogleEarth,0.5202625011,2.163805198216661e-06,3.132491111755371,P1384__x0_y1024,2,0,1024,1024,1.0,71.5,219.0,97.0,230.0,96.0,230.0,100.0,219.0,106.0,1,0.0,0.0,-1,96.0,0.09375,0.097412109375,6.818771362304688e-05,1.418880399895332,5,False,1,0,0,0,tres petit,0-15,0.0005035400390625,0.2213539932545679,0.237296793102834,0.1283882081187687,-0.6889216501701809,-0.1089085849840652,-0.14599700882384314,Q3
val,P1384,111,val:P1384:111,swimming-pool,14,0,112.5,16.0,8.0,16.031219482421875,7.071067810058594,3.576334374997351,314.0,1047.0,330.0,1048.0,329.0,1055.0,315.0,1055.0,5864,5635,GoogleEarth,0.5202625011,3.404588598592649e-06,2.2671568019214106,P1384__x0_y1024,3,0,1024,1024,1.0,112.5,314.0,23.0,330.0,24.0,329.0,31.0,315.0,31.0,1,0.0,0.0,-1,23.0,0.0224609375,0.026611328125,0.0001072883605957,1.1839201271578443,5,False,1,0,0,0,tres petit,0-15,0.0005035400390625,0.245292972385259,0.223705741008824,0.1167749089078341,-0.5829938345274377,-0.1069308321009899,-0.08704075156728963,Q4
val,P1384,112,val:P1384:112,swimming-pool,14,1,46.0,6.0,10.0,10.0,4.0,90.0,114.0,2404.0,118.0,2404.0,118.0,2414.0,112.0,2412.0,5864,5635,GoogleEarth,0.5202625011,1.3920984492023275e-06,2.5,P1384__x0_y2048,12,0,2048,1024,1.0,46.0,114.0,356.0,118.0,356.0,118.0,366.0,112.0,364.0,1,0.0,0.0,-1,112.0,0.109375,0.11279296875,4.38690185546875e-05,1.252762968495368,20,False,1,0,0,0,tres petit,75-90,0.0005035400390625,0.3625309377978691,0.5263748871856265,0.1669703103726539,-0.819973022052118,-0.3594045768129726,-0.1574349164572466,Q3
val,P1384,137,val:P1384:137,swimming-pool,14,0,137.0,21.0,10.0,19.416488647460938,6.7082037925720215,6.34019174590991,1279.0,4370.0,1297.0,4372.0,1295.0,4380.0,1276.0,4376.0,5864,5635,GoogleEarth,0.5202625011,4.146032337841715e-06,2.8944392937138805,P1384__x1024_y4096,0,1024,4096,1024,1.0,137.0,255.0,274.0,273.0,276.0,271.0,284.0,252.0,280.0,1,0.4156625270843506,0.367601215839386,0,252.0,0.24609375,0.256591796875,0.0001306533813476,1.3595497135593375,11,False,1,1,0,0,tres petit,0-15,0.0005035400390625,0.2836600499068026,0.2088845658994338,0.0936802624382638,-0.4454597006136515,-0.1152043034611699,-0.20195827564412855,Q3
val,P1384,138,val:P1384:138,swimming-pool,14,0,174.0,23.0,11.0,23.34523582458496,8.062257766723633,6.009005957494525,1296.0,4420.0,1315.0,4422.0,1315.0,4431.0,1292.0,4427.0,5864,5635,GoogleEarth,0.5202625011,5.26576369915663e-06,2.89562012280737,P1384__x1024_y4096,1,1024,4096,1024,1.0,174.0,272.0,324.0,291.0,326.0,291.0,335.0,268.0,331.0,1,0.0,0.0,-1,268.0,0.26171875,0.27392578125,0.0001659393310546,1.3598528766135316,11,False,1,0,0,0,tres petit,0-15,0.0005035400390625,0.2869122123311319,0.2100817881243346,0.0919153252414551,-0.438526912145923,-0.1181664628828794,-0.19692339640628545,Q3
val,P1384,139,val:P1384:139,swimming-pool,14,0,165.0,17.0,12.0,16.124515533447266,10.198039054870604,3.8140748342903534,1025.0,5029.0,1040.0,5030.0,1039.0,5041.0,1023.0,5039.0,5864,5635,GoogleEarth,0.5202625011,4.993396611269218e-06,1.5811388294052633,P1384__x1024_y4096,2,1024,4096,1024,0.984469696969697,168.84817624092102,15.0001220703125,945.0009765625,0.0,943.5908203125,0.4918212890625,932.5908203125,16.0001220703125,934.0009765625,1,0.0,0.0,-1,0.0,0.0,0.0076884925365448,0.000161026169053,0.9482307082884528,11,False,1,0,0,0,tres petit,0-15,0.0005035400390625,0.3069026570680674,0.2342860536583187,0.0934105102974295,-0.4452408140620553,-0.1408755433608892,-0.11164518699449796,Q4
val,P1384,142,val:P1384:142,soccer-ball-field,13,0,28505.5,167.0,229.0,209.45883178710932,135.79396057128906,80.89887571476486,2037.0,789.0,2172.0,812.0,2139.0,1018.0,2005.0,996.0,5864,5635,GoogleEarth,0.5202625011,0.0008626622248638,1.5424753126421094,P1384__x2048_y0,0,2048,0,1024,0.7989694423006086,22627.94223499298,91.0,1018.0001220703124,0.0,998.1044921875,0.0,790.8741455078125,124.197265625,810.769775390625,1,0.0,0.0,-1,0.0,0.0,0.0525383949279785,0.021579687342637,0.9331381390181605,5,False,0,0,0,0,grand,75-90,0.0005035400390625,0.27781351371997,0.2988991526883727,0.1317133325596629,0.2466950241778585,-0.1671858201287097,0.06222168173881806,Q4
val,P1384,143,val:P1384:143,soccer-ball-field,13,0,26039.5,163.0,212.0,197.98989868164065,128.00390625,81.86989764584402,2074.0,587.0,2201.0,603.0,2173.0,799.0,2038.0,780.0,5864,5635,GoogleEarth,0.5202625011,0.0007880336427826,1.5467488804205194,P1384__x2048_y0,1,2048,0,1024,0.9894355210353502,25739.35922065377,124.962890625,799.25927734375,0.0,780.3070068359375,20.33447265625,584.0477294921875,153.0,603.0,1,0.0,0.0,-1,0.0,0.0,0.0728265047073364,0.0245469658094918,0.9348175968768768,5,False,0,0,0,0,grand,75-90,0.0005035400390625,0.2820995707893255,0.2991723911128848,0.131130218369868,0.2486902583015257,-0.1680421727430168,0.037988839198436666,Q4
val,P1384,144,val:P1384:144,roundabout,12,0,336.0,21.0,16.0,21.0,16.0,0.0,1389.0,3285.0,1410.0,3285.0,1410.0,3301.0,1389.0,3301.0,5864,5635,GoogleEarth,0.5202625011,1.0168371281130044e-05,1.3125,P1384__x1024_y3072,1,1024,3072,1024,1.0,336.0,365.0,213.0,386.0,213.0,386.0,229.0,365.0,229.0,1,0.0,0.0,-1,213.0,0.2080078125,0.2158203125,0.0003204345703125,0.8383291904044432,13,False,1,0,0,0,tres petit,0-15,0.0005035400390625,0.16606148483444,0.2162374909509205,0.0898382726637857,-0.6673932528361615,-0.1263992182871348,-1.0,Q1
val,P1384,145,val:P1384:145,storage-tank,2,0,650.0,25.0,26.0,26.0,25.0,90.0,2232.0,90.0,2257.0,90.0,2257.0,116.0,2232.0,116.0,5864,5635,GoogleEarth,0.5202625011,1.9670956347424195e-05,1.04,P1384__x2048_y0,2,2048,0,1024,1.0,650.0,184.0,90.0,209.0,90.0,209.0,116.0,184.0,116.0,1,0.0,0.0,-1,90.0,0.087890625,0.1005859375,0.000619888305664,0.712949807856125,5,False,0,0,0,0,petit,75-90,0.0005035400390625,0.95,0.3851189515327362,0.1620768733546058,7.479336952476586,-0.2230420781781303,-0.05491022398729844,Q4
val,P1384,146,val:P1384:146,storage-tank,2,0,572.0,22.0,26.0,26.0,22.0,90.0,2259.0,94.0,2281.0,94.0,2281.0,120.0,2259.0,120.0,5864,5635,GoogleEarth,0.5202625011,1.731044158573329e-05,1.181818181818182,P1384__x2048_y0,3,2048,0,1024,1.0,572.0,211.0,94.0,233.0,94.0,233.0,120.0,211.0,120.0,1,0.7988671064376831,0.2948764264583587,0,94.0,0.091796875,0.1044921875,0.0005455017089843,0.7801585575495752,5,False,0,1,1,1,petit,75-90,0.0005035400390625,0.95,0.3827667178070482,0.16152607478045,-12.565906286885625,-0.2212406430265981,-0.06132769681856228,Q4
val,P1384,152,val:P1384:152,swimming-pool,14,0,570.0,19.0,30.0,30.0,19.0,90.0,1782.0,3770.0,1801.0,3770.0,1801.0,3800.0,1782.0,3800.0,5864,5635,GoogleEarth,0.5202625011,1.7249915566202755e-05,1.5789473684210529,P1384__x1024_y3072,2,1024,3072,1024,1.0,570.0,758.0,698.0,777.0,698.0,777.0,728.0,758.0,728.0,1,0.0,0.0,-1,247.0,0.2412109375,0.25048828125,0.0005435943603515,0.9473813189441862,13,False,0,0,0,0,petit,75-90,0.0005035400390625,0.4266991298760252,0.3327077395393107,0.1165952172291394,0.3642245343340364,-0.2161125223101712,-0.23292339049758928,Q3
val,P1384,153,val:P1384:153,bridge,8,0,52.0,11.0,26.0,27.513633728027344,2.0,70.90650799951437,2640.0,207.0,2642.0,207.0,2633.0,233.0,2631.0,233.0,5864,5635,GoogleEarth,0.5202625011,1.5736765077939355e-06,13.756816864013672,P1384__x2048_y0,4,2048,0,1024,1.0,52.0,592.0,207.0,594.0,207.0,585.0,233.0,583.0,233.0,1,0.0,0.0,-1,207.0,0.2021484375,0.21484375,4.9591064453125e-05,2.691705136294777,5,False,1,0,0,0,tres petit,60-75,0.0005035400390625,0.0847949226071919,0.1386023680087102,0.1780207036304045,-2.06000811771769,0.0394183356216942,0.2868836068185151,Q4
val,P1384,154,val:P1384:154,swimming-pool,14,0,216.5,20.0,22.0,19.209373474121094,12.083045959472656,42.51044707800085,2880.0,5158.0,2892.0,5147.0,2900.0,5157.0,2885.0,5169.0,5864,5635,GoogleEarth,0.5202625011,6.55194161418052e-06,1.5897790622125096,P1384__x2048_y4611,0,2048,4611,1024,1.0,216.5,832.0,547.0,844.0,536.0,852.0,546.0,837.0,558.0,1,0.0,0.0,-1,172.0,0.16796875,0.178466796875,0.0002064704895019,0.951572567907785,4,False,1,0,0,0,tres petit,30-45,0.0005035400390625,0.3364066179967974,0.192477923713337,0.1441157861406212,-0.4767597327175092,-0.0483621375727158,0.09348281996149105,Q4
val,P1384,155,val:P1384:155,swimming-pool,14,0,208.0,19.0,16.0,17.262676239013672,11.180339813232422,17.35402463626132,2766.0,5331.0,2782.0,5336.0,2780.0,5347.0,2763.0,5344.0,5864,5635,GoogleEarth,0.5202625011,6.294706031175742e-06,1.5440207120165113,P1384__x2048_y4611,1,2048,4611,1024,1.0,208.0,718.0,720.0,734.0,725.0,732.0,736.0,715.0,733.0,1,0.0,0.0,-1,288.0,0.28125,0.28857421875,0.0001983642578125,0.933745786960658,4,False,1,0,0,0,tres petit,15-30,0.0005035400390625,0.3487669077935352,0.195172428662688,0.1402851044805438,-0.4571190191788224,-0.0548873241821441,0.08502908713406858,Q4
val,P1384,156,val:P1384:156,swimming-pool,14,0,155.0,22.0,10.0,20.2237491607666,7.280109882354736,5.710593137499642,3122.0,4777.0,3142.0,4779.0,3140.0,4787.0,3120.0,4784.0,5864,5635,GoogleEarth,0.5202625011,4.690766513616538e-06,2.777945592522468,P1384__x3072_y4096,0,3072,4096,1024,1.0,155.0,50.0,681.0,70.0,683.0,68.0,691.0,48.0,688.0,2,0.0,0.0,-1,48.0,0.046875,0.0576171875,0.0001478195190429,1.329180367843399,2,False,1,0,0,0,tres petit,0-15,0.0005035400390625,0.2183580620037319,0.22027394856324,0.1498262776546157,-0.7565971827688966,-0.0704476709086242,-0.13078178693735373,Q4
val,P1384,157,val:P1384:157,plane,0,0,395.5,17.0,26.0,26.01922416687012,16.031219482421875,90.0,3393.0,4099.0,3393.0,4121.0,3376.0,4124.0,3377.0,4098.0,5864,5635,GoogleEarth,0.5202625011,1.196902036216349e-05,1.623034616636621,P1384__x3072_y4096,1,3072,4096,1024,1.0,395.5,321.0,3.0,321.0,25.0,304.0,28.0,305.0,2.0,1,0.0,0.0,-1,2.0,0.001953125,0.01416015625,0.0003771781921386,0.964331898142914,2,False,1,0,0,0,tres petit,75-90,0.0005035400390625,0.4774459225641388,0.4920077550005756,0.1530270504004649,-0.6594925011584061,-0.3389807046001107,-0.7077402122936586,Q1
val,P1384,158,val:P1384:158,storage-tank,2,0,550.0,25.0,22.0,25.0,22.0,0.0,3959.0,1721.0,3984.0,1721.0,3984.0,1743.0,3959.0,1743.0,5864,5635,GoogleEarth,0.5202625011,1.6644655370897395e-05,1.1363636363636365,P1384__x3072_y1024,0,3072,1024,1024,1.0,550.0,887.0,697.0,912.0,697.0,912.0,719.0,887.0,719.0,1,0.0,0.0,-1,112.0,0.109375,0.12158203125,0.0005245208740234,0.7591051483517428,3,False,0,0,0,0,petit,0-15,0.0005035400390625,0.95,0.2324799187499081,0.1667667250185802,4.58388518126683,-0.0657131937313278,-0.9763337975336693,Q1
val,P1384,160,val:P1384:160,storage-tank,2,0,483.0,23.0,21.0,23.0,21.0,0.0,3577.0,1812.0,3600.0,1812.0,3600.0,1833.0,3577.0,1833.0,5864,5635,GoogleEarth,0.5202625011,1.461703371662444e-05,1.0952380952380951,P1384__x3072_y1024,1,3072,1024,1024,1.0,483.0,505.0,788.0,528.0,788.0,528.0,809.0,505.0,809.0,1,0.0,0.0,-1,215.0,0.2099609375,0.22021484375,0.0004606246948242,0.7396671961948381,3,False,1,0,0,0,tres petit,0-15,0.0005035400390625,0.95,0.2206162600728769,0.1563333042101891,-0.2288443287155184,-0.0642829558626877,-0.9598810034625412,Q1
val,P1384,161,val:P1384:161,storage-tank,2,0,756.0,27.0,28.0,28.0,27.0,90.0,4077.0,2010.0,4104.0,2010.0,4104.0,2038.0,4077.0,2038.0,5864,5635,GoogleEarth,0.5202625011,2.28788353825426e-05,1.037037037037037,P1384__x3072_y1024,2,3072,1024,1024,0.7037037037037037,532.0,1024.0,1014.0,1005.0,1014.0,1005.0,986.0,1024.0,986.0,1,0.0,0.0,-1,0.0,0.0,0.00927734375,0.0005073547363281,0.7114963192281418,3,False,0,0,0,0,petit,75-90,0.0005035400390625,0.95,0.3893627257287476,0.1848546292718024,7.582746418118001,-0.2045080964569452,-0.02166937945279955,Q4
val,P1384,162,val:P1384:162,storage-tank,2,0,420.0,21.0,20.0,21.0,20.0,0.0,4057.0,2570.0,4078.0,2570.0,4078.0,2590.0,4057.0,2590.0,5864,5635,GoogleEarth,0.5202625011,1.2710464101412556e-05,1.05,P1384__x3072_y2048,0,3072,2048,1024,1.0,420.0,985.0,522.0,1006.0,522.0,1006.0,542.0,985.0,542.0,1,0.7125567197799683,0.2617729902267456,0,18.0,0.017578125,0.02783203125,0.0004005432128906,0.7178397931503169,1,False,1,1,1,1,tres petit,0-15,0.0005035400390625,0.95,0.2405774350209902,0.1647311767645356,0.8033840819914027,-0.0758462582564546,-0.9425128507971823,Q1
val,P1384,163,val:P1384:163,storage-tank,2,0,600.0,25.0,24.0,25.0,24.0,0.0,4431.0,2120.0,4456.0,2120.0,4456.0,2144.0,4431.0,2144.0,5864,5635,GoogleEarth,0.5202625011,1.81578058591608e-05,1.0416666666666667,P1384__x4096_y2048,0,4096,2048,1024,1.0,600.0,335.0,72.0,360.0,72.0,360.0,96.0,335.0,96.0,1,0.0,0.0,-1,72.0,0.0703125,0.08203125,0.0005722045898437,0.713766467762681,4,False,0,0,0,0,petit,0-15,0.0005035400390625,0.95,0.233189324268574,0.1640143670810742,4.594611528183977,-0.0691749571874998,-0.9752604329463037,Q1
val,P1384,164,val:P1384:164,storage-tank,2,0,529.0,23.0,23.0,23.0,23.0,0.0,4521.0,2304.0,4544.0,2304.0,4544.0,2327.0,4521.0,2327.0,5864,5635,GoogleEarth,0.5202625011,1.6009132165826767e-05,1.0,P1384__x4096_y2048,1,4096,2048,1024,1.0,529.0,425.0,256.0,448.0,256.0,448.0,279.0,425.0,279.0,1,0.0,0.0,-1,256.0,0.25,0.26123046875,0.0005044937133789,0.6931471805599453,4,False,0,0,0,0,petit,0-15,0.0005035400390625,0.95,0.208243194694542,0.151656838923925,4.10827753812022,-0.0565863557706169,-0.9617828154852069,Q1
val,P1384,165,val:P1384:165,bridge,8,0,125.5,19.0,19.0,21.21320343017578,5.656854152679443,43.02506598911802,4998.0,1200.0,5013.0,1186.0,5017.0,1190.0,5002.0,1205.0,5864,5635,GoogleEarth,0.5202625011,3.7980077255411328e-06,3.750000063220274,P1384__x4840_y1024,0,4840,1024,1024,1.0,125.5,158.0,176.0,173.0,162.0,177.0,166.0,162.0,181.0,1,0.0,0.0,-1,158.0,0.154296875,0.16357421875,0.0001196861267089,1.558144631356081,2,False,1,0,0,0,tres petit,30-45,0.0005035400390625,0.1735576517941755,0.19205241675638,0.1917874430777959,-1.1053009147342934,-0.000264973678584,0.30328397279498215,Q4
val,P1384,166,val:P1384:166,bridge,8,0,124.0,19.0,20.0,21.931713104248047,5.656854152679443,46.84761026599461,5072.0,1242.0,5076.0,1246.0,5061.0,1262.0,5057.0,1258.0,5864,5635,GoogleEarth,0.5202625011,3.752613210893231e-06,3.877015831115215,P1384__x4840_y1024,1,4840,1024,1024,1.0,124.0,232.0,218.0,236.0,222.0,221.0,238.0,217.0,234.0,1,0.0,0.0,-1,217.0,0.2119140625,0.22119140625,0.0001182556152343,1.5845335227991726,2,False,1,0,0,0,tres petit,45-60,0.0005035400390625,0.1799837556809827,0.191105551150739,0.1920818253385486,-1.06624129004065,0.0009762741878096,0.2921762944273364,Q4
val,P1384,167,val:P1384:167,storage-tank,2,0,238.0,17.0,14.0,17.0,14.0,0.0,4900.0,2446.0,4917.0,2446.0,4917.0,2460.0,4900.0,2460.0,5864,5635,GoogleEarth,0.5202625011,7.202596324133782e-06,1.2142857142857142,P1384__x4096_y2048,2,4096,2048,1024,1.0,238.0,804.0,398.0,821.0,398.0,821.0,412.0,804.0,412.0,2,0.0,0.0,-1,203.0,0.1982421875,0.20654296875,0.0002269744873046,0.7949298748698875,4,False,1,0,0,0,tres petit,0-15,0.0005035400390625,0.95,0.2107104800768079,0.153516867294848,-0.2187903151975894,-0.0571936127819599,-0.9620310504399834,Q1
val,P1384,168,val:P1384:168,storage-tank,2,0,238.0,17.0,14.0,17.0,14.0,0.0,4919.0,2448.0,4936.0,2448.0,4936.0,2462.0,4919.0,2462.0,5864,5635,GoogleEarth,0.5202625011,7.202596324133782e-06,1.2142857142857142,P1384__x4096_y2048,3,4096,2048,1024,1.0,238.0,823.0,400.0,840.0,400.0,840.0,414.0,823.0,414.0,2,0.0,0.0,-1,184.0,0.1796875,0.18798828125,0.0002269744873046,0.7949298748698875,4,False,1,0,0,0,tres petit,0-15,0.0005035400390625,0.95,0.2112283946438067,0.1538752220617104,-0.2193270905417915,-0.0573531725820963,-0.9622906434129377,Q1
val,P1384,169,val:P1384:169,swimming-pool,14,0,231.0,15.0,20.0,19.23538398742676,12.04159450531006,81.0273733851036,2266.0,4125.0,2278.0,4126.0,2275.0,4145.0,2263.0,4144.0,5864,5635,GoogleEarth,0.5202625011,6.990755255776906e-06,1.5974117031547947,P1384__x2048_y4096,0,2048,4096,1024,1.0,231.0,218.0,29.0,230.0,30.0,227.0,49.0,215.0,48.0,1,0.0,0.0,-1,29.0,0.0283203125,0.0380859375,0.0002202987670898,0.9545154504028038,4,False,1,0,0,0,tres petit,75-90,0.0005035400390625,0.3287378568797738,0.2795441374419322,0.1572143269090028,-0.6005659601544174,-0.1223298105329293,0.07605082491453669,Q4
val,P1384,171,val:P1384:171,storage-tank,2,0,306.0,18.0,17.0,18.0,17.0,0.0,5343.0,3676.0,5361.0,3676.0,5361.0,3693.0,5343.0,3693.0,5864,5635,GoogleEarth,0.5202625011,9.260480988172003e-06,1.0588235294117647,P1384__x4840_y3072,0,4840,3072,1024,1.0,306.0,503.0,604.0,521.0,604.0,521.0,621.0,503.0,621.0,1,0.0,0.0,-1,403.0,0.3935546875,0.40185546875,0.0002918243408203,0.7221347174331976,3,False,1,0,0,0,tres petit,0-15,0.0005035400390625,0.95,0.2264600535517144,0.1646334891249732,-0.2351249740319761,-0.0618265644267411,-0.9697952508988256,Q1
val,P1384,172,val:P1384:172,swimming-pool,14,0,236.0,24.0,13.0,22.360679626464844,9.219544410705566,2.602562202499806,2192.0,4995.0,2214.0,4996.0,2212.0,5008.0,2190.0,5004.0,5864,5635,GoogleEarth,0.5202625011,7.1420703046032455e-06,2.4253562465082363,P1384__x2048_y4611,2,2048,4611,1024,1.0,236.0,144.0,384.0,166.0,385.0,164.0,397.0,142.0,393.0,2,0.0,0.0,-1,142.0,0.138671875,0.150390625,0.0002250671386718,1.2312054798841985,4,False,1,0,0,0,tres petit,0-15,0.0005035400390625,0.2561937566762575,0.1880999141356555,0.1485045158375604,-0.6192524428888424,-0.039595398298095,-0.22708969722234792,Q3
val,P1384,174,val:P1384:174,swimming-pool,14,0,198.0,13.0,20.0,19.23538398742676,10.198039054870604,83.6598082540901,1198.0,3327.0,1208.0,3329.0,1206.0,3347.0,1195.0,3346.0,5864,5635,GoogleEarth,0.5202625011,5.992075933523062e-06,1.8861845776360209,P1384__x1024_y3072,3,1024,3072,1024,1.0,198.0,174.0,255.0,184.0,257.0,182.0,275.0,171.0,274.0,1,0.0,0.0,-1,171.0,0.1669921875,0.173583984375,0.0001888275146484,1.059935414521405,13,False,1,0,0,0,tres petit,75-90,0.0005035400390625,0.3801793565014409,0.3582858492668301,0.084725498211892,-0.496417002167111,-0.273560351054938,-0.1171883004629578,Q4
val,P1384,175,val:P1384:175,swimming-pool,14,0,244.0,20.0,16.0,18.11077117919922,14.142135620117188,7.125016348901798,1278.0,3350.0,1294.0,3352.0,1292.0,3366.0,1274.0,3364.0,5864,5635,GoogleEarth,0.5202625011,7.38417438272539e-06,1.2806249116602055,P1384__x1024_y3072,4,1024,3072,1024,1.0,244.0,254.0,278.0,270.0,280.0,268.0,294.0,250.0,292.0,1,0.0,0.0,-1,250.0,0.244140625,0.25439453125,0.0002326965332031,0.8244494894736685,13,False,1,0,0,0,tres petit,0-15,0.0005035400390625,0.398351391206112,0.2161105790366718,0.0788391559602376,-0.3351850182104482,-0.1372714230764342,-0.09815002949040663,Q4
val,P1384,176,val:P1384:176,swimming-pool,14,1,166.0,16.0,12.0,16.0,11.40175437927246,4.398705354995542,1437.0,3567.0,1450.0,3566.0,1450.0,3578.0,1434.0,3578.0,5864,5635,GoogleEarth,0.5202625011,5.023659621034487e-06,1.403292815102806,P1384__x1024_y3072,5,1024,3072,1024,1.0,166.0,413.0,495.0,426.0,494.0,426.0,506.0,410.0,506.0,1,0.0,0.0,-1,410.0,0.400390625,0.408935546875,0.0001583099365234,0.8768398033061058,13,False,1,0,0,0,tres petit,0-15,0.0005035400390625,0.4222411417328084,0.2298449560826916,0.1014259054363114,-0.3686275367737059,-0.1284190506463802,-0.1705356914993981,Q3
val,P1384,177,val:P1384:177,swimming-pool,14,0,152.0,16.0,12.0,16.76305389404297,7.0,0.0,1810.0,3763.0,1826.0,3763.0,1826.0,3775.0,1810.0,3770.0,5864,5635,GoogleEarth,0.5202625011,4.599977484320735e-06,2.394721984863281,P1384__x1024_y3072,6,1024,3072,1024,1.0,152.0,786.0,691.0,802.0,691.0,802.0,703.0,786.0,698.0,1,0.0,0.0,-1,222.0,0.216796875,0.224609375,0.0001449584960937,1.2222218680738075,13,False,1,0,0,0,tres petit,0-15,0.0005035400390625,0.3069602689385881,0.1960194199681031,0.0902491884880153,-0.3997795793350409,-0.1057702314800878,-1.0,Q1
val,P1384,178,val:P1384:178,swimming-pool,14,0,156.0,21.0,10.0,21.02379608154297,7.0,10.007979801441335,1820.0,3530.0,1837.0,3533.0,1837.0,3540.0,1816.0,3539.0,5864,5635,GoogleEarth,0.5202625011,4.721029523381807e-06,3.003399440220424,P1384__x1024_y3072,7,1024,3072,1024,1.0,156.0,796.0,458.0,813.0,461.0,813.0,468.0,792.0,467.0,1,0.0,0.0,-1,211.0,0.2060546875,0.21533203125,0.0001487731933593,1.3871438602484167,13,False,1,0,0,0,tres petit,0-15,0.0005035400390625,0.2804843828603787,0.2127165213519536,0.0892775364193038,-0.4417366937350146,-0.1234389849326498,-0.19953628898000414,Q3
val,P1384,179,val:P1384:179,swimming-pool,14,0,183.0,19.0,13.0,19.23538398742676,10.0,8.972626614896393,2033.0,3461.0,2052.0,3464.0,2050.0,3474.0,2033.0,3471.0,5864,5635,GoogleEarth,0.5202625011,5.538130787044043e-06,1.923538398742676,P1384__x1024_y3072,8,1024,3072,1024,0.8310887070952869,160.43557226657867,1024.0,401.64697265625,1007.416748046875,399.0283203125,1009.000244140625,389.0,1024.0,391.61865234375,1,0.0,0.0,-1,0.0,0.0,0.0077106952667236,0.0001530032847085,1.0727946630582517,13,False,1,0,0,0,tres petit,0-15,0.0005035400390625,0.2949668675984473,0.2264428268678349,0.0837384093865914,-0.4265953170536949,-0.1427044174812435,-0.0673819972900743,Q4
val,P1384,180,val:P1384:180,swimming-pool,14,0,182.5,19.0,17.0,18.027755737304688,9.0,70.5599651718238,2131.0,3869.0,2140.0,3869.0,2134.0,3886.0,2121.0,3883.0,5864,5635,GoogleEarth,0.5202625011,5.522999282161408e-06,2.003083970811632,P1384__x2048_y3072,0,2048,3072,1024,1.0,182.5,83.0,797.0,92.0,797.0,86.0,814.0,73.0,811.0,1,0.0,0.0,-1,73.0,0.0712890625,0.08154296875,0.0001740455627441,1.099639750918491,5,False,1,0,0,0,tres petit,60-75,0.0005035400390625,0.3081059904997456,0.2360405550774051,0.1164992669046567,-0.4976555426722984,-0.1195412881727483,0.023398569708401977,Q4
val,P1384,181,val:P1384:181,swimming-pool,14,0,263.0,17.0,22.0,22.360679626464844,12.0,79.69515353123397,1774.0,3990.0,1786.0,3990.0,1782.0,4012.0,1769.0,4009.0,5864,5635,GoogleEarth,0.5202625011,7.959171568265482e-06,1.8633899688720703,P1384__x1024_y3072,9,1024,3072,1024,1.0,263.0,750.0,918.0,762.0,918.0,758.0,940.0,745.0,937.0,1,0.0,0.0,-1,84.0,0.08203125,0.093505859375,0.0002508163452148,1.052006226715236,13,False,1,0,0,0,tres petit,75-90,0.0005035400390625,0.3607929737206919,0.2492257481058385,0.0946763128640123,-0.4169611775982781,-0.1545494352418261,-0.064668007777258,Q4
val,P1384,182,val:P1384:182,swimming-pool,14,0,174.5,13.0,17.0,17.11724281311035,10.0,83.29016319224306,2060.0,4189.0,2070.0,4189.0,2068.0,4206.0,2057.0,4205.0,5864,5635,GoogleEarth,0.5202625011,5.280895204039265e-06,1.7117242813110352,P1384__x2048_y4096,2,2048,4096,1024,1.0,174.5,12.0,93.0,22.0,93.0,20.0,110.0,9.0,109.0,1,0.0,0.0,-1,9.0,0.0087890625,0.015380859375,0.0001664161682128,0.9975846987265458,4,False,1,0,0,0,tres petit,75-90,0.0005035400390625,0.316853164512507,0.3365060873805487,0.154561968729175,-0.6697472591596141,-0.1819441186513737,0.014726881793705043,Q4
val,P1384,183,val:P1384:183,swimming-pool,14,0,256.0,23.0,16.0,21.3775577545166,12.165525436401367,10.7842978675626,1662.0,4478.0,1683.0,4482.0,1680.0,4494.0,1660.0,4490.0,5864,5635,GoogleEarth,0.5202625011,7.747330499908606e-06,1.7572243686697848,P1384__x1024_y4096,3,1024,4096,1024,1.0,256.0,638.0,382.0,659.0,386.0,656.0,398.0,636.0,394.0,1,0.0,0.0,-1,365.0,0.3564453125,0.367919921875,0.000244140625,1.0142245101847702,11,False,1,0,0,0,tres petit,0-15,0.0005035400390625,0.3780847555681383,0.2140942844183711,0.1024582510872856,-0.3826288453351671,-0.1116360333310854,-0.15920937303420046,Q3
val,P1384,184,val:P1384:184,swimming-pool,14,0,190.0,19.0,20.0,16.401220321655273,11.661903381347656,37.568592028827496,1699.0,4938.0,1712.0,4948.0,1705.0,4958.0,1693.0,4948.0,5864,5635,GoogleEarth,0.5202625011,5.749971855400919e-06,1.4063930891322425,P1384__x1024_y4096,4,1024,4096,1024,1.0,190.0,675.0,842.0,688.0,852.0,681.0,862.0,669.0,852.0,1,0.0,0.0,-1,162.0,0.158203125,0.16796875,0.0001811981201171,0.8781289828993473,11,False,1,0,0,0,tres petit,30-45,0.0005035400390625,0.377457191328304,0.2172116457686728,0.0833809116513166,-0.3547323716193258,-0.1338307341173562,0.04529817390592138,Q4
val,P1384,187,val:P1384:187,swimming-pool,14,0,260.5,22.0,17.0,22.360679626464844,11.0,10.304846468766032,2218.0,5070.0,2240.0,5074.0,2239.0,5087.0,2218.0,5081.0,5864,5635,GoogleEarth,0.5202625011,7.883514043852312e-06,2.0327890569513496,P1384__x2048_y4611,3,2048,4611,1024,1.0,260.5,170.0,459.0,192.0,463.0,191.0,476.0,170.0,470.0,2,0.0,0.0,-1,170.0,0.166015625,0.176513671875,0.0002484321594238,1.1094826769806077,4,False,1,0,0,0,tres petit,0-15,0.0005035400390625,0.2868594249388823,0.1907711248501473,0.1283299027532817,-0.5098028619684629,-0.0624412220968655,-0.08901210202967452,Q4
val,P1384,188,val:P1384:188,storage-tank,2,1,196.0,14.0,14.0,14.0,14.0,0.0,5566.0,5385.0,5580.0,5385.0,5580.0,5399.0,5566.0,5399.0,5864,5635,GoogleEarth,0.5202625011,5.931549913992526e-06,1.0,P1384__x4840_y4611,0,4840,4611,1024,1.0,196.0,726.0,774.0,740.0,774.0,740.0,788.0,726.0,788.0,1,0.0,0.0,-1,236.0,0.23046875,0.2373046875,0.0001869201660156,0.6931471805599453,1,False,1,0,0,0,tres petit,0-15,0.0005035400390625,0.95,0.2208540748618992,0.1564877285485625,-0.2290902711012972,-0.0643663463133367,-0.965867629801925,Q1
val,P1384,189,val:P1384:189,swimming-pool,14,0,359.0,22.0,31.0,26.0,14.764822959899902,64.6538240580533,5605.0,3184.0,5618.0,3177.0,5627.0,3196.0,5615.0,3208.0,5864,5635,GoogleEarth,0.5202625011,1.086442050573121e-05,1.7609422118107312,P1384__x4840_y3072,1,4840,3072,1024,1.0,359.0,765.0,112.0,778.0,105.0,787.0,124.0,775.0,136.0,1,0.0,0.0,-1,105.0,0.1025390625,0.116455078125,0.0003423690795898,1.015572002562637,3,False,1,0,0,0,tres petit,60-75,0.0005035400390625,0.319580256111852,0.2229229020370536,0.1514690101305586,-0.545416244817136,-0.0714538919064949,0.07226617378925529,Q4
val,P1384,190,val:P1384:190,swimming-pool,14,1,105.0,10.0,16.0,16.492422103881836,6.082762718200684,81.86989764584402,1142.0,4311.0,1148.0,4312.0,1146.0,4326.0,1138.0,4327.0,5864,5635,GoogleEarth,0.5202625011,3.177616025353139e-06,2.7113374083348085,P1384__x1024_y4096,5,1024,4096,1024,1.0,105.0,118.0,215.0,124.0,216.0,122.0,230.0,114.0,231.0,1,0.0,0.0,-1,114.0,0.111328125,0.11669921875,0.0001001358032226,1.3113922990811455,11,False,1,0,0,0,tres petit,75-90,0.0005035400390625,0.3073704209804329,0.2576153095701918,0.1287878644611036,-0.5478263326738164,-0.1288274451090881,-0.04980576876998722,Q4
val,P1384,198,val:P1384:198,swimming-pool,14,0,304.0,19.0,16.0,19.0,16.0,0.0,1115.0,5040.0,1134.0,5040.0,1134.0,5056.0,1115.0,5056.0,5864,5635,GoogleEarth,0.5202625011,9.19995496864147e-06,1.1875,P1384__x1024_y4096,6,1024,4096,1024,1.0,304.0,91.0,944.0,110.0,944.0,110.0,960.0,91.0,960.0,1,0.0,0.0,-1,64.0,0.0625,0.0703125,0.0002899169921875,0.7827593392496325,11,False,1,0,0,0,tres petit,0-15,0.0005035400390625,0.350569729935904,0.2456938796124781,0.1025724172274578,-0.4357092372799364,-0.1431214623850202,-1.0,Q1
val,P1384,199,val:P1384:199,swimming-pool,14,0,450.0,18.0,25.0,25.0,18.0,90.0,1243.0,5033.0,1261.0,5033.0,1261.0,5058.0,1243.0,5058.0,5864,5635,GoogleEarth,0.5202625011,1.3618354394370596e-05,1.3888888888888888,P1384__x1024_y4096,7,1024,4096,1024,1.0,450.0,219.0,937.0,237.0,937.0,237.0,962.0,219.0,962.0,1,0.0,0.0,-1,62.0,0.060546875,0.07275390625,0.0004291534423828,0.8708283577973978,11,False,1,0,0,0,tres petit,75-90,0.0005035400390625,0.3911301860198117,0.3813410056131411,0.1278701074871211,-0.5803955693930036,-0.2534708981260201,-0.19671191390253306,Q3
val,P1384,203,val:P1384:203,swimming-pool,14,0,620.0,31.0,20.0,31.0,20.0,0.0,1233.0,4352.0,1264.0,4352.0,1264.0,4372.0,1233.0,4372.0,5864,5635,GoogleEarth,0.5202625011,1.876306605446616e-05,1.55,P1384__x1024_y4096,8,1024,4096,1024,1.0,620.0,209.0,256.0,240.0,256.0,240.0,276.0,209.0,276.0,1,0.0,0.0,-1,209.0,0.2041015625,0.21923828125,0.0005912780761718,0.9360933591703348,11,False,0,0,0,0,petit,0-15,0.0005035400390625,0.3531320078074884,0.2070216969243891,0.0924136213752626,0.2054289326551352,-0.1146080755491264,-1.0,Q1
val,P1384,204,val:P1384:204,swimming-pool,14,0,624.0,24.0,26.0,26.0,24.0,90.0,1144.0,4254.0,1168.0,4254.0,1168.0,4280.0,1144.0,4280.0,5864,5635,GoogleEarth,0.5202625011,1.8884118093527227e-05,1.0833333333333333,P1384__x1024_y4096,9,1024,4096,1024,1.0,624.0,120.0,158.0,144.0,158.0,144.0,184.0,120.0,184.0,1,0.0,0.0,-1,120.0,0.1171875,0.12890625,0.0005950927734375,0.7339691750802004,11,False,0,0,0,0,petit,75-90,0.0005035400390625,0.4339738416917752,0.3630948575732569,0.1298443753373428,0.4082302201021157,-0.2332504822359141,-0.19691898529953866,Q3
val,P1384,205,val:P1384:205,swimming-pool,14,0,486.0,27.0,18.0,27.0,18.0,0.0,1034.0,3831.0,1061.0,3831.0,1061.0,3849.0,1034.0,3849.0,5864,5635,GoogleEarth,0.5202625011,1.4707822745920244e-05,1.5,P1384__x1024_y3072,10,1024,3072,1024,1.0,486.0,10.0,759.0,37.0,759.0,37.0,777.0,10.0,777.0,1,0.0,0.0,-1,10.0,0.009765625,0.02294921875,0.0004634857177734,0.9162907318741552,13,False,1,0,0,0,tres petit,0-15,0.0005035400390625,0.3224814495779222,0.234586726384992,0.0986340313724885,-0.4418122460086461,-0.1359526950125035,-1.0,Q1
val,P1384,206,val:P1384:206,swimming-pool,14,0,638.0,29.0,22.0,29.0,22.0,0.0,1609.0,3638.0,1638.0,3638.0,1638.0,3660.0,1609.0,3660.0,5864,5635,GoogleEarth,0.5202625011,1.930780023024098e-05,1.318181818181818,P1384__x1024_y3072,11,1024,3072,1024,1.0,638.0,585.0,566.0,614.0,566.0,614.0,588.0,585.0,588.0,1,0.0,0.0,-1,410.0,0.400390625,0.41455078125,0.0006084442138671,0.8407831793660098,13,False,0,0,0,0,petit,0-15,0.0005035400390625,0.4284324703905707,0.2268012763629383,0.1100809349274615,0.2800853982431208,-0.1167203414354767,-1.0,Q1
val,P1384,209,val:P1384:209,small-vehicle,10,1,67.5,13.0,7.0,13.03840446472168,5.0,10.304846468766032,259.0,843.0,261.0,837.0,272.0,839.0,272.0,844.0,5864,5635,GoogleEarth,0.5202625011,2.042753159155589e-06,2.607680892944336,P1384__x0_y0,8,0,0,1024,1.0,67.5,259.0,843.0,261.0,837.0,272.0,839.0,272.0,844.0,1,0.0,0.0,-1,180.0,0.17578125,0.178955078125,6.437301635742188e-05,1.283065153983055,12,False,1,0,0,0,tres petit,0-15,0.0005035400390625,0.9321547575748104,0.2160490323719562,0.0808190466304487,-0.2219313043516445,-0.1352299857415075,-0.1764321784248134,Q3
val,P1384,215,val:P1384:215,swimming-pool,14,1,189.5,15.0,15.0,15.132745742797852,13.0,7.594643368591445,322.0,520.0,337.0,522.0,336.0,535.0,322.0,533.0,5864,5635,GoogleEarth,0.5202625011,5.734840350518284e-06,1.164057364830604,P1384__x0_y0,9,0,0,1024,1.0,189.5,322.0,520.0,337.0,522.0,336.0,535.0,322.0,533.0,1,0.0,0.0,-1,322.0,0.314453125,0.321533203125,0.0001807212829589,0.7719848693346435,12,False,1,0,0,0,tres petit,0-15,0.0005035400390625,0.4212051154064474,0.2177063586253475,0.0830615027034978,-0.3318445091676241,-0.1346448559218496,-0.10590209252420262,Q4
val,P1384,216,val:P1384:216,swimming-pool,14,0,439.5,23.0,25.0,22.80350875854492,17.262676239013672,74.74488129694221,641.0,580.0,663.0,583.0,657.0,605.0,640.0,602.0,5864,5635,GoogleEarth,0.5202625011,1.3300592791835282e-05,1.320971814729918,P1384__x0_y0,10,0,0,1024,1.0,439.5,641.0,580.0,663.0,583.0,657.0,605.0,640.0,602.0,1,0.0,0.0,-1,361.0,0.3525390625,0.364990234375,0.0004191398620605,0.8419859836295605,12,False,1,0,0,0,tres petit,60-75,0.0005035400390625,0.4624041114373401,0.2293419558912541,0.1030590076944602,-0.3491594433345878,-0.1262829481967939,-0.02120030244881772,Q4
val,P1384,217,val:P1384:217,swimming-pool,14,0,369.0,29.0,19.0,23.53720474243164,15.23154640197754,12.26477372789239,175.0,1564.0,198.0,1559.0,204.0,1575.0,181.0,1578.0,5864,5635,GoogleEarth,0.5202625011,1.1167050603383888e-05,1.5452931778073278,P1384__x0_y1024,4,0,1024,1024,1.0,369.0,175.0,540.0,198.0,535.0,204.0,551.0,181.0,554.0,1,0.0,0.0,-1,175.0,0.1708984375,0.18505859375,0.0003519058227539,0.9342458409344858,5,False,1,0,0,0,tres petit,0-15,0.0005035400390625,0.3270267155705305,0.2221242089707818,0.1185696143684246,-0.466123182191809,-0.1035545946023572,-0.04974350642508294,Q4
val,P1384,218,val:P1384:218,swimming-pool,14,0,280.5,19.0,22.0,21.587032318115234,14.317821502685549,29.74488129694222,134.0,2421.0,148.0,2429.0,145.0,2443.0,129.0,2442.0,5864,5635,GoogleEarth,0.5202625011,8.488774239157672e-06,1.507703690401939,P1384__x0_y2048,13,0,2048,1024,1.0,280.5,134.0,373.0,148.0,381.0,145.0,395.0,129.0,394.0,1,0.0,0.0,-1,129.0,0.1259765625,0.1357421875,0.0002675056457519,0.9193674700181612,20,False,1,0,0,0,tres petit,15-30,0.0005035400390625,0.3981574958647241,0.3090701098494691,0.0905098185881923,-0.4458819404283276,-0.2185602912612768,0.03353822587547132,Q4
val,P1384,219,val:P1384:219,swimming-pool,14,0,357.0,23.0,17.0,22.0,17.029386520385742,0.0,149.0,2431.0,171.0,2431.0,168.0,2448.0,148.0,2448.0,5864,5635,GoogleEarth,0.5202625011,1.0803894486200673e-05,1.2918844712147426,P1384__x0_y2048,14,0,2048,1024,1.0,357.0,149.0,383.0,171.0,383.0,168.0,400.0,148.0,400.0,1,0.0,0.0,-1,148.0,0.14453125,0.1552734375,0.000340461730957,0.829374392352937,20,False,1,0,0,0,tres petit,0-15,0.0005035400390625,0.4021456744732991,0.3032582254683888,0.0916500362906043,-0.439510768039638,-0.2116081891777845,-1.0,Q1
val,P1384,220,val:P1384:220,swimming-pool,14,0,324.0,17.0,24.0,23.53720474243164,12.369317054748535,77.7352262721076,261.0,2447.0,278.0,2448.0,273.0,2471.0,261.0,2468.0,5864,5635,GoogleEarth,0.5202625011,9.805215163946828e-06,1.9028701939041808,P1384__x0_y2048,15,0,2048,1024,1.0,324.0,261.0,399.0,278.0,400.0,273.0,423.0,261.0,420.0,1,0.0,0.0,-1,261.0,0.2548828125,0.261962890625,0.0003089904785156,1.0656999695764195,20,False,1,0,0,0,tres petit,75-90,0.0005035400390625,0.4292239792384104,0.2850284912218937,0.0825562879477564,-0.3948106837435636,-0.2024722032741372,-0.06982228777745941,Q4
val,P1384,221,val:P1384:221,swimming-pool,14,0,370.5,19.0,23.0,22.022714614868164,17.029386520385742,87.3974377975002,136.0,2568.0,153.0,2569.0,152.0,2591.0,134.0,2588.0,5864,5635,GoogleEarth,0.5202625011,1.121244511803179e-05,1.293218319315552,P1384__x0_y2048,16,0,2048,1024,1.0,370.5,136.0,520.0,153.0,521.0,152.0,543.0,134.0,540.0,1,0.0,0.0,-1,134.0,0.130859375,0.140380859375,0.0003533363342285,0.8299562105582742,20,False,1,0,0,0,tres petit,75-90,0.0005035400390625,0.4577710544569108,0.5190002504726566,0.1280367209854309,-0.6706595035748202,-0.3909635294872257,-0.0732747319182076,Q4
val,P1384,222,val:P1384:222,swimming-pool,14,0,330.0,20.0,21.0,20.615528106689453,16.031219482421875,14.036243467926482,62.0,3056.0,82.0,3051.0,82.0,3071.0,66.0,3072.0,5864,5635,GoogleEarth,0.5202625011,9.986793222538437e-06,1.2859613162488506,P1384__x0_y2048,17,0,2048,1024,1.0,330.0,62.0,1008.0,82.0,1003.0,82.0,1023.0,66.0,1024.0,1,0.0,0.0,-1,0.0,0.0,0.00927734375,0.000314712524414,0.8267866432035652,20,False,1,0,0,0,tres petit,0-15,0.0005035400390625,0.3776247982291422,0.3101894491836663,0.0852636828722836,-0.4507151828754553,-0.2249257663113826,-0.08335689978533868,Q4
val,P1384,226,val:P1384:226,swimming-pool,14,0,232.0,22.0,23.0,21.931713104248047,10.816654205322266,43.15238973400541,1380.0,3991.0,1396.0,4006.0,1387.0,4014.0,1374.0,4000.0,5864,5635,GoogleEarth,0.5202625011,7.021018265542174e-06,2.027587522716284,P1384__x1024_y3072,12,1024,3072,1024,1.0,232.0,356.0,919.0,372.0,934.0,363.0,942.0,350.0,928.0,1,0.0,0.0,-1,82.0,0.080078125,0.091064453125,0.0002212524414062,1.1077661052646646,13,False,1,0,0,0,tres petit,30-45,0.0005035400390625,0.3262553446182352,0.2172771730431607,0.070684604665993,-0.3632468112331859,-0.1465925683771677,-0.028580421496126104,Q4
val,P1384,227,val:P1384:227,swimming-pool,14,0,132.5,16.0,10.0,16.124515533447266,8.062257766723633,3.8140748342903534,1083.0,4857.0,1098.0,4858.0,1098.0,4867.0,1082.0,4865.0,5864,5635,GoogleEarth,0.5202625011,4.009848793898009e-06,2.0,P1384__x1024_y4096,10,1024,4096,1024,1.0,132.5,59.0,761.0,74.0,762.0,74.0,771.0,58.0,769.0,1,0.0,0.0,-1,58.0,0.056640625,0.064697265625,0.0001263618469238,1.0986122886681098,11,False,1,0,0,0,tres petit,0-15,0.0005035400390625,0.2907669834033398,0.231664679223383,0.0863209683141601,-0.4422170605027676,-0.1453437109092228,-0.13207711632384975,Q3
val,P1384,267,val:P1384:267,plane,0,0,527.0,32.0,29.0,26.0,20.615528106689453,24.443954780416533,2492.0,3145.0,2470.0,3135.0,2478.0,3116.0,2502.0,3126.0,5864,5635,GoogleEarth,0.5202625011,1.5948606146296232e-05,1.2611852514980375,P1384__x2048_y3072,1,2048,3072,1024,1.0,527.0,444.0,73.0,422.0,63.0,430.0,44.0,454.0,54.0,1,0.0,0.0,-1,44.0,0.04296875,0.05712890625,0.000502586364746,0.8158891233751367,5,False,1,0,0,0,tres petit,15-30,0.0005035400390625,0.4902824878511899,0.4137478406314929,0.0973198556777487,-0.5149255003438659,-0.3164279849537441,-0.534316245511817,Q1
val,P1384,269,val:P1384:269,roundabout,12,0,1054.0,34.0,31.0,34.0,31.0,0.0,5454.0,2866.0,5488.0,2866.0,5488.0,2897.0,5454.0,2897.0,5864,5635,GoogleEarth,0.5202625011,3.1897212292592464e-05,1.096774193548387,P1384__x4840_y2048,2,4840,2048,1024,1.0,1054.0,614.0,818.0,648.0,818.0,648.0,849.0,614.0,849.0,1,0.0,0.0,-1,175.0,0.1708984375,0.18603515625,0.0010051727294921,0.7404000654104909,4,False,0,0,0,0,moyen,0-15,0.0005035400390625,0.1501099441245877,0.2141626827241413,0.1557646758510822,0.193590684185983,-0.0583980068730591,-0.9579519569585678,Q1
val,P1384,270,val:P1384:270,tennis-court,4,0,824.5,24.0,49.0,47.38143157958984,17.11724281311035,82.72499504211073,4113.0,474.0,4130.0,476.0,4124.0,523.0,4106.0,519.0,5864,5635,GoogleEarth,0.5202625011,2.495185155146346e-05,2.768052781450275,P1384__x4096_y0,0,4096,0,1024,1.0,824.5,17.0,474.0,34.0,476.0,28.0,523.0,10.0,519.0,1,0.0,0.0,-1,10.0,0.009765625,0.021728515625,0.0007863044738769,1.3265583644318986,4,False,0,0,0,0,petit,75-90,0.0005035400390625,0.2020452431278074,0.3398817127054228,0.1708835931543622,0.2569429626697967,-0.1689981195510605,0.019812592441081224,Q4
val,P1384,271,val:P1384:271,tennis-court,4,0,921.0,27.0,48.0,46.69047164916992,19.416488647460938,80.13419305691562,4148.0,480.0,4169.0,482.0,4161.0,528.0,4142.0,524.0,5864,5635,GoogleEarth,0.5202625011,2.787223199381182e-05,2.4046815310901004,P1384__x4096_y0,1,4096,0,1024,1.0,921.0,52.0,480.0,73.0,482.0,65.0,528.0,46.0,524.0,1,0.0,0.0,-1,46.0,0.044921875,0.0576171875,0.0008783340454101,1.2251514054446495,4,False,0,0,0,0,petit,75-90,0.0005035400390625,0.2217807149123278,0.3191436192059815,0.1526726100870775,0.243623710096423,-0.166471009118904,-0.016152557077351467,Q4
val,P1384,272,val:P1384:272,storage-tank,2,0,576.0,24.0,24.0,24.0,24.0,0.0,4833.0,742.0,4857.0,742.0,4857.0,766.0,4833.0,766.0,5864,5635,GoogleEarth,0.5202625011,1.7431493624794363e-05,1.0,P1384__x4096_y0,2,4096,0,1024,1.0,576.0,737.0,742.0,761.0,742.0,761.0,766.0,737.0,766.0,1,0.0,0.0,-1,258.0,0.251953125,0.263671875,0.00054931640625,0.6931471805599453,4,False,0,0,0,0,petit,0-15,0.0005035400390625,0.95,0.208243194694542,0.151656838923925,4.10827753812022,-0.0565863557706169,-0.9617828154852069,Q1
val,P1384,273,val:P1384:273,storage-tank,2,0,812.0,29.0,28.0,29.0,28.0,0.0,4825.0,766.0,4854.0,766.0,4854.0,794.0,4825.0,794.0,5864,5635,GoogleEarth,0.5202625011,2.4573563929397608e-05,1.0357142857142858,P1384__x4096_y0,3,4096,0,1024,1.0,812.0,729.0,766.0,758.0,766.0,758.0,794.0,729.0,794.0,1,0.0,0.0,-1,230.0,0.224609375,0.23828125,0.0007743835449218,0.7108467576593462,4,False,0,0,0,0,petit,0-15,0.0005035400390625,0.95,0.2127757059270656,0.1528131118509315,4.195551524465175,-0.0599625940761341,-0.9644807721746405,Q1
val,P1384,274,val:P1384:274,roundabout,12,0,1369.0,37.0,37.0,37.0,37.0,0.0,5588.0,2070.0,5625.0,2070.0,5625.0,2107.0,5588.0,2107.0,5864,5635,GoogleEarth,0.5202625011,4.143006036865188e-05,1.0,P1384__x4840_y2048,3,4840,2048,1024,1.0,1369.0,748.0,22.0,785.0,22.0,785.0,59.0,748.0,59.0,1,0.0,0.0,-1,22.0,0.021484375,0.03955078125,0.0013055801391601,0.6931471805599453,4,False,0,0,0,0,moyen,0-15,0.0005035400390625,0.1374476615400441,0.2386253246703182,0.1624655384233503,0.2004904690828962,-0.0761597862469679,-0.9409849860524107,Q1
val,P1384,275,val:P1384:275,roundabout,12,1,156.0,13.0,12.0,13.0,12.0,0.0,5344.0,3212.0,5357.0,3212.0,5357.0,3224.0,5344.0,3224.0,5864,5635,GoogleEarth,0.5202625011,4.721029523381807e-06,1.0833333333333333,P1384__x4840_y3072,2,4840,3072,1024,1.0,156.0,504.0,140.0,517.0,140.0,517.0,152.0,504.0,152.0,1,0.0,0.0,-1,140.0,0.13671875,0.142578125,0.0001487731933593,0.7339691750802004,3,False,1,0,0,0,tres petit,0-15,0.0005035400390625,0.1429862356138507,0.2326402885995312,0.1671249690356115,-1.234333900724067,-0.0655153195639197,-0.9714323919370874,Q1
val,P1384,276,val:P1384:276,swimming-pool,14,1,72.0,13.0,9.0,12.165525436401367,5.099019527435303,21.80140948635181,691.0,94.0,701.0,90.0,704.0,97.0,692.0,99.0,5864,5635,GoogleEarth,0.5202625011,2.1789367030992954e-06,2.3858558240353247,P1384__x0_y0,11,0,0,1024,1.0,72.0,691.0,94.0,701.0,90.0,704.0,97.0,692.0,99.0,1,0.0,0.0,-1,90.0,0.087890625,0.0927734375,6.866455078125e-05,1.219606702779381,12,False,1,0,0,0,tres petit,15-30,0.0005035400390625,0.288718103731867,0.2037503661259956,0.0804254355554326,-0.4018853482093678,-0.1233249305705629,0.0190687350366237,Q4
val,P1384,277,val:P1384:277,swimming-pool,14,1,106.0,15.0,12.0,12.649110794067385,8.5440034866333,18.434948822922024,88.0,2698.0,100.0,2694.0,103.0,2702.0,92.0,2706.0,5864,5635,GoogleEarth,0.5202625011,3.207879035118408e-06,1.4804664831722427,P1384__x0_y2048,18,0,2048,1024,1.0,106.0,88.0,650.0,100.0,646.0,103.0,654.0,92.0,658.0,1,0.0,0.0,-1,88.0,0.0859375,0.093505859375,0.000101089477539,0.9084466405419938,20,False,1,0,0,0,tres petit,15-30,0.0005035400390625,0.3830564415635584,0.3112742973582831,0.0863661660903881,-0.450374033206155,-0.224908131267895,0.012550640684436083,Q4
val,P1384,278,val:P1384:278,swimming-pool,14,0,210.0,14.0,24.0,23.34523582458496,8.062257766723633,80.13419305691562,130.0,2729.0,138.0,2730.0,134.0,2753.0,124.0,2751.0,5864,5635,GoogleEarth,0.5202625011,6.355232050706278e-06,2.89562012280737,P1384__x0_y2048,19,0,2048,1024,1.0,210.0,130.0,681.0,138.0,682.0,134.0,705.0,124.0,703.0,1,0.0,0.0,-1,124.0,0.12109375,0.12841796875,0.0002002716064453,1.3598528766135316,20,False,1,0,0,0,tres petit,75-90,0.0005035400390625,0.3382049913593938,0.3470985136723229,0.1280932016312137,-0.5977495792866963,-0.2190053120411091,-0.04008132481718216,Q4
val,P1384,283,val:P1384:283,plane,0,0,526.0,32.0,32.0,24.413110733032227,21.63330841064453,36.384351815835885,2451.0,3149.0,2470.0,3163.0,2458.0,3181.0,2438.0,3167.0,5864,5635,GoogleEarth,0.5202625011,1.5918343136530965e-05,1.1284964033064824,P1384__x2048_y3072,2,2048,3072,1024,1.0,526.0,403.0,77.0,422.0,91.0,410.0,109.0,390.0,95.0,1,0.0,0.0,-1,77.0,0.0751953125,0.0908203125,0.0005016326904296,0.7554158165061515,5,False,1,0,0,0,tres petit,30-45,0.0005035400390625,0.5202883788450539,0.4400275435600339,0.0978938690718044,-0.5302867700640159,-0.3421336744882295,-0.5113512120011849,Q1
val,P1384,284,val:P1384:284,plane,0,0,557.0,29.0,24.0,26.01922416687012,20.2237491607666,9.090276920822332,2471.0,3142.0,2446.0,3138.0,2449.0,3118.0,2475.0,3119.0,5864,5635,GoogleEarth,0.5202625011,1.685649643925427e-05,1.2865677852327473,P1384__x2048_y3072,3,2048,3072,1024,1.0,557.0,423.0,70.0,398.0,66.0,401.0,46.0,427.0,47.0,1,0.0,0.0,-1,46.0,0.044921875,0.055908203125,0.0005311965942382,0.8270519095251099,5,False,0,0,0,0,petit,0-15,0.0005035400390625,0.4768724146731353,0.407479611605649,0.0924566093738377,0.4639066949108933,-0.3150230022318112,-0.5341670894008173,Q1
val,P1384,300,val:P1384:300,plane,0,0,335.0,21.0,22.0,20.39607810974121,17.11724281311035,77.47119229084849,2647.0,3101.0,2651.0,3083.0,2668.0,3085.0,2664.0,3105.0,5864,5635,GoogleEarth,0.5202625011,1.0138108271364778e-05,1.1915516028153523,P1384__x2048_y3072,4,2048,3072,1024,1.0,335.0,599.0,29.0,603.0,11.0,620.0,13.0,616.0,33.0,1,0.0,0.0,-1,11.0,0.0107421875,0.02099609375,0.000319480895996,0.7846097874009437,5,False,1,0,0,0,tres petit,75-90,0.0005035400390625,0.5250417751531913,0.4854070901445243,0.0979308830575132,-0.573996380703558,-0.3874762070870111,-0.6886731280604663,Q1
val,P1384,77,val:P1384:77,swimming-pool,14,1,92.5,10.0,13.0,12.369317054748535,7.071067810058594,75.96375653207352,252.0,2070.0,260.0,2071.0,257.0,2083.0,250.0,2082.0,5864,5635,GoogleEarth,0.5202625011,2.7993284032872893e-06,1.7492855940588183,P1384__x0_y2048,0,0,2048,1024,1.0,92.5,252.0,22.0,260.0,23.0,257.0,35.0,250.0,34.0,1,0.0,0.0,-1,22.0,0.021484375,0.02783203125,8.821487426757812e-05,1.0113410939501657,20,False,1,0,0,0,tres petit,75-90,0.0005035400390625,0.3838597701631401,0.3053516493740961,0.0938808896594779,-0.456041556022808,-0.2114707597146181,-0.011657825259596955,Q4
val,P1384,78,val:P1384:78,swimming-pool,14,0,102.0,16.0,11.0,16.124515533447266,5.099019527435303,7.125016348901795,336.0,2285.0,352.0,2283.0,351.0,2288.0,339.0,2294.0,5864,5635,GoogleEarth,0.5202625011,3.086826996057335e-06,3.1622776588105266,P1384__x0_y2048,1,0,2048,1024,1.0,102.0,336.0,237.0,352.0,235.0,351.0,240.0,339.0,246.0,1,0.0,0.0,-1,235.0,0.2294921875,0.23388671875,9.72747802734375e-05,1.4260624385791398,20,False,1,0,0,0,tres petit,0-15,0.0005035400390625,0.3040059311542414,0.3126030331001566,0.0943585043931751,-0.5286282900859693,-0.2182445287069815,-0.24523356354636117,Q3
val,P1384,79,val:P1384:79,swimming-pool,14,1,98.0,14.0,8.0,14.0,7.0,0.0,218.0,2320.0,232.0,2320.0,230.0,2328.0,218.0,2327.0,5864,5635,GoogleEarth,0.5202625011,2.965774956996263e-06,2.0,P1384__x0_y2048,2,0,2048,1024,1.0,98.0,218.0,272.0,232.0,272.0,230.0,280.0,218.0,279.0,1,0.0,0.0,-1,218.0,0.212890625,0.21923828125,9.34600830078125e-05,1.0986122886681098,20,False,1,0,0,0,tres petit,0-15,0.0005035400390625,0.3607522484466182,0.2797450808665978,0.0844177850319833,-0.4293321714673574,-0.1953272958346144,-1.0,Q1
val,P1384,80,val:P1384:80,swimming-pool,14,0,80.0,6.0,16.0,16.124515533447266,4.0,90.0,294.0,2426.0,298.0,2426.0,298.0,2442.0,292.0,2442.0,5864,5635,GoogleEarth,0.5202625011,2.421040781221439e-06,4.031128883361816,P1384__x0_y2048,3,0,2048,1024,1.0,80.0,294.0,378.0,298.0,378.0,298.0,394.0,292.0,394.0,1,0.0,0.0,-1,292.0,0.28515625,0.28857421875,7.62939453125e-05,1.6156443890227947,20,False,1,0,0,0,tres petit,75-90,0.0005035400390625,0.3290525611874229,0.5174286403400827,0.1854079427713364,-0.8954806569815257,-0.3320206975687463,0.22287393029079983,Q4
val,P1384,81,val:P1384:81,swimming-pool,14,0,77.0,8.0,15.0,15.132745742797852,5.099019527435303,82.40535663140855,164.0,2565.0,169.0,2564.0,167.0,2579.0,161.0,2578.0,5864,5635,GoogleEarth,0.5202625011,2.3302517519256354e-06,2.96777560104958,P1384__x0_y2048,4,0,2048,1024,1.0,77.0,164.0,517.0,169.0,516.0,167.0,531.0,161.0,530.0,1,0.0,0.0,-1,161.0,0.1572265625,0.161376953125,7.343292236328125e-05,1.3782056356686492,20,False,1,0,0,0,tres petit,75-90,0.0005035400390625,0.3432834974673218,0.3796532573549301,0.1232961845971292,-0.6155243077305983,-0.2563570727578008,-0.026793427224258693,Q4
val,P1384,82,val:P1384:82,swimming-pool,14,0,105.5,13.0,17.0,15.65247631072998,6.7082037925720215,63.43494882292201,136.0,2849.0,142.0,2845.0,149.0,2859.0,143.0,2862.0,5864,5635,GoogleEarth,0.5202625011,3.192747530235773e-06,2.33333345180448,P1384__x0_y2048,5,0,2048,1024,1.0,105.5,136.0,801.0,142.0,797.0,149.0,811.0,143.0,814.0,1,0.0,0.0,-1,136.0,0.1328125,0.13916015625,0.0001006126403808,1.203972839867279,20,False,1,0,0,0,tres petit,60-75,0.0005035400390625,0.3615260381283533,0.2971999156738733,0.0713565549476361,-0.4232193376186741,-0.2258433607262371,-0.040403378918591644,Q4
val,P1384,83,val:P1384:83,swimming-pool,14,1,140.0,18.0,14.0,13.928388595581056,10.29563045501709,21.03751102542182,150.0,2892.0,163.0,2887.0,168.0,2896.0,156.0,2901.0,5864,5635,GoogleEarth,0.5202625011,4.236821367137519e-06,1.3528446515670842,P1384__x0_y2048,6,0,2048,1024,1.0,140.0,150.0,844.0,163.0,839.0,168.0,848.0,156.0,853.0,1,0.0,0.0,-1,150.0,0.146484375,0.155517578125,0.0001335144042968,0.8556250861322613,20,False,1,0,0,0,tres petit,15-30,0.0005035400390625,0.4106657292829591,0.304229993164361,0.0774745853021199,-0.4154114845146417,-0.2267554078622411,0.05563791069640507,Q4
val,P1384,84,val:P1384:84,swimming-pool,14,0,158.0,18.0,17.0,16.6433162689209,8.9442720413208,26.565051177077976,50.0,2994.0,64.0,2987.0,68.0,2995.0,54.0,3004.0,5864,5635,GoogleEarth,0.5202625011,4.781555542912343e-06,1.86077930009642,P1384__x0_y2048,7,0,2048,1024,1.0,158.0,50.0,946.0,64.0,939.0,68.0,947.0,54.0,956.0,1,0.0,0.0,-1,50.0,0.048828125,0.0576171875,0.0001506805419921,1.0510940702663287,20,False,1,0,0,0,tres petit,15-30,0.0005035400390625,0.3506806112063065,0.3049649319491585,0.0879513844399575,-0.4678155069828471,-0.2170135475092009,0.037500319203451385,Q4
val,P1384,92,val:P1384:92,swimming-pool,14,1,112.0,17.0,12.0,15.23154640197754,7.211102485656738,17.10272896905238,162.0,2853.0,175.0,2849.0,179.0,2855.0,165.0,2861.0,5864,5635,GoogleEarth,0.5202625011,3.3894570937100148e-06,2.112235463616539,P1384__x0_y2048,8,0,2048,1024,1.0,112.0,162.0,805.0,175.0,801.0,179.0,807.0,165.0,813.0,1,0.0,0.0,-1,162.0,0.158203125,0.166259765625,0.0001068115234375,1.1353412665696905,20,False,1,0,0,0,tres petit,15-30,0.0005035400390625,0.3521477736111051,0.2944382432435264,0.0626030429827787,-0.4096101222510667,-0.2318352002607476,-0.03675171996723244,Q4
val,P1384,93,val:P1384:93,swimming-pool,14,1,68.0,12.0,10.0,11.180339813232422,5.385164737701416,16.69924423399362,320.0,2178.0,330.0,2181.0,328.0,2188.0,318.0,2183.0,5864,5635,GoogleEarth,0.5202625011,2.057884664038224e-06,2.076137009321018,P1384__x0_y2048,9,0,2048,1024,1.0,68.0,320.0,130.0,330.0,133.0,328.0,140.0,318.0,135.0,1,0.0,0.0,-1,130.0,0.126953125,0.13134765625,6.4849853515625e-05,1.1236745920432076,20,False,1,0,0,0,tres petit,15-30,0.0005035400390625,0.3464003535320412,0.3100280653204271,0.0708156462185299,-0.4436453692893446,-0.2392124191018971,-0.10763441621007253,Q4
val,P1384,94,val:P1384:94,swimming-pool,14,1,60.5,13.0,9.0,11.661903381347656,3.605551242828369,30.96375653207352,75.0,1932.0,78.0,1930.0,88.0,1936.0,77.0,1939.0,5864,5635,GoogleEarth,0.5202625011,1.8309120907987133e-06,3.234430076273024,P1384__x0_y1024,0,0,1024,1024,1.0,60.5,75.0,908.0,78.0,906.0,88.0,912.0,77.0,915.0,1,0.0,0.0,-1,75.0,0.0732421875,0.07763671875,5.7697296142578125e-05,1.4432487443781463,5,False,1,0,0,0,tres petit,30-45,0.0005035400390625,0.2266243524698428,0.2252141225125406,0.1520979051176741,-0.74426167665399,-0.0731162173948665,0.11148584959747668,Q4
val,P1384,95,val:P1384:95,swimming-pool,14,1,68.0,12.0,8.0,12.165525436401367,6.0,9.462322208025617,885.0,184.0,897.0,186.0,895.0,192.0,885.0,190.0,5864,5635,GoogleEarth,0.5202625011,2.057884664038224e-06,2.027587572733561,P1384__x0_y0,0,0,0,1024,1.0,68.0,885.0,184.0,897.0,186.0,895.0,192.0,885.0,190.0,1,0.0,0.0,-1,127.0,0.1240234375,0.13037109375,6.4849853515625e-05,1.1077661217851702,12,False,1,0,0,0,tres petit,0-15,0.0005035400390625,0.310137584188553,0.2230473338600705,0.0723328466163085,-0.3839427391680197,-0.150714487243762,-0.11338476438757167,Q4
val,P1384,96,val:P1384:96,swimming-pool,14,0,132.0,10.0,18.0,16.124515533447266,8.246211051940918,82.8749836510982,60.0,1569.0,68.0,1567.0,70.0,1583.0,62.0,1585.0,5864,5635,GoogleEarth,0.5202625011,3.994717289015375e-06,1.9553847739140784,P1384__x0_y1024,1,0,1024,1024,1.0,132.0,60.0,545.0,68.0,543.0,70.0,559.0,62.0,561.0,1,0.0,0.0,-1,60.0,0.05859375,0.0634765625,0.0001258850097656,1.083628853519763,5,False,1,0,0,0,tres petit,75-90,0.0005035400390625,0.3146463344483637,0.3024427786114642,0.1282634304889049,-0.5818225222080788,-0.1741793481225592,-0.01843907542118683,Q4
val,P1384,98,val:P1384:98,roundabout,12,0,210.0,14.0,15.0,15.0,14.0,90.0,180.0,2154.0,194.0,2154.0,194.0,2169.0,180.0,2169.0,5864,5635,GoogleEarth,0.5202625011,6.355232050706278e-06,1.0714285714285714,P1384__x0_y2048,10,0,2048,1024,1.0,210.0,180.0,106.0,194.0,106.0,194.0,121.0,180.0,121.0,1,0.0,0.0,-1,106.0,0.103515625,0.11083984375,0.0002002716064453,0.7282385003712154,20,False,1,0,0,0,tres petit,75-90,0.0005035400390625,0.2257734686086678,0.4880843105342929,0.1292632595813898,-0.9313562579370388,-0.358821050952903,-0.19818845775787022,Q3
val,P1384,99,val:P1384:99,roundabout,12,0,210.0,15.0,14.0,15.0,14.0,0.0,256.0,2346.0,271.0,2346.0,271.0,2360.0,256.0,2360.0,5864,5635,GoogleEarth,0.5202625011,6.355232050706278e-06,1.0714285714285714,P1384__x0_y2048,11,0,2048,1024,1.0,210.0,256.0,298.0,271.0,298.0,271.0,312.0,256.0,312.0,1,0.0,0.0,-1,256.0,0.25,0.25732421875,0.0002002716064453,0.7282385003712154,20,False,1,0,0,0,tres petit,0-15,0.0005035400390625,0.2079742062665975,0.2915742093655691,0.0896051192545927,-0.6328163613333025,-0.2019690901109764,-1.0,Q1
val,P1410,0,val:P1410:0,small-vehicle,10,0,215.5,22.0,12.0,22.022714614868164,9.05538558959961,6.009005957494525,3278.0,4062.0,3280.0,4050.0,3299.0,4052.0,3300.0,4061.0,5336,5952,GoogleEarth,0.275319269353,6.7852918298915055e-06,2.4320018619816626,P1410__x3072_y3072,0,3072,3072,1024,1.0,215.5,206.0,990.0,208.0,978.0,227.0,980.0,228.0,989.0,1,0.0,0.4255359768867492,0,34.0,0.033203125,0.038818359375,0.0002055168151855,1.233143724161018,4,False,1,0,0,0,tres petit,0-15,0.0005035400390625,0.4566296080203508,0.3429619333487601,0.1078963061433866,-0.4713540856151443,-0.2350656272053735,-0.2709293290177524,Q2
val,P1410,1,val:P1410:1,baseball-diamond,3,0,27162.0,172.0,167.0,167.02694702148438,163.07667541503906,1.0291548043059813,2091.0,3568.0,2096.0,3405.0,2263.0,3408.0,2256.0,3572.0,5336,5952,GoogleEarth,0.275319269353,0.0008552301470232,1.0242234004120556,P1410__x2048_y3072,0,2048,3072,1024,1.0,27162.0,43.0,496.0,48.0,333.0,215.0,336.0,208.0,500.0,1,0.0,0.0,-1,43.0,0.0419921875,0.12548828125,0.0259037017822265,0.7051861210319259,2,False,0,0,0,0,grand,0-15,0.0005035400390625,0.05,0.4340676236844365,0.2630238885797017,0.2858695529841457,-0.1710437351047348,-0.9816955732637935,Q1
val,P1410,11,val:P1410:11,small-vehicle,10,0,350.0,25.0,16.0,25.079872131347656,14.0,4.573921259900857,3180.0,3994.0,3180.0,4008.0,3155.0,4006.0,3155.0,3992.0,5336,5952,GoogleEarth,0.275319269353,1.1020195547387596e-05,1.791419437953404,P1410__x3072_y3072,1,3072,3072,1024,1.0,350.0,108.0,922.0,108.0,936.0,83.0,934.0,83.0,920.0,1,0.0,0.3372127115726471,1,83.0,0.0810546875,0.09326171875,0.0003337860107421,1.0265502255823138,4,False,1,0,0,0,tres petit,0-15,0.0005035400390625,0.4989975896357858,0.4012258903915058,0.1194070177144446,-0.5211126492293665,-0.2818188726770612,-0.3054057303348242,Q2
val,P1410,12,val:P1410:12,baseball-diamond,3,0,26246.5,164.0,170.0,168.0743865966797,156.0128173828125,88.29527168099273,2100.0,4943.0,2105.0,4775.0,2264.0,4780.0,2256.0,4945.0,5336,5952,GoogleEarth,0.275319269353,0.0008264044640985,1.0773113992568406,P1410__x2048_y4096,0,2048,4096,1024,1.0,26246.5,52.0,847.0,57.0,679.0,216.0,684.0,208.0,849.0,1,0.0,0.0,-1,52.0,0.05078125,0.130126953125,0.0250306129455566,0.7310744610786308,2,False,0,0,0,0,grand,75-90,0.0005035400390625,0.05,0.5101119472449659,0.2460526475537595,0.2729006447771788,-0.2640592996912063,-0.43823193422761375,Q1
val,P1410,13,val:P1410:13,baseball-diamond,3,0,25998.0,159.0,172.0,166.0,156.11534118652344,88.95202335399352,2109.0,4467.0,2112.0,4303.0,2268.0,4309.0,2268.0,4475.0,5336,5952,GoogleEarth,0.275319269353,0.0008185801252599,1.0633163835043384,P1410__x2048_y4096,1,2048,4096,1024,1.0,25998.0,61.0,371.0,64.0,207.0,220.0,213.0,220.0,379.0,1,0.8395505547523499,0.3858158886432647,0,61.0,0.0595703125,0.137939453125,0.0247936248779296,0.7243145832148499,2,False,0,1,1,1,grand,75-90,0.0005035400390625,0.05,0.5090472289026973,0.2451312995503778,-0.7807083199810592,-0.2639159293523194,-0.4835441847784602,Q1
val,P1410,19,val:P1410:19,soccer-ball-field,13,0,70861.5,394.0,375.0,334.5639038085937,210.87673950195312,39.54244651489541,1220.0,319.0,1478.0,532.0,1343.0,694.0,1084.0,483.0,5336,5952,GoogleEarth,0.275319269353,0.0022311645336605,1.586537730992825,P1410__x1024_y0,0,1024,0,1024,1.0,70861.5,196.0,319.0,454.0,532.0,319.0,694.0,60.0,483.0,1,0.0,0.0,-1,60.0,0.05859375,0.251220703125,0.0675787925720214,0.9503201980189908,2,False,0,0,0,0,grand,30-45,0.0005035400390625,0.05,0.4595156333876308,0.2109128100324193,0.2350978433686104,-0.2486028233552114,-0.3112452975217367,Q2
val,P1410,23,val:P1410:23,bridge,8,0,16009.5,225.0,179.0,217.18655395507807,74.81310272216797,34.49493613008265,208.0,4047.0,387.0,4170.0,337.0,4226.0,162.0,4106.0,5336,5952,GoogleEarth,0.275319269353,0.000504079487474,2.9030550271606805,P1410__x0_y4096,0,0,4096,1024,0.8324087114291514,10743.290845692158,344.8901062011719,135.41015625,162.00006103515625,10.0,204.18215942382807,0.0,387.0721740722656,73.89453125,1,0.0,0.0,-1,0.0,0.0,0.0535411834716796,0.0102456005532189,1.361759586782331,1,False,0,0,0,0,grand,30-45,0.0005035400390625,0.118393147112213,0.3779831522752649,0.2011445562003454,0.2519048410219511,-0.1768385960749194,-0.17557677823808734,Q3
val,P1410,24,val:P1410:24,small-vehicle,10,0,242.0,23.0,12.0,23.021728515625,11.045360565185549,2.726310993906253,3180.0,3935.0,3179.0,3946.0,3158.0,3945.0,3157.0,3934.0,5336,5952,GoogleEarth,0.275319269353,7.61967806419371e-06,2.084289451644376,P1410__x3072_y3072,2,3072,3072,1024,1.0,242.0,108.0,863.0,107.0,874.0,86.0,873.0,85.0,862.0,1,0.0,0.0,-1,85.0,0.0830078125,0.09423828125,0.0002307891845703,1.126321307212708,4,False,1,0,0,0,tres petit,0-15,0.0005035400390625,0.472397103510287,0.4003045461532636,0.1008236970292077,-0.5129108136179261,-0.2994808491240558,-0.3543232505575241,Q2
val,P1410,25,val:P1410:25,small-vehicle,10,0,236.5,22.0,13.0,22.090721130371094,10.440306663513184,5.194428907734806,3400.0,4094.0,3400.0,4081.0,3422.0,4083.0,3419.0,4093.0,5336,5952,GoogleEarth,0.275319269353,7.446503562734762e-06,2.115907304483097,P1410__x3072_y3072,3,3072,3072,1024,1.0,236.5,328.0,1022.0,328.0,1009.0,350.0,1011.0,347.0,1021.0,1,0.0,0.0,-1,2.0,0.001953125,0.008056640625,0.00022554397583,1.136520379325673,4,False,1,0,0,0,tres petit,0-15,0.0005035400390625,0.4816382344013685,0.3294361289799408,0.1008544426284706,-0.4379804330141461,-0.2285816863514702,-0.25544110691179583,Q3
val,P1410,26,val:P1410:26,small-vehicle,10,0,214.0,20.0,12.0,20.0,10.049875259399414,6.009005957494537,3420.0,4105.0,3420.0,4117.0,3401.0,4115.0,3400.0,4105.0,5336,5952,GoogleEarth,0.275319269353,6.738062420402702e-06,1.990074452047996,P1410__x3072_y4096,1,3072,4096,1024,1.0,214.0,348.0,9.0,348.0,21.0,329.0,19.0,328.0,9.0,1,0.0,0.4840647578239441,0,9.0,0.0087890625,0.01416015625,0.0002040863037109,1.095298287443087,4,False,1,0,0,0,tres petit,0-15,0.0005035400390625,0.492073248165392,0.3353895618291276,0.1182094484480476,-0.4574074553241152,-0.21718011338108,-0.25147703871757293,Q3
val,P1410,27,val:P1410:27,small-vehicle,10,0,237.5,20.0,13.0,20.0,12.04159450531006,3.1798301198642345,3352.0,4115.0,3353.0,4102.0,3371.0,4103.0,3372.0,4115.0,5336,5952,GoogleEarth,0.275319269353,7.477989835727298e-06,1.6609096072102805,P1410__x3072_y4096,2,3072,4096,1024,1.0,237.5,280.0,19.0,281.0,6.0,299.0,7.0,300.0,19.0,1,0.0,0.3716805577278137,1,6.0,0.005859375,0.012451171875,0.0002264976501464,0.9786680219372836,4,False,1,0,0,0,tres petit,0-15,0.0005035400390625,0.5164226156625883,0.3537669902128992,0.127400883859909,-0.4730649921026958,-0.2263661063529901,-0.29698271657738223,Q2
val,P1410,28,val:P1410:28,small-vehicle,10,0,299.0,26.0,12.0,26.01922416687012,11.0,0.0,560.0,2899.0,560.0,2888.0,586.0,2888.0,586.0,2900.0,5336,5952,GoogleEarth,0.275319269353,9.414395624768262e-06,2.3653840151700107,P1410__x0_y2048,0,0,2048,1024,1.0,299.0,560.0,851.0,560.0,840.0,586.0,840.0,586.0,852.0,1,0.0,0.0,-1,172.0,0.16796875,0.174072265625,0.0002851486206054,1.2135420769925882,1,False,1,0,0,0,tres petit,0-15,0.0005035400390625,0.4271724477898967,0.3655134952150051,0.1745573285397752,-0.5995905002866304,-0.1909561666752298,-1.0,Q1
val,P1410,29,val:P1410:29,large-vehicle,9,0,2387.0,78.0,35.0,78.05767059326172,30.01666259765625,2.202598161765792,3625.0,4214.0,3626.0,4244.0,3548.0,4241.0,3549.0,4209.0,5336,5952,GoogleEarth,0.275319269353,7.51577336331834e-05,2.600477995823446,P1410__x3072_y4096,3,3072,4096,1024,1.0,2387.0,553.0,118.0,554.0,148.0,476.0,145.0,477.0,113.0,1,0.0,0.0,-1,113.0,0.1103515625,0.1279296875,0.0022764205932617,1.2810666132656534,4,False,0,0,0,0,moyen,0-15,0.0005035400390625,0.5667434603833612,0.5477265733837194,0.1181820550945875,0.8346639201302118,-0.4295445182891318,-0.5085861502546117,Q1
val,P1410,30,val:P1410:30,large-vehicle,9,0,1280.0,80.0,63.0,87.80091094970703,12.806248664855955,34.77783136636388,1958.0,5148.0,1966.0,5138.0,2038.0,5188.0,2028.0,5201.0,5336,5952,GoogleEarth,0.275319269353,4.030242943044607e-05,6.856099178415774,P1410__x1024_y4928,0,1024,4928,1024,1.0,1280.0,934.0,220.0,942.0,210.0,1014.0,260.0,1004.0,273.0,1,0.0,0.0,-1,10.0,0.009765625,0.04931640625,0.001220703125,2.0612901955162357,1,False,0,0,0,0,moyen,30-45,0.0005035400390625,0.4190397170040015,0.5360915063721009,0.2622894080924855,0.6489658121315571,-0.2738020982796154,0.29417199005761996,Q4
val,P1410,33,val:P1410:33,large-vehicle,9,0,1140.5,74.0,18.0,74.02702331542969,15.0,1.5481576989779675,2902.0,2962.0,2902.0,2947.0,2976.0,2949.0,2975.0,2965.0,5336,5952,GoogleEarth,0.275319269353,3.5910094347987295e-05,4.9351348876953125,P1410__x2048_y2048,0,2048,2048,1024,1.0,1140.5,854.0,914.0,854.0,899.0,928.0,901.0,927.0,917.0,1,0.0,0.0,-1,96.0,0.09375,0.113525390625,0.0010876655578613,1.7808897553004697,1,False,0,0,0,0,moyen,0-15,0.0005035400390625,0.4344814623393103,0.5819792850018469,0.2602527535116502,0.7073808208686638,-0.3217265314901967,-0.5727174851427301,Q1
val,P1410,34,val:P1410:34,large-vehicle,9,0,657.0,48.0,39.0,49.40647888183594,13.45362377166748,35.94211187138234,2734.0,5694.0,2742.0,5683.0,2782.0,5712.0,2773.0,5722.0,5336,5952,GoogleEarth,0.275319269353,2.0686481356096145e-05,3.6723547291312695,P1410__x2048_y4928,0,2048,4928,1024,1.0,657.0,686.0,766.0,694.0,755.0,734.0,784.0,725.0,794.0,1,0.0,0.0,-1,230.0,0.224609375,0.243408203125,0.0006265640258789,1.5416631692556475,1,False,0,0,0,0,petit,30-45,0.0005035400390625,0.526139784118089,0.6252471306699706,0.2591869425026205,0.953415703064224,-0.3660601881673501,0.2055875026596194,Q4
val,P1410,35,val:P1410:35,bridge,8,0,2099.0,112.0,109.0,141.4284210205078,14.866068840026855,44.42706130231652,1576.0,2204.0,1677.0,2303.0,1666.0,2313.0,1565.0,2214.0,5336,5952,GoogleEarth,0.275319269353,6.608968701133305e-05,9.513505052506694,P1410__x1024_y2048,0,1024,2048,1024,1.0,2099.0,552.0,156.0,653.0,255.0,642.0,265.0,541.0,166.0,1,0.0,0.0,-1,156.0,0.15234375,0.20556640625,0.0020017623901367,2.3526606261994707,4,False,0,0,0,0,moyen,30-45,0.0005035400390625,0.0515263006932404,0.3872577181447755,0.1690729984255099,0.1901109646289905,-0.2181847197192655,0.2971116574703082,Q4
val,P1410,37,val:P1410:37,bridge,8,0,773.5,83.0,65.0,98.0051040649414,7.211102485656738,36.28526712513885,1274.0,2642.0,1353.0,2700.0,1348.0,2707.0,1270.0,2648.0,5336,5952,GoogleEarth,0.275319269353,2.4354632159726588e-05,13.59086273699184,P1410__x1024_y2048,1,1024,2048,1024,1.0,773.5,250.0,594.0,329.0,652.0,324.0,659.0,246.0,600.0,1,0.0,0.0,-1,246.0,0.240234375,0.280517578125,0.0007376670837402,2.6803954928626674,4,False,0,0,0,0,petit,30-45,0.0005035400390625,0.05,0.3850095609784634,0.1677380816515879,0.1880017427557176,-0.2172714793268755,0.2869164696171892,Q4
val,P1410,39,val:P1410:39,bridge,8,0,3014.0,97.0,49.0,63.0079345703125,58.8217658996582,0.0,1136.0,2878.0,1198.0,2878.0,1164.0,2926.0,1101.0,2927.0,5336,5952,GoogleEarth,0.275319269353,9.489962679950348e-05,1.0711670009668754,P1410__x1024_y2048,2,1024,2048,1024,1.0,3014.0,112.0,830.0,174.0,830.0,140.0,878.0,77.0,879.0,1,0.0,0.0,-1,77.0,0.0751953125,0.122802734375,0.0028743743896484,0.728112217002505,4,False,0,0,0,0,moyen,0-15,0.0005035400390625,0.1735891240787068,0.460502616086904,0.1831546105852894,0.2798840318593772,-0.2773480055016146,-1.0,Q1
val,P1410,40,val:P1410:40,bridge,8,0,3386.5,99.0,48.0,78.05767059326172,50.56678771972656,2.2025981617658053,1069.0,2948.0,1147.0,2951.0,1116.0,2996.0,1048.0,2994.0,5336,5952,GoogleEarth,0.275319269353,0.0001066282634892,1.543654918835406,P1410__x1024_y2048,3,1024,2048,1024,1.0,3386.5,45.0,900.0,123.0,903.0,92.0,948.0,24.0,946.0,1,0.0,0.0,-1,24.0,0.0234375,0.0693359375,0.0032296180725097,0.9336019911653768,4,False,0,0,0,0,grand,0-15,0.0005035400390625,0.1511737934660089,0.4415442656005622,0.1450058150902172,0.2236437283640777,-0.296538450510345,-0.37596872050634556,Q2
val,P1410,41,val:P1410:41,soccer-ball-field,13,0,77377.5,401.0,395.0,331.9035949707031,232.26063537597656,40.60129464500447,1024.0,449.0,1276.0,665.0,1128.0,844.0,875.0,630.0,5336,5952,GoogleEarth,0.275319269353,0.0024363290884799,1.4290135495127168,P1410__x1024_y0,1,1024,0,1024,0.7043862173273885,48318.76842800528,103.419677734375,844.6770629882812,0.0,625.9946899414062,0.0,448.9999694824219,255.12939453125,667.6823120117188,1,0.0,0.0,-1,0.0,0.0,0.0875363945960998,0.0460803684501698,0.8874852282312029,2,False,0,0,0,0,grand,30-45,0.0005035400390625,0.05,0.4727782589163766,0.2203283358607566,0.2452114021195133,-0.2524499230556199,-0.30889994381066366,Q2
val,P1410,8,val:P1410:8,soccer-ball-field,13,0,100156.0,263.0,406.0,400.2449340820313,249.098373413086,87.99546596789409,3336.0,4550.0,3588.0,4556.0,3574.0,4956.0,3325.0,4949.0,5336,5952,GoogleEarth,0.275319269353,0.0031535391578404,1.6067745790467096,P1410__x3072_y4096,0,3072,4096,1024,1.0,100156.0,264.0,454.0,516.0,460.0,502.0,860.0,253.0,853.0,1,0.0,0.0,-1,164.0,0.16015625,0.358642578125,0.0955162048339843,0.9581136636434808,4,False,0,0,0,0,grand,75-90,0.0005035400390625,0.05,0.535123602581449,0.1825474672784572,0.2107118674143229,-0.3525761353029917,-0.5465808364755711,Q1
val,P1410,9,val:P1410:9,baseball-diamond,3,0,27706.0,164.0,175.0,174.01148986816406,161.00311279296875,88.98302196928083,2702.0,3553.0,2705.0,3384.0,2866.0,3385.0,2864.0,3559.0,5336,5952,GoogleEarth,0.275319269353,0.0008723586795312,1.0807958110221296,P1410__x2048_y3072,1,2048,3072,1024,1.0,27706.0,654.0,481.0,657.0,312.0,818.0,313.0,816.0,487.0,1,0.0,0.0,-1,206.0,0.201171875,0.281005859375,0.0264225006103515,0.7327504219929012,2,False,0,0,0,0,grand,75-90,0.0005035400390625,0.05,0.5161601089389245,0.2483766834496645,0.2755430049727658,-0.2677834254892599,-0.5160028675738896,Q1
val,P1561,0,val:P1561:0,bridge,8,0,13355.5,184.0,122.0,172.25563049316406,77.1297607421875,15.899522588456565,3197.0,3173.0,3362.0,3126.0,3381.0,3202.0,3215.0,3248.0,4294,4000,JL,0.72,0.0007775675360968,2.2333225052900465,P1561__x3072_y2976,0,3072,2976,1024,1.0,13355.5,125.0,197.0,290.0,150.0,309.0,226.0,143.0,272.0,1,0.0,0.0,-1,125.0,0.1220703125,0.206298828125,0.0127367973327636,1.173510247956253,1,False,0,0,0,0,grand,15-30,0.0005035400390625,0.2203606577692848,0.1415223707888711,0.1220998853899352,0.1621003843730606,-0.0194224853989358,-0.8187497421875476,Q1
val,P1561,1,val:P1561:1,bridge,8,0,6799.5,117.0,91.0,105.08092498779295,64.8459701538086,14.858614447924651,837.0,3834.0,935.0,3808.0,954.0,3870.0,853.0,3899.0,4294,4000,JL,0.72,0.0003958721471821,1.620469625769355,P1561__x0_y2976,0,0,2976,1024,1.0,6799.5,837.0,858.0,935.0,832.0,954.0,894.0,853.0,923.0,1,0.0,0.0,-1,70.0,0.068359375,0.126220703125,0.0064845085144042,0.9633535481871284,1,False,0,0,0,0,grand,0-15,0.0005035400390625,0.2388089963965075,0.1704554635253027,0.145292845470442,0.1987699596008963,-0.0251626180548607,-0.8496563086524602,Q1
val,P1647,0,val:P1647:0,baseball-diamond,3,0,3174.0,74.0,77.0,57.24508666992188,55.4707145690918,65.72555886556054,3415.0,1857.0,3438.0,1908.0,3389.0,1934.0,3364.0,1883.0,4000,4000,JL,0.72,0.000198375,1.0319875472060127,P1647__x2976_y1024,0,2976,1024,1024,1.0,3174.0,439.0,833.0,462.0,884.0,413.0,910.0,388.0,859.0,1,0.0,0.0,-1,114.0,0.111328125,0.14892578125,0.0030269622802734,0.7090144013539594,3,False,0,0,0,0,grand,60-75,0.0005035400390625,0.1479882883359207,0.1624008332758872,0.1367655463656489,0.1649733996284705,-0.0256352869102383,0.22915314907819498,Q4
val,P1647,14,val:P1647:14,baseball-diamond,3,0,2387.5,58.0,59.0,51.6623649597168,45.89117431640625,76.50426671920418,3426.0,1831.0,3414.0,1781.0,3459.0,1772.0,3472.0,1822.0,4000,4000,JL,0.72,0.00014921875,1.1257581818133455,P1647__x2976_y1024,1,2976,1024,1024,1.0,2387.5,450.0,807.0,438.0,757.0,483.0,748.0,496.0,798.0,1,0.0,0.0,-1,217.0,0.2119140625,0.24072265625,0.0022768974304199,0.754128530183024,3,False,0,0,0,0,moyen,75-90,0.0005035400390625,0.1584477664082147,0.1639664023216589,0.1312694363187171,0.1621410913115073,-0.0326969660029417,0.19973562584485602,Q4
val,P1647,2,val:P1647:2,bridge,8,0,1692.0,48.0,72.0,67.67569732666016,27.20294189453125,71.02959219151346,336.0,2484.0,362.0,2492.0,384.0,2556.0,353.0,2549.0,4000,4000,JL,0.72,0.00010575,2.487808031537404,P1647__x0_y2048,0,0,2048,1024,1.0,1692.0,336.0,436.0,362.0,444.0,384.0,508.0,353.0,501.0,1,0.0,0.0,-1,336.0,0.328125,0.350341796875,0.0016136169433593,1.2492734677022783,3,False,0,0,0,0,moyen,60-75,0.0005035400390625,0.2697278538931596,0.1439739915747659,0.1391249941873486,0.1923021500886391,-0.0048489973874172,0.003165220347744967,Q4
val,P1647,21,val:P1647:21,storage-tank,2,0,361.0,19.0,19.0,19.0,19.0,0.0,3013.0,372.0,3032.0,372.0,3032.0,391.0,3013.0,391.0,4000,4000,JL,0.72,2.25625e-05,1.0,P1647__x2048_y0,0,2048,0,1024,1.0,361.0,965.0,372.0,984.0,372.0,984.0,391.0,965.0,391.0,2,0.0,0.0,-1,40.0,0.0390625,0.04833984375,0.0003442764282226,0.6931471805599453,1,False,1,0,0,0,tres petit,0-15,0.0005035400390625,0.95,0.1917450553712845,0.1513782977028065,-0.1997123341977481,-0.040366757668478,-0.9484781619872822,Q1
val,P1647,22,val:P1647:22,ground-track-field,6,0,25071.5,258.0,152.0,250.12196350097656,99.2471694946289,11.44933798850002,1108.0,1716.0,1345.0,1668.0,1366.0,1765.0,1122.0,1820.0,4000,4000,JL,0.72,0.00156696875,2.520192412283483,P1647__x1024_y1024,0,1024,1024,1024,1.0,25071.5,84.0,692.0,321.0,644.0,342.0,741.0,98.0,796.0,1,0.0,0.0,-1,84.0,0.08203125,0.206298828125,0.0239100456237792,1.2585156506965962,2,False,0,0,0,0,grand,0-15,0.0005035400390625,0.083657148536916,0.1404084065913731,0.1335997151985191,0.1464182436644657,-0.006808691392854,-0.15085167137093997,Q3
val,P1647,23,val:P1647:23,baseball-diamond,3,0,4355.0,77.0,80.0,67.46851348876953,65.0,78.02386755579664,1309.0,1544.0,1246.0,1560.0,1232.0,1494.0,1297.0,1480.0,4000,4000,JL,0.72,0.0002721875,1.0379771305964542,P1647__x1024_y1024,1,1024,1024,1024,1.0,4355.0,285.0,520.0,222.0,536.0,208.0,470.0,273.0,456.0,1,0.0,0.0,-1,208.0,0.203125,0.2412109375,0.0041532516479492,0.7119577132441733,2,False,0,0,0,0,grand,75-90,0.0005035400390625,0.1614571772458511,0.1743162227300402,0.1310726332952514,0.1646363398901179,-0.0432435894347887,0.16144030159061032,Q4
val,P1647,24,val:P1647:24,baseball-diamond,3,0,2806.5,62.0,66.0,54.34151077270508,51.92301940917969,77.24246783912331,2283.0,1635.0,2233.0,1649.0,2221.0,1596.0,2272.0,1583.0,4000,4000,JL,0.72,0.00017540625,1.046578403780151,P1647__x2048_y1024,0,2048,1024,1024,1.0,2806.5,235.0,611.0,185.0,625.0,173.0,572.0,224.0,559.0,1,0.0,0.0,-1,173.0,0.1689453125,0.199462890625,0.0026764869689941,0.7161693273721724,1,False,0,0,0,0,moyen,75-90,0.0005035400390625,0.1526055150447656,0.1730276998881174,0.1343991720762744,0.1655593716376772,-0.038628527811843,0.1739542991986112,Q4
val,P1647,25,val:P1647:25,baseball-diamond,3,0,1992.0,47.0,49.0,47.16990661621094,41.19466018676758,4.864514437760505,3399.0,1826.0,3352.0,1822.0,3358.0,1777.0,3399.0,1781.0,4000,4000,JL,0.72,0.0001245,1.1450490525313937,P1647__x2976_y1024,2,2976,1024,1024,1.0,1992.0,423.0,802.0,376.0,798.0,382.0,753.0,423.0,757.0,1,0.0,0.0,-1,222.0,0.216796875,0.24072265625,0.0018997192382812,0.7631624204315085,3,False,0,0,0,0,moyen,0-15,0.0005035400390625,0.1327827250184494,0.1605938264937705,0.1335365051459289,0.1581255977737672,-0.0270573213478415,0.013362708339520945,Q4
val,P1647,26,val:P1647:26,bridge,8,0,2188.0,52.0,79.0,78.84795379638672,29.27456283569336,72.95096902789018,291.0,2460.0,320.0,2464.0,343.0,2539.0,312.0,2536.0,4000,4000,JL,0.72,0.00013675,2.6933947481617184,P1647__x0_y2048,2,0,2048,1024,1.0,2188.0,291.0,412.0,320.0,416.0,343.0,491.0,312.0,488.0,1,0.0,0.0,-1,291.0,0.2841796875,0.30908203125,0.0020866394042968,1.3065460210764173,3,False,0,0,0,0,moyen,60-75,0.0005035400390625,0.2530774676366186,0.1402823106811538,0.1497145966511572,0.1972460211337804,0.0094322859700034,0.033297053051329746,Q4
val,P1647,3,val:P1647:3,bridge,8,0,2080.0,50.0,86.0,82.9698715209961,28.635643005371094,75.96375653207353,653.0,2616.0,685.0,2630.0,703.0,2702.0,675.0,2696.0,4000,4000,JL,0.72,0.00013,2.897433506397384,P1647__x0_y2048,1,0,2048,1024,1.0,2080.0,653.0,568.0,685.0,582.0,703.0,654.0,675.0,648.0,1,0.0,0.0,-1,321.0,0.3134765625,0.3369140625,0.001983642578125,1.360318261226297,3,False,0,0,0,0,moyen,75-90,0.0005035400390625,0.2508496625714712,0.150865309563251,0.159064628295995,0.2095812070211464,0.0081993187327439,0.013051406890566119,Q4
val,P1647,4,val:P1647:4,storage-tank,2,0,3249.0,57.0,57.0,57.0,57.0,0.0,72.0,1291.0,129.0,1291.0,129.0,1348.0,72.0,1348.0,4000,4000,JL,0.72,0.0002030625,1.0,P1647__x0_y1024,0,0,1024,1024,1.0,3249.0,72.0,267.0,129.0,267.0,129.0,324.0,72.0,324.0,1,0.8367560505867004,0.3504329025745392,2,72.0,0.0703125,0.09814453125,0.0030984878540039,0.6931471805599453,2,False,0,1,1,1,grand,0-15,0.0005035400390625,0.95,0.1863801936607949,0.1547490323342892,-16.304027288110593,-0.0316311613265057,-0.9668993963087761,Q1
val,P1647,5,val:P1647:5,storage-tank,2,0,3654.0,63.0,58.0,63.0,58.0,0.0,165.0,1268.0,228.0,1268.0,228.0,1326.0,165.0,1326.0,4000,4000,JL,0.72,0.000228375,1.0862068965517242,P1647__x0_y1024,1,0,1024,1024,1.0,3654.0,165.0,244.0,228.0,244.0,228.0,302.0,165.0,302.0,1,0.8743062019348145,0.5346943736076355,1,165.0,0.1611328125,0.19189453125,0.0034847259521484,0.7353475350503218,2,False,0,1,1,1,grand,0-15,0.0005035400390625,0.95,0.1647180193797237,0.1439219846808543,-16.726435647104378,-0.0207960346988693,-0.9534449498840936,Q1
val,P1666,0,val:P1666:0,roundabout,12,0,702.0,26.0,27.0,27.0,26.0,90.0,1469.0,1110.0,1495.0,1110.0,1495.0,1137.0,1469.0,1137.0,4000,4000,JL,0.72,4.3875e-05,1.0384615384615383,P1666__x1024_y1024,0,1024,1024,1024,1.0,702.0,445.0,86.0,471.0,86.0,471.0,113.0,445.0,113.0,1,0.4099476337432861,0.6019452810287476,0,86.0,0.083984375,0.09716796875,0.0006694793701171,0.7121953755306397,1,False,0,1,0,0,petit,75-90,0.0005035400390625,0.1683425185169831,0.2945817844859173,0.1697738619734137,0.2294025439894236,-0.1248079225125036,-0.03575541737041631,Q4
val,P1666,1,val:P1666:1,roundabout,12,0,598.0,26.0,23.0,26.0,23.0,0.0,441.0,368.0,467.0,368.0,467.0,391.0,441.0,391.0,4000,4000,JL,0.72,3.7375e-05,1.1304347826086956,P1666__x0_y0,0,0,0,1024,1.0,598.0,441.0,368.0,467.0,368.0,467.0,391.0,441.0,391.0,1,0.0,0.4390411972999573,0,368.0,0.359375,0.37060546875,0.0005702972412109,0.7563260821814769,2,False,0,0,0,0,petit,0-15,0.0005035400390625,0.1685149180706391,0.1697148030751096,0.1499217086328791,0.184317366182399,-0.0197930944422305,-0.9546569829834216,Q1
val,P1666,2,val:P1666:2,storage-tank,2,0,702.0,26.0,27.0,27.0,26.0,90.0,2939.0,2979.0,2965.0,2979.0,2965.0,3006.0,2939.0,3006.0,4000,4000,JL,0.72,4.3875e-05,1.0384615384615383,P1666__x2048_y2048,0,2048,2048,1024,1.0,702.0,891.0,931.0,917.0,931.0,917.0,958.0,891.0,958.0,2,0.7931444644927979,0.374317318201065,0,66.0,0.064453125,0.07763671875,0.0006694793701171,0.7121953755306397,1,False,0,1,1,1,petit,75-90,0.0005035400390625,0.95,0.3031329188026132,0.1672381539219839,-14.07323638882835,-0.1358947648806293,-0.03958619110719266,Q4
val,P1666,3,val:P1666:3,roundabout,12,0,2856.0,56.0,51.0,56.0,51.0,0.0,1281.0,804.0,1337.0,804.0,1337.0,855.0,1281.0,855.0,4000,4000,JL,0.72,0.0001785,1.0980392156862746,P1666__x1024_y0,0,1024,0,1024,1.0,2856.0,257.0,804.0,313.0,804.0,313.0,855.0,257.0,855.0,1,0.0,0.0,-1,169.0,0.1650390625,0.18994140625,0.0027236938476562,0.7410032017375805,2,False,0,0,0,0,moyen,0-15,0.0005035400390625,0.146638022236749,0.1648694079317144,0.1439219846808543,0.1722524288961197,-0.02094742325086,-0.9516868975342799,Q1
val,P1666,4,val:P1666:4,soccer-ball-field,13,1,3124.0,82.0,77.0,67.20118713378906,46.40043258666992,36.52885536698517,420.0,2806.0,474.0,2846.0,442.0,2883.0,392.0,2843.0,4000,4000,JL,0.72,0.00019525,1.4482879444769412,P1666__x0_y2048,0,0,2048,1024,1.0,3124.0,420.0,758.0,474.0,798.0,442.0,835.0,392.0,795.0,1,0.0,0.0,-1,189.0,0.1845703125,0.22216796875,0.0029792785644531,0.8953889821107104,1,False,0,0,0,0,grand,30-45,0.0005035400390625,0.2793986342260243,0.1502730056480455,0.1352565486911746,0.1935218733676101,-0.0150164569568708,0.13521453172598294,Q4
val,P1666,5,val:P1666:5,roundabout,12,0,1521.0,39.0,39.0,39.0,39.0,0.0,1067.0,138.0,1106.0,138.0,1106.0,177.0,1067.0,177.0,4000,4000,JL,0.72,9.50625e-05,1.0,P1666__x1024_y0,1,1024,0,1024,1.0,1521.0,43.0,138.0,82.0,138.0,82.0,177.0,43.0,177.0,1,0.6517111659049988,0.5882574915885925,0,43.0,0.0419921875,0.06103515625,0.0014505386352539,0.6931471805599453,2,False,0,1,1,1,moyen,0-15,0.0005035400390625,0.1363177671728056,0.193108138722918,0.1506626797800953,-0.9766916789163266,-0.0424454589428226,-0.9646163007095337,Q1
val,P1666,6,val:P1666:6,roundabout,12,0,1190.0,34.0,35.0,35.0,34.0,90.0,217.0,159.0,251.0,159.0,251.0,194.0,217.0,194.0,4000,4000,JL,0.72,7.4375e-05,1.0294117647058822,P1666__x0_y0,1,0,0,1024,1.0,1190.0,217.0,159.0,251.0,159.0,251.0,194.0,217.0,194.0,1,0.8723939657211304,0.2758932411670685,1,159.0,0.1552734375,0.17236328125,0.0011348724365234,0.7077459799810979,2,False,0,1,1,1,moyen,75-90,0.0005035400390625,0.1825114758585455,0.2720136731596405,0.1610170012053013,-1.00151232488648,-0.1109966719543391,-0.05276721743241313,Q4
val,P1732,0,val:P1732:0,baseball-diamond,3,0,1740.0,54.0,60.0,46.06517028808594,38.07886505126953,61.699244233993625,2680.0,302.0,2713.0,323.0,2692.0,362.0,2659.0,343.0,4282,4000,JL,0.72,0.0001015880429705,1.2097306531080592,P1732__x2048_y0,0,2048,0,1024,1.0,1740.0,632.0,302.0,665.0,323.0,644.0,362.0,611.0,343.0,1,0.0,0.0,-1,302.0,0.294921875,0.32470703125,0.0016593933105468,0.7928706316804341,1,False,0,0,0,0,moyen,60-75,0.0005035400390625,0.154251765225476,0.1523801945663653,0.1238887672054605,0.1516806242035774,-0.0284914273609047,-0.6817567588073931,Q1
val,P1732,1,val:P1732:1,baseball-diamond,3,0,985.5,44.0,44.0,32.649654388427734,29.20616340637207,34.69515353123397,1874.0,704.0,1892.0,681.0,1918.0,699.0,1899.0,725.0,4282,4000,JL,0.72,5.753736571695469e-05,1.117902886940103,P1732__x1024_y0,0,1024,0,1024,1.0,985.5,850.0,704.0,868.0,681.0,894.0,699.0,875.0,725.0,1,0.0,0.0,-1,130.0,0.126953125,0.148681640625,0.0009398460388183,0.7504263948249441,3,False,0,0,0,0,moyen,30-45,0.0005035400390625,0.1331345937118741,0.159277750442727,0.1475955035039862,0.172057638500622,-0.0116822469387407,-0.36197020075634384,Q2
val,P1732,10,val:P1732:10,baseball-diamond,3,0,926.5,37.0,49.0,34.0,28.319604873657227,59.34933204294714,1946.0,2599.0,1925.0,2577.0,1941.0,2550.0,1962.0,2569.0,4282,4000,JL,0.72,5.409271368519383e-05,1.200581722509365,P1732__x1024_y2048,3,1024,2048,1024,1.0,926.5,922.0,551.0,901.0,529.0,917.0,502.0,938.0,521.0,1,0.0,0.0,-1,86.0,0.083984375,0.10205078125,0.0008835792541503,0.788721744734081,6,False,0,0,0,0,petit,45-60,0.0005035400390625,0.1387056817032448,0.1895253389230172,0.0961627267294067,0.1266845132742682,-0.0933626121936105,-0.5020809252987319,Q1
val,P1732,11,val:P1732:11,baseball-diamond,3,0,589.5,27.0,37.0,30.08321762084961,17.8885440826416,68.55226367289465,3808.0,1163.0,3819.0,1191.0,3799.0,1200.0,3792.0,1171.0,4282,4000,JL,0.72,3.441732835123774e-05,1.6817029648623714,P1732__x3072_y1024,0,3072,1024,1024,1.0,589.5,736.0,139.0,747.0,167.0,727.0,176.0,720.0,147.0,2,0.0,0.0,-1,139.0,0.1357421875,0.153564453125,0.0005621910095214,0.9864520273697904,3,False,0,0,0,0,petit,60-75,0.0005035400390625,0.1208802334520655,0.1439182795848256,0.1302908052236164,0.1500797758465228,-0.0136274743612091,-0.4919684294287486,Q1
val,P1732,12,val:P1732:12,baseball-diamond,3,0,619.5,36.0,35.0,31.827661514282227,19.209373474121094,46.27303002005671,3726.0,1175.0,3748.0,1198.0,3733.0,1210.0,3712.0,1195.0,4282,4000,JL,0.72,3.616884633348903e-05,1.6568818112241148,P1732__x3072_y1024,1,3072,1024,1024,1.0,619.5,654.0,151.0,676.0,174.0,661.0,186.0,640.0,171.0,2,0.0,0.0,-1,151.0,0.1474609375,0.16650390625,0.0005908012390136,0.9771531837499752,3,False,0,0,0,0,petit,45-60,0.0005035400390625,0.1166147142449639,0.1428072474047054,0.1332987471726637,0.1521505739086907,-0.0095085002320416,-0.5068161285225385,Q1
val,P1732,13,val:P1732:13,ground-track-field,6,0,10922.0,99.0,193.0,182.6307678222656,56.32051086425781,75.73548770192009,3814.0,1110.0,3868.0,1094.0,3913.0,1271.0,3851.0,1287.0,4282,4000,JL,0.72,0.0006376693134049,3.242704389923547,P1732__x3072_y1024,2,3072,1024,1024,1.0,10922.0,742.0,86.0,796.0,70.0,841.0,247.0,779.0,263.0,2,0.741546630859375,0.4287752211093902,1,70.0,0.068359375,0.16259765625,0.010416030883789,1.445200893730318,3,False,0,1,1,1,grand,75-90,0.0005035400390625,0.0828369435560912,0.1462455556157686,0.1695191533434698,-0.9075908089727498,0.0232735977277011,-0.653182683998834,Q1
val,P1732,14,val:P1732:14,baseball-diamond,3,0,1692.5,53.0,64.0,45.80392837524414,37.48332977294922,51.54629078329404,148.0,1686.0,174.0,1716.0,147.0,1750.0,121.0,1723.0,4282,4000,JL,0.72,9.88148061653433e-05,1.2219813088297105,P1732__x0_y1024,1,0,1024,1024,1.0,1692.5,148.0,662.0,174.0,692.0,147.0,726.0,121.0,699.0,1,0.0,0.0,-1,121.0,0.1181640625,0.14404296875,0.0016140937805175,0.7983992793142413,4,False,0,0,0,0,moyen,45-60,0.0005035400390625,0.1353796969886571,0.1600132169959869,0.1356769897210617,0.1607313873053534,-0.0243362272749251,-0.38781608631922976,Q2
val,P1732,15,val:P1732:15,baseball-diamond,3,0,1760.0,57.0,60.0,44.10215377807617,40.224369049072266,57.03059609653788,251.0,1772.0,275.0,1809.0,241.0,1832.0,218.0,1799.0,4282,4000,JL,0.72,0.0001027557216254,1.0964038671252532,P1732__x0_y1024,2,0,1024,1024,1.0,1760.0,251.0,748.0,275.0,785.0,241.0,808.0,218.0,775.0,1,0.0,0.0,-1,216.0,0.2109375,0.2392578125,0.001678466796875,0.7402234325946465,4,False,0,0,0,0,moyen,45-60,0.0005035400390625,0.1553482464689271,0.1531099331366793,0.1232004621129763,0.1513604221560627,-0.029909471023703,-0.19762964437781305,Q3
val,P1732,16,val:P1732:16,baseball-diamond,3,0,1815.0,56.0,65.0,46.09772109985352,39.051246643066406,49.39870535499551,1185.0,2104.0,1155.0,2069.0,1180.0,2039.0,1211.0,2071.0,4282,4000,JL,0.72,0.0001059668379262,1.1804417288183608,P1732__x1024_y2048,4,1024,2048,1024,0.9597882231404958,1777.630048274994,161.0,56.0,126.96240234375,20.8642578125,156.86669921875,0.0,190.904296875,27.0302734375,1,0.0,0.0,-1,0.0,0.0,0.025364875793457,0.0016952801211118,0.7795274841730685,6,False,0,0,0,0,moyen,45-60,0.0005035400390625,0.1277111976677222,0.2015833717877906,0.094689278187168,0.1242029596331322,-0.1068940936006225,-0.5680984584329163,Q1
val,P1732,17,val:P1732:17,baseball-diamond,3,0,701.0,33.0,42.0,27.784887313842773,25.45584487915039,59.74356283647073,1921.0,2646.0,1907.0,2670.0,1888.0,2650.0,1903.0,2628.0,4282,4000,JL,0.72,4.092713685193835e-05,1.0914934250169,P1732__x1024_y2048,5,1024,2048,1024,1.0,701.0,897.0,598.0,883.0,622.0,864.0,602.0,879.0,580.0,1,0.0,0.0,-1,127.0,0.1240234375,0.139892578125,0.0006685256958007,0.737878368226468,6,False,0,0,0,0,petit,45-60,0.0005035400390625,0.1489984688513099,0.1809951016688571,0.0955282380763964,0.1272179495882491,-0.0854668635924606,-0.3936785834006944,Q2
val,P1732,18,val:P1732:18,baseball-diamond,3,0,1546.5,49.0,63.0,47.70744323730469,30.479501724243164,56.97613244420336,344.0,1895.0,370.0,1935.0,350.0,1958.0,321.0,1936.0,4282,4000,JL,0.72,9.029075198505373e-05,1.565230418427692,P1732__x0_y1024,3,0,1024,1024,1.0,1546.5,344.0,871.0,370.0,911.0,350.0,934.0,321.0,912.0,1,0.0,0.0,-1,90.0,0.087890625,0.1142578125,0.0014748573303222,0.942048306333792,4,False,0,0,0,0,moyen,45-60,0.0005035400390625,0.119622944965472,0.1578943692930933,0.1378531857546284,0.1593073903369649,-0.0200411835384649,-0.48830948443636657,Q1
val,P1732,2,val:P1732:2,ground-track-field,6,0,9474.5,139.0,167.0,158.60012817382812,58.72818756103516,51.80131482398158,55.0,1905.0,98.0,1865.0,194.0,1987.0,150.0,2032.0,4282,4000,JL,0.72,0.0005531585707613,2.700579308853995,P1732__x0_y1024,0,0,1024,1024,1.0,9474.5,55.0,881.0,98.0,841.0,194.0,963.0,150.0,1008.0,1,0.0,0.0,-1,16.0,0.015625,0.098388671875,0.009035587310791,1.3084893773549209,4,False,0,0,0,0,grand,45-60,0.0005035400390625,0.0836831804727064,0.1521045920275942,0.162185828708041,0.17607687136285,0.0100812366804468,-0.5507914171078209,Q1
val,P1732,3,val:P1732:3,ground-track-field,6,0,11643.5,155.0,173.0,161.61683654785156,72.00694274902344,42.97267729949981,1158.0,1818.0,1275.0,1927.0,1242.0,1991.0,1120.0,1885.0,4282,4000,JL,0.72,0.000679793320878,2.244461858506601,P1732__x1024_y1024,0,1024,1024,1024,1.0,11643.5,134.0,794.0,251.0,903.0,218.0,967.0,96.0,861.0,1,0.5124062299728394,0.3550614416599273,1,57.0,0.0556640625,0.139404296875,0.0111041069030761,1.1769494992715377,1,False,0,1,1,0,grand,30-45,0.0005035400390625,0.0895038105869109,0.1375270169665828,0.1281879453223251,-0.9565950767345944,-0.0093390716442577,-0.8496692942143583,Q1
val,P1732,4,val:P1732:4,baseball-diamond,3,0,578.0,29.0,38.0,26.4196891784668,21.260292053222656,67.38013505195957,1959.0,2606.0,1969.0,2582.0,1988.0,2597.0,1975.0,2620.0,4282,4000,JL,0.72,3.374591312470808e-05,1.2426776223171438,P1732__x1024_y2048,0,1024,2048,1024,1.0,578.0,935.0,558.0,945.0,534.0,964.0,549.0,951.0,572.0,1,0.0,0.0,-1,60.0,0.05859375,0.073486328125,0.0005512237548828,0.8076705190904018,6,False,0,0,0,0,petit,60-75,0.0005035400390625,0.1360077904944675,0.1946785194338719,0.0944829279259803,0.125128800647551,-0.1001955915078915,-0.536717504747377,Q1
val,P1732,5,val:P1732:5,baseball-diamond,3,0,506.0,34.0,30.0,26.172504425048828,20.51828384399414,43.2642954110716,1933.0,2655.0,1948.0,2669.0,1931.0,2685.0,1914.0,2673.0,4282,4000,JL,0.72,2.9542269967305e-05,1.27556985876817,P1732__x1024_y2048,1,1024,2048,1024,1.0,506.0,909.0,607.0,924.0,621.0,907.0,637.0,890.0,625.0,1,0.0,0.0,-1,100.0,0.09765625,0.11376953125,0.0004825592041015,0.8222305084068143,6,False,1,0,0,0,tres petit,30-45,0.0005035400390625,0.1313768090854404,0.1911645899215908,0.1025939705478331,-0.8694844751906666,-0.0885706193737576,-0.5275787550943973,Q1
val,P1732,6,val:P1732:6,baseball-diamond,3,0,552.0,30.0,37.0,28.301942825317383,19.10497283935547,57.9946167919165,2031.0,2461.0,2045.0,2474.0,2030.0,2498.0,2015.0,2480.0,4282,4000,JL,0.72,3.222793087342363e-05,1.4813914190454398,P1732__x1024_y2048,2,1024,2048,1024,1.0,552.0,1007.0,413.0,1021.0,426.0,1006.0,450.0,991.0,432.0,1,0.0,0.0,-1,3.0,0.0029296875,0.017333984375,0.0005264282226562,0.9088194589104912,6,False,0,0,0,0,petit,45-60,0.0005035400390625,0.1171063627756671,0.1895394933669534,0.0938590537787272,0.1189994327946276,-0.0956804395882262,-0.5947332502368086,Q1
val,P1732,7,val:P1732:7,baseball-diamond,3,0,630.0,29.0,42.0,26.92582321166992,24.04162979125977,62.4471884232822,1426.0,719.0,1414.0,742.0,1397.0,725.0,1407.0,700.0,4282,4000,JL,0.72,3.6781877627276976e-05,1.1199666347686084,P1732__x1024_y0,1,1024,0,1024,1.0,630.0,402.0,719.0,390.0,742.0,373.0,725.0,383.0,700.0,1,0.0,0.0,-1,282.0,0.275390625,0.29541015625,0.0006008148193359,0.7514003502433784,3,False,0,0,0,0,petit,60-75,0.0005035400390625,0.1607941121654172,0.1548847062486795,0.1236745410572209,0.1533508686310414,-0.0312101651914585,-0.19773840128126577,Q3
val,P1732,8,val:P1732:8,ground-track-field,6,0,11706.0,65.0,196.0,193.00259399414065,59.07622146606445,88.16226320961215,1310.0,638.0,1374.0,647.0,1368.0,834.0,1309.0,831.0,4282,4000,JL,0.72,0.0006834423166744,3.267009791833224,P1732__x1024_y0,2,1024,0,1024,1.0,11706.0,286.0,638.0,350.0,647.0,344.0,834.0,285.0,831.0,1,0.0,0.0,-1,190.0,0.185546875,0.27978515625,0.0111637115478515,1.450913298984862,3,False,0,0,0,0,grand,75-90,0.0005035400390625,0.0945636873120865,0.3012714475653988,0.2089957858680417,0.2404605488385697,-0.0922756616973571,-0.5800208315656212,Q1
val,P1732,9,val:P1732:9,baseball-diamond,3,0,630.5,37.0,34.0,26.248809814453125,24.04162979125977,40.36453657309736,2896.0,1436.0,2913.0,1453.0,2893.0,1470.0,2876.0,1452.0,4282,4000,JL,0.72,3.681106959364783e-05,1.0918065889191826,P1732__x2048_y1024,0,2048,1024,1024,1.0,630.5,848.0,412.0,865.0,429.0,845.0,446.0,828.0,428.0,1,0.0,0.0,-1,159.0,0.1552734375,0.17333984375,0.0006012916564941,0.7380280892131649,1,False,0,0,0,0,petit,30-45,0.0005035400390625,0.1344898262250046,0.1576694736650509,0.1372247416692034,0.1617246733357643,-0.0204447319958475,-0.9100857387330117,Q1
val,P1738,0,val:P1738:0,baseball-diamond,3,0,2196.0,63.0,59.0,48.46648406982422,44.777225494384766,21.80140948635181,859.0,3585.0,841.0,3544.0,886.0,3526.0,904.0,3569.0,4000,4000,JL,0.72,0.00013725,1.082391406227304,P1738__x0_y2976,0,0,2976,1024,1.0,2196.0,859.0,609.0,841.0,568.0,886.0,550.0,904.0,593.0,1,0.0,0.0,-1,120.0,0.1171875,0.14794921875,0.0020942687988281,0.7335169478299758,4,False,0,0,0,0,moyen,15-30,0.0005035400390625,0.05,0.1659220728853309,0.1561405027502477,0.164873243428423,-0.0097815701350832,-0.35864546016131016,Q2
val,P1738,1,val:P1738:1,plane,0,1,104.5,13.0,15.0,12.529964447021484,8.062257766723633,61.38954033403479,3331.0,1450.0,3339.0,1454.0,3333.0,1465.0,3326.0,1461.0,4000,4000,JL,0.72,6.53125e-06,1.5541508110467488,P1738__x2976_y1024,0,2976,1024,1024,1.0,104.5,355.0,426.0,363.0,430.0,357.0,441.0,350.0,437.0,1,0.0,0.0,-1,350.0,0.341796875,0.347900390625,9.965896606445312e-05,0.9377198048281652,50,False,1,0,0,0,tres petit,60-75,0.0005035400390625,0.2441835910635137,0.3267089252145267,0.3015522672668752,-1.2600974086897414,-0.0251566579476514,-0.3480695764378369,Q2
val,P1738,10,val:P1738:10,plane,0,1,142.0,16.0,17.0,13.892443656921388,10.29563045501709,57.52880770915151,3987.0,2043.0,3996.0,2049.0,3989.0,2060.0,3980.0,2055.0,4000,4000,JL,0.72,8.875e-06,1.349353370599229,P1738__x2976_y2048,0,2976,2048,1024,0.8166099870708626,107.78068041801453,1013.32666015625,12.4404296875,1004.0,7.0,1010.72802734375,0.0,1020.0546875,0.90673828125,1,0.0,0.0,-1,0.0,0.0,0.0049675703048706,0.0001027876667194,0.8541401288450741,27,False,1,0,0,0,tres petit,45-60,0.0005035400390625,0.2258529613573791,0.3802594730133445,0.1292938465761641,-0.8234347488215248,-0.2509656264371804,-0.5541280909545165,Q1
val,P1738,100,val:P1738:100,plane,0,1,108.0,14.0,15.0,13.892443656921388,8.5440034866333,59.74356283647073,3189.0,1315.0,3197.0,1318.0,3190.0,1330.0,3183.0,1324.0,4000,4000,JL,0.72,6.75e-06,1.6259875921932234,P1738__x2976_y1024,49,2976,1024,1024,1.0,108.0,213.0,291.0,221.0,294.0,214.0,306.0,207.0,300.0,1,0.0,0.0,-1,207.0,0.2021484375,0.208740234375,0.0001029968261718,0.9654570508859014,50,False,1,0,0,0,tres petit,45-60,0.0005035400390625,0.2474208464925722,0.3296521142372389,0.2996107273046078,-1.240977052022607,-0.030041386932631,-0.41111629853274323,Q2
val,P1738,101,val:P1738:101,ship,1,0,1854.0,68.0,63.0,70.45565795898438,25.079872131347656,31.108808828545143,1994.0,2520.0,2052.0,2555.0,2042.0,2583.0,1984.0,2543.0,4000,4000,JL,0.72,0.000115875,2.8092510834981863,P1738__x1024_y2048,4,1024,2048,1024,0.9853144278418284,1805.5820374786847,1018.0001220703124,535.000244140625,956.0274658203124,492.260498046875,972.1756591796876,468.845458984375,1024.0,511.585205078125,1,0.0,0.0,-1,0.0,0.0,0.0307120978832244,0.0017219372153078,1.3374326038060045,6,False,0,0,0,0,moyen,30-45,0.0005035400390625,0.6243989528178311,0.2528830932204914,0.2080757861129312,0.6284684867638066,-0.0448073071075602,-0.7238897718094628,Q1
val,P1738,107,val:P1738:107,ship,1,0,1149.0,57.0,44.0,58.18075180053711,18.35755920410156,23.629377730656817,2625.0,2973.0,2673.0,2994.0,2667.0,3017.0,2616.0,2989.0,4000,4000,JL,0.72,7.18125e-05,3.1693075944179983,P1738__x2048_y2976,2,2048,2976,1024,0.988845386953329,1117.3411794304848,619.000244140625,41.000244140625,568.000244140625,13.000244140625,579.092529296875,0.0,630.092529296875,20.796142578125,1,0.0,0.0,-1,0.0,0.0,0.0182608962059021,0.0010655795854859,1.427749977519718,4,False,0,0,0,0,moyen,15-30,0.0005035400390625,0.6028835038272043,0.2648634985041422,0.2242759385004854,0.6263791891915044,-0.0405875600036567,-0.6568453199863985,Q1
val,P1738,108,val:P1738:108,harbor,7,1,1192.5,53.0,45.0,47.423622131347656,22.360679626464844,24.94390526342458,2624.0,2999.0,2667.0,3019.0,2654.0,3044.0,2614.0,3019.0,4000,4000,JL,0.72,7.453125e-05,2.120848870587088,P1738__x2048_y2976,3,2048,2976,1024,1.0,1192.5,576.0,23.0,619.0,43.0,606.0,68.0,566.0,43.0,1,0.0,0.0,-1,23.0,0.0224609375,0.043212890625,0.0011372566223144,1.1381050387221157,4,False,0,0,0,0,moyen,15-30,0.0005035400390625,0.05,0.2043892425147088,0.1353979490659501,0.1461552776193558,-0.0689912934487587,-0.5285648776611115,Q1
val,P1738,109,val:P1738:109,ship,1,0,3251.0,79.0,106.0,103.77379608154295,28.84440994262696,57.9946167919165,742.0,896.0,718.0,912.0,663.0,824.0,692.0,806.0,4000,4000,JL,0.72,0.0002031875,3.597709098156437,P1738__x0_y0,4,0,0,1024,1.0,3251.0,742.0,896.0,718.0,912.0,663.0,824.0,692.0,806.0,1,0.0,0.0,-1,112.0,0.109375,0.16064453125,0.0031003952026367,1.525558157300929,8,False,0,0,0,0,grand,45-60,0.0005035400390625,0.6293566268265779,0.2619320482283808,0.2311520984579259,0.6759156697565781,-0.0307799497704549,-0.5860283136342529,Q1
val,P1738,11,val:P1738:11,plane,0,1,139.5,16.0,17.0,14.422204971313477,9.43398094177246,59.74356283647073,3315.0,1621.0,3323.0,1626.0,3316.0,1638.0,3307.0,1633.0,4000,4000,JL,0.72,8.71875e-06,1.5287507002959693,P1738__x2976_y1024,9,2976,1024,1024,1.0,139.5,339.0,597.0,347.0,602.0,340.0,614.0,331.0,609.0,1,0.0,0.0,-1,331.0,0.3232421875,0.331298828125,0.0001330375671386,0.9277253864334304,50,False,1,0,0,0,tres petit,45-60,0.0005035400390625,0.2444592534479548,0.3249453727230218,0.303061600547995,-1.261606123746867,-0.0218837721750267,-0.3421697006733453,Q2
val,P1738,110,val:P1738:110,harbor,7,0,1683.0,54.0,60.0,47.70744323730469,33.83784866333008,56.97613244420336,417.0,958.0,445.0,939.0,471.0,979.0,439.0,999.0,4000,4000,JL,0.72,0.0001051875,1.4098840535629271,P1738__x0_y0,5,0,0,1024,1.0,1683.0,417.0,958.0,445.0,939.0,471.0,979.0,439.0,999.0,1,0.0,0.0,-1,25.0,0.0244140625,0.053955078125,0.0016050338745117,0.8795786357904117,8,False,0,0,0,0,moyen,45-60,0.0005035400390625,0.0645414854953202,0.2218888622750895,0.1305350841008401,0.1458441935525657,-0.0913537781742494,-0.5524669671988851,Q1
val,P1738,111,val:P1738:111,harbor,7,0,1431.0,46.0,56.0,44.72135925292969,29.529645919799805,70.3461759419467,489.0,906.0,520.0,890.0,535.0,932.0,509.0,946.0,4000,4000,JL,0.72,8.94375e-05,1.5144563322699292,P1738__x0_y0,6,0,0,1024,1.0,1431.0,489.0,906.0,520.0,890.0,535.0,932.0,509.0,946.0,1,0.0,0.0,-1,78.0,0.076171875,0.10302734375,0.0013647079467773,0.922056610111986,8,False,0,0,0,0,moyen,60-75,0.0005035400390625,0.0662961053041284,0.2247327733489811,0.134625994416436,0.150582774389048,-0.0901067789325451,-0.5200739360706556,Q1
val,P1738,112,val:P1738:112,harbor,7,0,992.5,45.0,43.0,42.05948257446289,23.409399032592773,32.47119229084849,1512.0,2276.0,1545.0,2297.0,1537.0,2319.0,1500.0,2299.0,4000,4000,JL,0.72,6.203125e-05,1.7966921113995158,P1738__x1024_y2048,5,1024,2048,1024,1.0,992.5,488.0,228.0,521.0,249.0,513.0,271.0,476.0,251.0,1,0.0,0.0,-1,228.0,0.22265625,0.243896484375,0.0009465217590332,1.0284373300054384,6,False,0,0,0,0,moyen,30-45,0.0005035400390625,0.0509806662732824,0.1535819314281232,0.1160464546669267,0.1242967704544847,-0.0375354767611964,-0.40007442092142775,Q2
val,P1738,113,val:P1738:113,plane,0,0,432.0,24.0,26.0,21.3775577545166,20.39607810974121,14.036243467926482,3082.0,2186.0,3062.0,2191.0,3058.0,2171.0,3078.0,2165.0,4000,4000,JL,0.72,2.7e-05,1.0481209985319009,P1738__x2976_y2048,25,2976,2048,1024,1.0,432.0,106.0,138.0,86.0,143.0,82.0,123.0,102.0,117.0,1,0.0,0.0,-1,82.0,0.080078125,0.091796875,0.0004119873046875,0.716922786746434,27,False,1,0,0,0,tres petit,0-15,0.0005035400390625,0.1990337200500267,0.3269826263893501,0.1274327223112929,-0.8398068528968956,-0.1995499040780572,0.23817194176820333,Q4
val,P1738,114,val:P1738:114,plane,0,0,1940.0,50.0,58.0,48.50773239135742,39.84971618652344,77.7352262721076,3133.0,2167.0,3093.0,2178.0,3083.0,2132.0,3121.0,2120.0,4000,4000,JL,0.72,0.00012125,1.217266696814317,P1738__x2976_y2048,26,2976,2048,1024,1.0,1940.0,157.0,119.0,117.0,130.0,107.0,84.0,145.0,72.0,1,0.6234981417655945,0.7306484580039978,1,72.0,0.0703125,0.098876953125,0.0018501281738281,0.7962752196618191,27,False,0,1,1,1,moyen,75-90,0.0005035400390625,0.2426400928772212,0.4006436098611395,0.1365344141928638,-1.0554851115334607,-0.2641091956682757,-0.629863245366118,Q1
val,P1738,115,val:P1738:115,ship,1,0,2300.0,25.0,92.0,92.0,25.0,90.0,199.0,28.0,224.0,28.0,224.0,120.0,199.0,120.0,4000,4000,JL,0.72,0.00014375,3.68,P1738__x0_y0,7,0,0,1024,1.0,2300.0,199.0,28.0,224.0,28.0,224.0,120.0,199.0,120.0,1,0.0,0.0,-1,28.0,0.02734375,0.072265625,0.0021934509277343,1.5432981099295553,8,False,0,0,0,0,moyen,75-90,0.0005035400390625,0.6664268301161761,0.3828135255791655,0.3107317327607838,1.075533063953495,-0.0720817928183816,-1.0,Q1
val,P1738,12,val:P1738:12,plane,0,1,97.0,13.0,14.0,11.661903381347656,8.062257766723633,59.03624346792648,3347.0,1435.0,3355.0,1439.0,3349.0,1449.0,3342.0,1445.0,4000,4000,JL,0.72,6.0625e-06,1.4464810874047331,P1738__x2976_y1024,10,2976,1024,1024,1.0,97.0,371.0,411.0,379.0,415.0,373.0,425.0,366.0,421.0,1,0.0,0.0,-1,366.0,0.357421875,0.363525390625,9.250640869140624e-05,0.8946507012469926,50,False,1,0,0,0,tres petit,45-60,0.0005035400390625,0.2450323174484387,0.3270766451723032,0.3005613520859246,-1.2531345211772635,-0.0265152930863785,-0.34326882463392216,Q2
val,P1738,13,val:P1738:13,plane,0,1,80.5,12.0,13.0,10.816654205322266,7.211102485656738,60.94539590092286,3342.0,1449.0,3348.0,1453.0,3343.0,1462.0,3336.0,1458.0,4000,4000,JL,0.72,5.03125e-06,1.500000066125417,P1738__x2976_y1024,11,2976,1024,1024,1.0,80.5,366.0,425.0,372.0,429.0,367.0,438.0,360.0,434.0,1,0.0,0.0,-1,360.0,0.3515625,0.357666015625,7.677078247070312e-05,0.9162907583243216,50,False,1,0,0,0,tres petit,60-75,0.0005035400390625,0.2451223067997421,0.3268013634564926,0.3020111065430373,-1.2568735808916838,-0.0247902569134552,-0.34120504583832034,Q2
val,P1738,14,val:P1738:14,plane,0,1,100.5,13.0,15.0,12.529964447021484,8.062257766723633,61.38954033403479,3324.0,1463.0,3331.0,1467.0,3325.0,1478.0,3318.0,1473.0,4000,4000,JL,0.72,6.28125e-06,1.5541508110467488,P1738__x2976_y1024,12,2976,1024,1024,1.0,100.5,348.0,439.0,355.0,443.0,349.0,454.0,342.0,449.0,1,0.0,0.0,-1,342.0,0.333984375,0.34033203125,9.584426879882812e-05,0.9377198048281652,50,False,1,0,0,0,tres petit,60-75,0.0005035400390625,0.2445616171807899,0.3248537604534486,0.3037221816048577,-1.2630361144255446,-0.0211315788485909,-0.3451894944840375,Q2
val,P1738,15,val:P1738:15,baseball-diamond,3,0,2485.5,58.0,67.0,53.85164642333984,47.16990661621094,75.42578380196126,806.0,3386.0,851.0,3371.0,864.0,3421.0,820.0,3438.0,4000,4000,JL,0.72,0.00015534375,1.1416525977355356,P1738__x0_y2976,1,0,2976,1024,1.0,2485.5,806.0,410.0,851.0,395.0,864.0,445.0,820.0,462.0,1,0.0,0.0,-1,160.0,0.15625,0.184326171875,0.0023703575134277,0.7615777729408741,4,False,0,0,0,0,moyen,75-90,0.0005035400390625,0.05,0.1697587487577587,0.1549987042490368,0.1639333752362873,-0.0147600445087219,-0.4136310667765872,Q2
val,P1738,16,val:P1738:16,plane,0,1,80.5,12.0,13.0,11.180339813232422,6.7082037925720215,63.43494882292201,3326.0,1477.0,3332.0,1480.0,3327.0,1490.0,3320.0,1485.0,4000,4000,JL,0.72,5.03125e-06,1.666666690360896,P1738__x2976_y1024,13,2976,1024,1024,1.0,80.5,350.0,453.0,356.0,456.0,351.0,466.0,344.0,461.0,1,0.0,0.0,-1,344.0,0.3359375,0.342041015625,7.677078247070312e-05,0.9808292618970622,50,False,1,0,0,0,tres petit,60-75,0.0005035400390625,0.2425878940454164,0.3220531037774988,0.301967038815284,-1.2648597994617228,-0.0200860649622148,-0.35530930468836613,Q2
val,P1738,17,val:P1738:17,plane,0,1,112.5,15.0,15.0,13.601470947265623,8.062257766723633,53.972626614896384,3318.0,1489.0,3326.0,1493.0,3318.0,1504.0,3311.0,1500.0,4000,4000,JL,0.72,7.03125e-06,1.6870548351114103,P1738__x2976_y1024,14,2976,1024,1024,1.0,112.5,342.0,465.0,350.0,469.0,342.0,480.0,335.0,476.0,1,0.0,0.0,-1,335.0,0.3271484375,0.334228515625,0.0001072883605957,0.9884457369842632,50,False,1,0,0,0,tres petit,45-60,0.0005035400390625,0.2344603657478914,0.3223915261599593,0.2993460924215281,-1.299790402836562,-0.0230454337384312,-0.354446759585224,Q2
val,P1738,18,val:P1738:18,plane,0,1,90.0,12.0,15.0,13.416407585144045,6.7082037925720215,61.38954033403479,3315.0,1477.0,3321.0,1481.0,3315.0,1492.0,3309.0,1489.0,4000,4000,JL,0.72,5.625e-06,2.0,P1738__x2976_y1024,15,2976,1024,1024,1.0,90.0,339.0,453.0,345.0,457.0,339.0,468.0,333.0,465.0,1,0.0,0.0,-1,333.0,0.3251953125,0.3310546875,8.58306884765625e-05,1.0986122886681098,50,False,1,0,0,0,tres petit,60-75,0.0005035400390625,0.2317266210306177,0.3200104654795004,0.2985040535428107,-1.309679744008751,-0.0215064119366897,-0.43367782278530087,Q1
val,P1738,19,val:P1738:19,plane,0,1,127.0,15.0,16.0,13.892443656921388,9.43398094177246,61.38954033403479,3309.0,1411.0,3317.0,1416.0,3311.0,1427.0,3302.0,1423.0,4000,4000,JL,0.72,7.9375e-06,1.472596112146827,P1738__x2976_y1024,16,2976,1024,1024,1.0,127.0,333.0,387.0,341.0,392.0,335.0,403.0,326.0,399.0,1,0.0,0.0,-1,326.0,0.318359375,0.325927734375,0.0001211166381835,0.9052686562149598,50,False,1,0,0,0,tres petit,60-75,0.0005035400390625,0.2480280266142058,0.3248715548073522,0.3027785865792455,-1.2428364088482318,-0.0220929682281066,-0.33616158723609674,Q2
val,P1738,2,val:P1738:2,plane,0,1,104.5,13.0,15.0,13.928388595581056,7.280109882354736,68.96248897457818,3864.0,1990.0,3871.0,1992.0,3866.0,2005.0,3858.0,1999.0,4000,4000,JL,0.72,6.53125e-06,1.9132113142055964,P1738__x2976_y1024,1,2976,1024,1024,1.0,104.5,888.0,966.0,895.0,968.0,890.0,981.0,882.0,975.0,1,0.0,0.0,-1,43.0,0.0419921875,0.05029296875,9.965896606445312e-05,1.0692560171264265,50,False,1,0,0,0,tres petit,60-75,0.0005035400390625,0.2545399758777152,0.3665705269705587,0.3041099001660198,-1.257203806603215,-0.0624606268045389,-0.566035210004472,Q1
val,P1738,20,val:P1738:20,plane,0,1,80.0,12.0,13.0,10.29563045501709,7.211102485656738,60.94539590092286,3312.0,1425.0,3318.0,1429.0,3313.0,1438.0,3306.0,1433.0,4000,4000,JL,0.72,5e-06,1.427747071338348,P1738__x2976_y1024,17,2976,1024,1024,1.0,80.0,336.0,401.0,342.0,405.0,337.0,414.0,330.0,409.0,1,0.0,0.0,-1,330.0,0.322265625,0.328369140625,7.62939453125e-05,0.8869636961640724,50,False,1,0,0,0,tres petit,60-75,0.0005035400390625,0.2490811089751477,0.3252886795916168,0.3027785865792455,-1.2380923899799647,-0.0225100930123712,-0.33299712336829673,Q2
val,P1738,21,val:P1738:21,plane,0,1,108.5,14.0,15.0,13.03840446472168,8.062257766723633,57.52880770915151,3303.0,1438.0,3311.0,1442.0,3304.0,1453.0,3297.0,1449.0,4000,4000,JL,0.72,6.78125e-06,1.6172150335526012,P1738__x2976_y1024,18,2976,1024,1024,1.0,108.5,327.0,414.0,335.0,418.0,328.0,429.0,321.0,425.0,1,0.0,0.0,-1,321.0,0.3134765625,0.320068359375,0.00010347366333,0.9621107881328964,50,False,1,0,0,0,tres petit,45-60,0.0005035400390625,0.2402767773651714,0.3217248053747118,0.2996823050647949,-1.26928040798894,-0.0220425003099169,-0.35004364447461794,Q2
val,P1738,22,val:P1738:22,plane,0,1,116.0,14.0,16.0,14.764822959899902,8.5440034866333,61.699244233993625,3300.0,1425.0,3308.0,1428.0,3301.0,1441.0,3294.0,1436.0,4000,4000,JL,0.72,7.25e-06,1.7280918696953702,P1738__x2976_y1024,19,2976,1024,1024,1.0,116.0,324.0,401.0,332.0,404.0,325.0,417.0,318.0,412.0,1,0.0,0.0,-1,318.0,0.310546875,0.317138671875,0.0001106262207031,1.0036024159887216,50,False,1,0,0,0,tres petit,60-75,0.0005035400390625,0.2404638884263145,0.3210690541521048,0.2988201132131804,-1.2649308054333015,-0.0222489409389244,-0.35657419742041135,Q2
val,P1738,23,val:P1738:23,plane,0,1,125.0,14.0,17.0,13.416407585144045,9.43398094177246,63.43494882292201,3293.0,1438.0,3301.0,1443.0,3295.0,1455.0,3287.0,1449.0,4000,4000,JL,0.72,7.8125e-06,1.4221363884399962,P1738__x2976_y1024,20,2976,1024,1024,1.0,125.0,317.0,414.0,325.0,419.0,319.0,431.0,311.0,425.0,1,0.0,0.0,-1,311.0,0.3037109375,0.310546875,0.0001192092895507,0.8846499558658161,50,False,1,0,0,0,tres petit,60-75,0.0005035400390625,0.2523294126280267,0.3321317586286539,0.3000508676729213,-1.221204523226234,-0.0320808909557326,-0.3308479985667937,Q2
val,P1738,24,val:P1738:24,plane,0,1,152.5,17.0,17.0,15.264337539672852,10.29563045501709,58.39249775375109,3284.0,1453.0,3294.0,1457.0,3286.0,1470.0,3277.0,1465.0,4000,4000,JL,0.72,9.53125e-06,1.4826034798320191,P1738__x2976_y1024,21,2976,1024,1024,1.0,152.5,308.0,429.0,318.0,433.0,310.0,446.0,301.0,441.0,1,0.0,0.0,-1,301.0,0.2939453125,0.302001953125,0.0001454353332519,0.909307799787288,50,False,1,0,0,0,tres petit,45-60,0.0005035400390625,0.2463323611670947,0.3242027117841053,0.2963136290800001,-1.2307908357506792,-0.0278890827041052,-0.3376560207037919,Q2
val,P1738,25,val:P1738:25,plane,0,1,112.0,14.0,15.0,12.529964447021484,8.9442720413208,61.38954033403479,3288.0,1387.0,3296.0,1391.0,3290.0,1402.0,3282.0,1398.0,4000,4000,JL,0.72,7e-06,1.4008925923915865,P1738__x2976_y1024,22,2976,1024,1024,1.0,112.0,312.0,363.0,320.0,367.0,314.0,378.0,306.0,374.0,1,0.0,0.0,-1,306.0,0.298828125,0.3056640625,0.0001068115234375,0.8758405817077127,50,False,1,0,0,0,tres petit,60-75,0.0005035400390625,0.2515664289492123,0.3300100095067954,0.3005506693150319,-1.2241762607698623,-0.0294593401917634,-0.3187608929184564,Q2
val,P1738,26,val:P1738:26,plane,0,1,127.0,15.0,16.0,13.416407585144045,8.9442720413208,57.52880770915151,3286.0,1375.0,3295.0,1380.0,3288.0,1391.0,3280.0,1387.0,4000,4000,JL,0.72,7.9375e-06,1.499999946687986,P1738__x2976_y1024,23,2976,1024,1024,1.0,127.0,310.0,351.0,319.0,356.0,312.0,367.0,304.0,363.0,1,0.0,0.0,-1,304.0,0.296875,0.303955078125,0.0001211166381835,0.9162907105493492,50,False,1,0,0,0,tres petit,45-60,0.0005035400390625,0.2449113300293443,0.3245291921163487,0.2988816993463174,-1.2460144693019322,-0.0256474927700313,-0.3376560207037919,Q2
val,P1738,27,val:P1738:27,plane,0,1,134.0,16.0,16.0,13.892443656921388,9.848857879638672,59.74356283647073,3280.0,1400.0,3289.0,1404.0,3282.0,1416.0,3273.0,1410.0,4000,4000,JL,0.72,8.375e-06,1.4105639279903046,P1738__x2976_y1024,24,2976,1024,1024,1.0,134.0,304.0,376.0,313.0,380.0,306.0,392.0,297.0,386.0,1,0.0,0.0,-1,297.0,0.2900390625,0.2978515625,0.0001277923583984,0.8798607151467235,50,False,1,0,0,0,tres petit,45-60,0.0005035400390625,0.2502008212254164,0.330094846657602,0.2986395009691033,-1.2250545493459737,-0.0314553456884987,-0.33449312443035584,Q2
val,P1738,28,val:P1738:28,plane,0,1,123.5,15.0,16.0,13.892443656921388,8.9442720413208,59.74356283647073,3862.0,1979.0,3870.0,1983.0,3863.0,1995.0,3855.0,1990.0,4000,4000,JL,0.72,7.71875e-06,1.5532223967183685,P1738__x2976_y1024,25,2976,1024,1024,1.0,123.5,886.0,955.0,894.0,959.0,887.0,971.0,879.0,966.0,1,0.0,0.0,-1,53.0,0.0517578125,0.059814453125,0.0001177787780761,0.9373562463800788,50,False,1,0,0,0,tres petit,45-60,0.0005035400390625,0.2574364790316251,0.3682530175139537,0.3068253983025851,-1.253276573395102,-0.0614276192113686,-0.5352730731698001,Q1
val,P1738,29,val:P1738:29,plane,0,1,134.5,15.0,17.0,14.317821502685549,8.9442720413208,65.22485943116807,3877.0,1954.0,3885.0,1958.0,3879.0,1971.0,3870.0,1965.0,4000,4000,JL,0.72,8.40625e-06,1.600781084982656,P1738__x2976_y1024,26,2976,1024,1024,1.0,134.5,901.0,930.0,909.0,934.0,903.0,947.0,894.0,941.0,1,0.0,0.0,-1,77.0,0.0751953125,0.083984375,0.0001282691955566,0.955811817212216,50,False,1,0,0,0,tres petit,60-75,0.0005035400390625,0.259390437338902,0.3672769388951207,0.3068967985383948,-1.2435262951913555,-0.0603801403567259,-0.5286368557539841,Q1
val,P1738,3,val:P1738:3,plane,0,1,84.0,11.0,14.0,12.083045959472656,7.211102485656738,65.55604521958347,3855.0,1933.0,3862.0,1936.0,3857.0,1947.0,3851.0,1943.0,4000,4000,JL,0.72,5.25e-06,1.6756170063463207,P1738__x2976_y1024,2,2976,1024,1024,1.0,84.0,879.0,909.0,886.0,912.0,881.0,923.0,875.0,919.0,1,0.0,0.0,-1,101.0,0.0986328125,0.105712890625,8.0108642578125e-05,0.984180010328895,50,False,1,0,0,0,tres petit,60-75,0.0005035400390625,0.256085292054985,0.3702603439788181,0.3062381953764544,-1.259866677270964,-0.0640221486023636,-0.5179636939518419,Q1
val,P1738,30,val:P1738:30,plane,0,1,119.0,14.0,16.0,14.317821502685549,8.5440034866333,65.22485943116807,3885.0,1951.0,3893.0,1954.0,3887.0,1967.0,3879.0,1961.0,4000,4000,JL,0.72,7.4375e-06,1.6757743047606568,P1738__x2976_y1024,27,2976,1024,1024,1.0,119.0,909.0,927.0,917.0,930.0,911.0,943.0,903.0,937.0,1,0.0,0.0,-1,81.0,0.0791015625,0.087646484375,0.0001134872436523,0.9842387981861966,50,False,1,0,0,0,tres petit,60-75,0.0005035400390625,0.2567223339032812,0.3672769388951207,0.3040700235365676,-1.2476384329183945,-0.0632069153585531,-0.5364235844766851,Q1
val,P1738,31,val:P1738:31,plane,0,1,128.0,14.0,16.0,13.928388595581056,9.48683261871338,68.96248897457818,3882.0,1941.0,3891.0,1944.0,3886.0,1957.0,3877.0,1952.0,4000,4000,JL,0.72,8e-06,1.4681811259225157,P1738__x2976_y1024,28,2976,1024,1024,1.0,128.0,906.0,917.0,915.0,920.0,910.0,933.0,901.0,928.0,1,0.0,0.0,-1,91.0,0.0888671875,0.09716796875,0.0001220703125,0.9034814931081524,50,False,1,0,0,0,tres petit,60-75,0.0005035400390625,0.2666406258879004,0.3720884948178542,0.3089124244173222,-1.2217107962648248,-0.063176070400532,-0.5039022123058348,Q1
val,P1738,32,val:P1738:32,ship,1,0,2512.5,100.0,81.0,107.64757537841795,23.021728515625,34.59228868750995,410.0,934.0,497.0,874.0,510.0,893.0,422.0,955.0,4000,4000,JL,0.72,0.00015703125,4.675911945767098,P1738__x0_y0,0,0,0,1024,1.0,2512.5,410.0,934.0,497.0,874.0,510.0,893.0,422.0,955.0,1,0.0,0.0,-1,69.0,0.0673828125,0.107421875,0.0023961067199707,1.7362312457467175,8,False,0,0,0,0,moyen,30-45,0.0005035400390625,0.5843343942508905,0.2622147307204943,0.243535564753912,0.6121517882759099,-0.0186791659665822,-0.5579393292798669,Q1
val,P1738,33,val:P1738:33,ship,1,0,2321.0,77.0,106.0,113.1591796875,19.79899024963379,57.77124256490144,544.0,887.0,563.0,875.0,621.0,967.0,607.0,981.0,4000,4000,JL,0.72,0.0001450625,5.7154015563795255,P1738__x0_y0,1,0,0,1024,1.0,2321.0,544.0,887.0,563.0,875.0,621.0,967.0,607.0,981.0,1,0.0,0.0,-1,43.0,0.0419921875,0.09423828125,0.0022134780883789,1.9044036280948564,8,False,0,0,0,0,moyen,45-60,0.0005035400390625,0.5923962922609822,0.2591157027813103,0.2396892118997928,0.6162784790723329,-0.0194264908815174,-0.5646223416163871,Q1
val,P1738,34,val:P1738:34,ship,1,0,2460.0,73.0,90.0,89.20201873779297,24.83948516845703,56.4889812021592,603.0,735.0,627.0,716.0,676.0,790.0,657.0,806.0,4000,4000,JL,0.72,0.00015375,3.5911379858656702,P1738__x0_y0,2,0,0,1024,1.0,2460.0,603.0,735.0,627.0,716.0,676.0,790.0,657.0,806.0,1,0.0,0.0,-1,218.0,0.212890625,0.256103515625,0.0023460388183593,1.5241279205474332,8,False,0,0,0,0,moyen,45-60,0.0005035400390625,0.6218440540156627,0.2312668677311988,0.2239308555369059,0.6042287937727607,-0.0073360121942929,-0.49506378992063965,Q1
val,P1738,35,val:P1738:35,soccer-ball-field,13,1,101.5,14.0,16.0,15.0,7.071067810058594,53.97262661489639,716.0,984.0,722.0,980.0,730.0,991.0,725.0,996.0,4000,4000,JL,0.72,6.34375e-06,2.121320344101707,P1738__x0_y0,3,0,0,1024,1.0,101.5,716.0,984.0,722.0,980.0,730.0,991.0,725.0,996.0,1,0.0,0.0,-1,28.0,0.02734375,0.035400390625,9.679794311523438e-05,1.1382560995150228,8,False,1,0,0,0,tres petit,45-60,0.0005035400390625,0.05,0.2303158387735026,0.1126841826096818,-2.3713153083574583,-0.1176316561638207,-0.63613279271739,Q1
val,P1738,36,val:P1738:36,baseball-diamond,3,0,2422.0,56.0,64.0,55.31726837158203,43.17406463623047,77.47119229084849,789.0,3369.0,777.0,3315.0,819.0,3305.0,833.0,3357.0,4000,4000,JL,0.72,0.000151375,1.2812615360093134,P1738__x0_y2976,2,0,2976,1024,1.0,2422.0,789.0,393.0,777.0,339.0,819.0,329.0,833.0,381.0,1,0.0,0.0,-1,191.0,0.1865234375,0.21435546875,0.0023097991943359,0.8247285952166735,4,False,0,0,0,0,moyen,75-90,0.0005035400390625,0.05,0.1605562258075772,0.1490966855768807,0.1575470132509637,-0.0114595402306965,-0.48480444733033473,Q1
val,P1738,37,val:P1738:37,baseball-diamond,3,0,2133.0,52.0,63.0,51.6623649597168,42.54409408569336,75.42578380196126,737.0,3177.0,776.0,3160.0,789.0,3210.0,746.0,3223.0,4000,4000,JL,0.72,0.0001333125,1.2143251859037636,P1738__x0_y2976,3,0,2976,1024,1.0,2133.0,737.0,201.0,776.0,184.0,789.0,234.0,746.0,247.0,1,0.0,0.0,-1,184.0,0.1796875,0.21142578125,0.0020341873168945,0.7949477006030305,4,False,0,0,0,0,moyen,75-90,0.0005035400390625,0.05,0.1551418058857897,0.1532854482178078,0.1614508064223231,-0.0018563576679818,-0.41521712227758334,Q2
val,P1738,38,val:P1738:38,baseball-diamond,3,0,1385.0,47.0,50.0,37.336307525634766,37.161808013916016,69.62356478616361,783.0,2907.0,770.0,2872.0,804.0,2857.0,817.0,2892.0,4000,4000,JL,0.72,8.65625e-05,1.004695667973243,P1738__x0_y2048,0,0,2048,1024,1.0,1385.0,783.0,859.0,770.0,824.0,804.0,809.0,817.0,844.0,1,0.0,0.0,-1,165.0,0.1611328125,0.185546875,0.0013208389282226,0.6954922626907778,4,False,0,0,0,0,moyen,60-75,0.0005035400390625,0.05,0.1680540442169253,0.1545414078762333,0.163386357571861,-0.0135126363406919,0.41404353568103736,Q4
val,P1738,39,val:P1738:39,baseball-diamond,3,0,1461.5,53.0,50.0,43.046485900878906,34.885528564453125,62.10272896905237,763.0,2760.0,781.0,2794.0,750.0,2810.0,728.0,2773.0,4000,4000,JL,0.72,9.134375e-05,1.2339353213854254,P1738__x0_y2048,1,0,2048,1024,1.0,1461.5,763.0,712.0,781.0,746.0,750.0,762.0,728.0,725.0,1,0.0,0.0,-1,243.0,0.2373046875,0.26220703125,0.0013937950134277,0.8037647482965712,4,False,0,0,0,0,moyen,60-75,0.0005035400390625,0.05,0.1373401004382747,0.1520856788967292,0.1593141052355857,0.0147455784584544,-0.2764422617709597,Q2
val,P1738,4,val:P1738:4,plane,0,1,111.0,14.0,15.0,13.03840446472168,8.602325439453125,57.52880770915151,3846.0,1936.0,3855.0,1940.0,3848.0,1951.0,3841.0,1946.0,4000,4000,JL,0.72,6.9375e-06,1.5156837016329583,P1738__x2976_y1024,3,2976,1024,1024,1.0,111.0,870.0,912.0,879.0,916.0,872.0,927.0,865.0,922.0,1,0.0,0.0,-1,97.0,0.0947265625,0.102294921875,0.000105857849121,0.9225446161631556,50,False,1,0,0,0,tres petit,45-60,0.0005035400390625,0.2545978440217576,0.3700489696697031,0.3072349396119469,-1.2695600682751538,-0.0628140300577562,-0.5125528490696949,Q1
val,P1738,40,val:P1738:40,baseball-diamond,3,0,1295.0,43.0,50.0,38.60051727294922,33.61547088623047,73.44292862436335,665.0,2803.0,697.0,2788.0,708.0,2825.0,677.0,2838.0,4000,4000,JL,0.72,8.09375e-05,1.148296193844505,P1738__x0_y2048,2,0,2048,1024,1.0,1295.0,665.0,755.0,697.0,740.0,708.0,777.0,677.0,790.0,1,0.0,0.0,-1,234.0,0.228515625,0.25244140625,0.001235008239746,0.7646750599915323,4,False,0,0,0,0,moyen,60-75,0.0005035400390625,0.05,0.1438333134782634,0.1532952432882108,0.1608654176818036,0.0094619298099473,-0.2265351551299682,Q3
val,P1738,41,val:P1738:41,ship,1,0,2631.5,108.0,81.0,115.96551513671876,23.021728515625,32.27564431457763,1564.0,2167.0,1659.0,2227.0,1649.0,2248.0,1551.0,2186.0,4000,4000,JL,0.72,0.00016446875,5.037220166071031,P1738__x1024_y2048,0,1024,2048,1024,1.0,2631.5,540.0,119.0,635.0,179.0,625.0,200.0,527.0,138.0,1,0.0,0.0,-1,119.0,0.1162109375,0.1552734375,0.002509593963623,1.7979436685995236,6,False,0,0,0,0,moyen,30-45,0.0005035400390625,0.5671460259374055,0.2393628056122293,0.2377038483527987,0.5513284702687625,-0.0016589572594305,-0.5158597009979634,Q1
val,P1738,42,val:P1738:42,bridge,8,0,46261.0,271.0,1097.0,1121.4713134765625,38.05259704589844,78.00872276351005,1626.0,1857.0,1664.0,1855.0,1897.0,2952.0,1851.0,2952.0,4000,4000,JL,0.72,0.0028913125,29.47161036404064,P1738__x1024_y2048,1,1024,2048,1024,0.8377949974060224,40995.44934558869,828.985595703125,913.348876953125,635.2626953125,1.271240234375,679.277099609375,0.0,873.0,904.000244140625,1,0.0,0.0,-1,0.0,0.0,0.2635436058044433,0.0390963071304213,3.4167954424064666,6,False,0,0,0,0,grand,75-90,0.0005035400390625,0.1635257965066233,0.2080928407633426,0.1712646754109403,0.211945604232221,-0.0368281653524023,-0.531201763035422,Q1
val,P1738,43,val:P1738:43,bridge,8,0,48589.5,261.0,1091.0,1110.0423583984375,37.10795211791992,78.30540199427267,1592.0,1868.0,1628.0,1859.0,1853.0,2946.0,1802.0,2950.0,4000,4000,JL,0.72,0.00303684375,29.91386737998897,P1738__x1024_y2048,2,1024,2048,1024,0.851927162118359,46008.69756954909,779.301513671875,908.287353515625,591.77197265625,2.310791015625,641.470458984375,0.0,829.0,898.000244140625,1,0.0,0.0,-1,0.0,0.0,0.3062636852264404,0.0438773132033816,3.431204865754857,6,False,0,0,0,0,grand,75-90,0.0005035400390625,0.1612466464019454,0.211935819185434,0.169898949888385,0.2106426797936094,-0.042036869297049,-0.5152134577838849,Q1
val,P1738,5,val:P1738:5,plane,0,1,78.0,12.0,13.0,11.661903381347656,6.7082037925720215,59.03624346792648,3849.0,1946.0,3855.0,1949.0,3849.0,1959.0,3843.0,1956.0,4000,4000,JL,0.72,4.875e-06,1.738453950111184,P1738__x2976_y1024,4,2976,1024,1024,1.0,78.0,873.0,922.0,879.0,925.0,873.0,935.0,867.0,932.0,1,0.0,0.0,-1,89.0,0.0869140625,0.09326171875,7.43865966796875e-05,1.007393509365794,50,False,1,0,0,0,tres petit,45-60,0.0005035400390625,0.2490810051768998,0.366263602145605,0.3051057875931305,-1.2860837673622494,-0.0611578145524745,-0.5274114777440084,Q1
val,P1738,51,val:P1738:51,ship,1,1,3646.5,88.0,117.0,116.21101379394533,31.24099922180176,56.58341860468707,1330.0,2128.0,1354.0,2108.0,1418.0,2205.0,1393.0,2225.0,4000,4000,JL,0.72,0.00022790625,3.719823843305454,P1738__x1024_y2048,3,1024,2048,1024,1.0,3646.5,306.0,80.0,330.0,60.0,394.0,157.0,369.0,177.0,1,0.0,0.0,-1,60.0,0.05859375,0.11572265625,0.0034775733947753,1.5517714775674154,6,False,0,0,0,0,grand,45-60,0.0005035400390625,0.6235149534311959,0.2700593144038948,0.2365679008301549,0.6838260917698367,-0.0334914135737398,-0.5889975102807079,Q1
val,P1738,52,val:P1738:52,baseball-diamond,3,0,1536.0,52.0,48.0,41.761226654052734,37.94733047485352,71.56505117707798,2950.0,3979.0,2938.0,3943.0,2974.0,3931.0,2990.0,3967.0,4000,4000,JL,0.72,9.6e-05,1.1005049928802386,P1738__x2048_y2976,0,2048,2976,1024,1.0,1536.0,902.0,1003.0,890.0,967.0,926.0,955.0,942.0,991.0,1,0.0,0.0,-1,21.0,0.0205078125,0.0439453125,0.00146484375,0.7421777886205416,4,False,0,0,0,0,moyen,60-75,0.0005035400390625,0.05,0.199386127981301,0.1602752260300541,0.1707692327659121,-0.0391109019512468,-0.42135417409336634,Q1
val,P1738,53,val:P1738:53,baseball-diamond,3,0,1633.5,52.0,50.0,43.65776062011719,38.89730072021485,69.77514056883192,3058.0,3852.0,3072.0,3890.0,3035.0,3902.0,3020.0,3861.0,4000,4000,JL,0.72,0.00010209375,1.1223853535273296,P1738__x2976_y2976,0,2976,2976,1024,1.0,1633.5,82.0,876.0,96.0,914.0,59.0,926.0,44.0,885.0,2,0.0,0.0,-1,44.0,0.04296875,0.068603515625,0.0015578269958496,0.7525406229163987,2,False,0,0,0,0,moyen,60-75,0.0005035400390625,0.05,0.224072869835145,0.2145863508711737,0.2263796598098656,-0.0094865189639712,-0.9469417376736158,Q1
val,P1738,54,val:P1738:54,plane,0,0,306.0,18.0,17.0,18.0,17.0,0.0,3027.0,2148.0,3045.0,2148.0,3045.0,2165.0,3027.0,2165.0,4000,4000,JL,0.72,1.9125e-05,1.0588235294117647,P1738__x2976_y2048,1,2976,2048,1024,1.0,306.0,51.0,100.0,69.0,100.0,69.0,117.0,51.0,117.0,1,0.0,0.3180844485759735,8,51.0,0.0498046875,0.05859375,0.0002918243408203,0.7221347174331976,27,False,1,0,0,0,tres petit,0-15,0.0005035400390625,0.1899847218563753,0.3247060374884767,0.1377945806419658,-0.91220441354087,-0.1869114568465108,-0.05706073761980898,Q4
val,P1738,55,val:P1738:55,bridge,8,0,25208.0,88.0,548.0,549.6071166992188,46.0,85.61728565198896,3621.0,3154.0,3667.0,3154.0,3709.0,3702.0,3663.0,3702.0,4000,4000,JL,0.72,0.0015755,11.947980797809103,P1738__x2976_y2976,1,2976,2976,1024,1.0,25208.0,645.0,178.0,691.0,178.0,733.0,726.0,687.0,726.0,1,0.0,0.0,-1,178.0,0.173828125,0.3271484375,0.0240402221679687,2.560939853039196,2,False,0,0,0,0,grand,75-90,0.0005035400390625,0.2205929151143377,0.2862984154965786,0.2431349794364731,0.3241650384283939,-0.0431634360601054,-0.9007191331092314,Q1
val,P1738,56,val:P1738:56,plane,0,0,165.5,17.0,11.0,17.029386520385742,10.0,3.366460663429791,3897.0,1944.0,3914.0,1943.0,3914.0,1953.0,3898.0,1954.0,4000,4000,JL,0.72,1.034375e-05,1.7029386520385743,P1738__x2976_y1024,29,2976,1024,1024,1.0,165.5,921.0,920.0,938.0,919.0,938.0,929.0,922.0,930.0,1,0.0,0.0,-1,86.0,0.083984375,0.092041015625,0.0001578330993652,0.9943395707876068,50,False,1,0,0,0,tres petit,0-15,0.0005035400390625,0.2054526686970401,0.3069763391116114,0.2792832071657434,-1.387048592923469,-0.027693131945868,-0.6069446094763382,Q1
val,P1738,57,val:P1738:57,plane,0,1,138.5,15.0,18.0,15.264337539672852,9.219544410705566,63.43494882292201,3266.0,1426.0,3273.0,1432.0,3267.0,1444.0,3258.0,1439.0,4000,4000,JL,0.72,8.65625e-06,1.6556498737560374,P1738__x2976_y1024,30,2976,1024,1024,1.0,138.5,290.0,402.0,297.0,408.0,291.0,420.0,282.0,415.0,1,0.0,0.0,-1,282.0,0.275390625,0.283203125,0.0001320838928222,0.9766893982845096,50,False,1,0,0,0,tres petit,60-75,0.0005035400390625,0.2458735187889503,0.3197426269457743,0.2970355158051344,-1.2307896946908428,-0.0227071111406399,-0.36658092775495593,Q2
val,P1738,58,val:P1738:58,plane,0,1,157.0,16.0,19.0,17.8885440826416,9.48683261871338,63.43494882292201,3255.0,1428.0,3264.0,1431.0,3256.0,1447.0,3248.0,1441.0,4000,4000,JL,0.72,9.8125e-06,1.885618182759472,P1738__x2976_y1024,31,2976,1024,1024,1.0,157.0,279.0,404.0,288.0,407.0,280.0,423.0,272.0,417.0,1,0.0,0.0,-1,272.0,0.265625,0.273193359375,0.0001497268676757,1.0597391517931452,50,False,1,0,0,0,tres petit,60-75,0.0005035400390625,0.2394214967763095,0.3178028501601156,0.2941743834628301,-1.2523167316348154,-0.0236284666972854,-0.4211458297092633,Q1
val,P1738,59,val:P1738:59,plane,0,1,123.0,14.0,16.0,14.866068840026855,7.280109882354736,61.699244233993625,3261.0,1357.0,3270.0,1360.0,3263.0,1373.0,3256.0,1371.0,4000,4000,JL,0.72,7.6875e-06,2.042011601508748,P1738__x2976_y1024,32,2976,1024,1024,1.0,123.0,285.0,333.0,294.0,336.0,287.0,349.0,280.0,347.0,1,0.0,0.0,-1,280.0,0.2734375,0.27978515625,0.0001173019409179,1.1125190076065374,50,False,1,0,0,0,tres petit,60-75,0.0005035400390625,0.2333248473221138,0.3175961895500805,0.2896913238492796,-1.26948426529792,-0.0279048657008009,-0.4524263872265244,Q1
val,P1738,6,val:P1738:6,plane,0,1,131.5,16.0,16.0,13.892443656921388,8.9442720413208,59.74356283647073,3839.0,1950.0,3847.0,1954.0,3840.0,1966.0,3831.0,1961.0,4000,4000,JL,0.72,8.21875e-06,1.5532223967183685,P1738__x2976_y1024,5,2976,1024,1024,1.0,131.5,863.0,926.0,871.0,930.0,864.0,942.0,855.0,937.0,1,0.0,0.0,-1,82.0,0.080078125,0.088134765625,0.0001254081726074,0.9373562463800788,50,False,1,0,0,0,tres petit,45-60,0.0005035400390625,0.2559747957030549,0.3671393825016754,0.3062890917575432,-1.2574098618389975,-0.0608502907441321,-0.5277072303124949,Q1
val,P1738,60,val:P1738:60,plane,0,0,4984.5,83.0,83.0,72.36711883544922,69.42621612548828,11.154659738928302,3296.0,2113.0,3225.0,2127.0,3213.0,2058.0,3281.0,2044.0,4000,4000,JL,0.72,0.00031153125,1.042360118037331,P1738__x2976_y2048,2,2976,2048,1024,0.9918558076913432,4923.439250707626,249.0,79.0,235.3740234375,9.89794921875,306.3740234375,0.0,320.0,65.0,1,0.8184839487075806,0.8814513087272644,0,0.0,0.0,0.0375727415084838,0.0046953575617862,0.7141060597457335,27,False,0,1,1,1,grand,0-15,0.0005035400390625,0.1994700213216446,0.3277904364892851,0.1278588346582578,-1.0396372735917618,-0.1999316018310273,0.22967805029937471,Q4
val,P1738,61,val:P1738:61,plane,0,0,3235.5,79.0,81.0,57.48912811279297,56.22277069091797,52.1250163489018,3506.0,2306.0,3462.0,2270.0,3497.0,2225.0,3541.0,2262.0,4000,4000,JL,0.72,0.00020221875,1.0225239241380817,P1738__x2976_y2048,3,2976,2048,1024,1.0,3235.5,530.0,258.0,486.0,222.0,521.0,177.0,565.0,214.0,1,0.0,0.0,-1,177.0,0.1728515625,0.212646484375,0.0030856132507324,0.7043461988734188,27,False,0,0,0,0,grand,45-60,0.0005035400390625,0.2236320101975029,0.3444160374030076,0.1261203315575728,0.2253290209939918,-0.2182957058454347,0.39228358748338116,Q4
val,P1738,62,val:P1738:62,plane,0,0,3400.0,80.0,84.0,59.40538787841797,56.080299377441406,53.901716032892,3563.0,2372.0,3520.0,2336.0,3555.0,2288.0,3600.0,2326.0,4000,4000,JL,0.72,0.0002125,1.0592915611701264,P1738__x2976_y2048,4,2976,2048,1024,1.0,3400.0,587.0,324.0,544.0,288.0,579.0,240.0,624.0,278.0,1,0.0,0.0,-1,240.0,0.234375,0.27587890625,0.0032424926757812,0.7223620213089184,27,False,0,0,0,0,grand,45-60,0.0005035400390625,0.22066686464037,0.3323474230523076,0.1273977386788783,0.2215013517408545,-0.2049496843734293,0.23078640355403257,Q4
val,P1738,63,val:P1738:63,plane,0,0,1996.5,53.0,53.0,46.87216567993164,41.59326934814453,11.07020257793937,3472.0,2466.0,3463.0,2422.0,3509.0,2413.0,3516.0,2454.0,4000,4000,JL,0.72,0.00012478125,1.1269170809248397,P1738__x2976_y2048,5,2976,2048,1024,1.0,1996.5,496.0,418.0,487.0,374.0,533.0,365.0,540.0,406.0,1,0.0,0.0,-1,365.0,0.3564453125,0.381591796875,0.001904010772705,0.7546735514078213,27,False,0,0,0,0,moyen,0-15,0.0005035400390625,0.1821980034544388,0.2716135445314657,0.1287334591022643,0.1892462063612023,-0.1428800854292013,-0.2536666472764145,Q3
val,P1738,64,val:P1738:64,plane,0,0,3213.5,76.0,82.0,59.40538787841797,52.009613037109375,36.09828396710802,3628.0,2433.0,3580.0,2398.0,3615.0,2351.0,3656.0,2383.0,4000,4000,JL,0.72,0.00020084375,1.1422001512687978,P1738__x2976_y2048,6,2976,2048,1024,1.0,3213.5,652.0,385.0,604.0,350.0,639.0,303.0,680.0,335.0,1,0.0,0.0,-1,303.0,0.2958984375,0.335205078125,0.0030646324157714,0.7618334089621502,27,False,0,0,0,0,grand,30-45,0.0005035400390625,0.2014179126029705,0.3009852163261327,0.1259888443134165,0.2019031616434807,-0.1749963720127162,-0.2795017575789449,Q2
val,P1738,65,val:P1738:65,plane,0,0,1746.0,58.0,59.0,44.40720748901367,40.224369049072266,52.85331330197822,3674.0,2470.0,3642.0,2444.0,3667.0,2411.0,3700.0,2434.0,4000,4000,JL,0.72,0.000109125,1.1039876706291774,P1738__x2976_y2048,7,2976,2048,1024,1.0,1746.0,698.0,422.0,666.0,396.0,691.0,363.0,724.0,386.0,1,0.0,0.0,-1,300.0,0.29296875,0.321533203125,0.0016651153564453,0.7438344348911727,27,False,0,0,0,0,moyen,45-60,0.0005035400390625,0.2160695755946247,0.3302505504735521,0.1310147117526388,0.2220394941302806,-0.1992358387209133,-0.20912069671375133,Q3
val,P1738,66,val:P1738:66,plane,0,0,1707.0,56.0,60.0,42.8018684387207,39.051246643066406,55.56101069119637,3616.0,2538.0,3646.0,2563.0,3622.0,2598.0,3590.0,2572.0,4000,4000,JL,0.72,0.0001066875,1.0960435867754872,P1738__x2976_y2048,8,2976,2048,1024,1.0,1707.0,640.0,490.0,670.0,515.0,646.0,550.0,614.0,524.0,1,0.6522808074951172,0.2605974078178406,10,354.0,0.345703125,0.37255859375,0.0016279220581054,0.7400515614598908,27,False,0,1,1,1,moyen,45-60,0.0005035400390625,0.2161269133245301,0.3341083320059194,0.1358212070935242,-1.0477762569072604,-0.1982871249123951,-0.23657347881137616,Q3
val,P1738,67,val:P1738:67,plane,0,0,1731.0,57.0,60.0,42.20189666748047,40.45985794067383,51.76617482255307,3649.0,2574.0,3681.0,2601.0,3655.0,2634.0,3624.0,2608.0,4000,4000,JL,0.72,0.0001081875,1.0430559773432964,P1738__x2976_y2048,9,2976,2048,1024,1.0,1731.0,673.0,526.0,705.0,553.0,679.0,586.0,648.0,560.0,1,0.6381340622901917,0.5040549039840698,3,319.0,0.3115234375,0.339599609375,0.0016508102416992,0.7144467150407873,27,False,0,1,1,1,moyen,45-60,0.0005035400390625,0.216664642295159,0.3350800390897727,0.1333475951818463,-1.0505642429198223,-0.2017324439079263,0.4563263509550086,Q4
val,P1738,68,val:P1738:68,plane,0,0,1661.0,56.0,59.0,43.41658782958984,39.051246643066406,50.01311375503582,3683.0,2611.0,3712.0,2639.0,3686.0,2670.0,3656.0,2645.0,4000,4000,JL,0.72,0.0001038125,1.1117849380436746,P1738__x2976_y2048,10,2976,2048,1024,1.0,1661.0,707.0,563.0,736.0,591.0,710.0,622.0,680.0,597.0,1,0.7688805460929871,0.4340442419052124,4,288.0,0.28125,0.308349609375,0.0015840530395507,0.7475335320813279,27,False,0,1,1,1,moyen,45-60,0.0005035400390625,0.2141879324455822,0.330995095847399,0.1294694227566277,-1.052880509412717,-0.2015256730907713,-0.20908472873715575,Q3
val,P1738,69,val:P1738:69,plane,0,0,1809.0,56.0,63.0,44.94440841674805,41.400482177734375,57.72435568542238,3716.0,2648.0,3749.0,2673.0,3725.0,2711.0,3693.0,2683.0,4000,4000,JL,0.72,0.0001130625,1.0856010860887904,P1738__x2976_y2048,11,2976,2048,1024,1.0,1809.0,740.0,600.0,773.0,625.0,749.0,663.0,717.0,635.0,1,0.0,0.0,-1,251.0,0.2451171875,0.272705078125,0.0017251968383789,0.7350571043930562,27,False,0,0,0,0,moyen,45-60,0.0005035400390625,0.2228428822199238,0.3310827827644046,0.1281515522921076,0.2230865916511518,-0.2029312304722969,-0.26601484996147473,Q2
val,P1738,7,val:P1738:7,plane,0,1,130.5,14.0,18.0,16.124515533447266,7.810249805450439,60.255118703057775,3840.0,1959.0,3849.0,1963.0,3841.0,1977.0,3835.0,1972.0,4000,4000,JL,0.72,8.15625e-06,2.064532625088977,P1738__x2976_y1024,6,2976,1024,1024,1.0,130.5,864.0,935.0,873.0,939.0,865.0,953.0,859.0,948.0,1,0.0,0.0,-1,71.0,0.0693359375,0.078369140625,0.000124454498291,1.119895070024678,50,False,1,0,0,0,tres petit,60-75,0.0005035400390625,0.2413794999263838,0.3674476315984984,0.2963318752925908,-1.298775418302748,-0.0711157563059076,-0.5865319935742859,Q1
val,P1738,70,val:P1738:70,plane,0,0,1807.5,57.0,63.0,44.59820556640625,41.617305755615234,44.02897806892084,3756.0,2687.0,3786.0,2716.0,3762.0,2750.0,3729.0,2720.0,4000,4000,JL,0.72,0.00011296875,1.0716264485811606,P1738__x2976_y2048,12,2976,2048,1024,1.0,1807.5,780.0,639.0,810.0,668.0,786.0,702.0,753.0,672.0,1,0.6581427454948425,0.2908281981945038,9,214.0,0.208984375,0.236083984375,0.0017237663269042,0.7283340227100615,27,False,0,1,1,1,moyen,30-45,0.0005035400390625,0.2143303729226236,0.3390794488014039,0.1195536329032585,-1.060745239967221,-0.2195258158981453,0.05792178925751581,Q4
val,P1738,71,val:P1738:71,plane,0,0,1740.0,55.0,63.0,43.84062194824219,41.01219177246094,54.78240703180728,3790.0,2726.0,3819.0,2755.0,3795.0,2789.0,3764.0,2758.0,4000,4000,JL,0.72,0.00010875,1.068965594218266,P1738__x2976_y2048,13,2976,2048,1024,1.0,1740.0,814.0,678.0,843.0,707.0,819.0,741.0,788.0,710.0,1,0.0,0.0,-1,181.0,0.1767578125,0.203125,0.0016593933105468,0.7270487694411213,27,False,0,0,0,0,moyen,45-60,0.0005035400390625,0.224401168185558,0.3459581346918851,0.1264512382418878,0.226546037748663,-0.2195068964499973,0.10113120919329291,Q4
val,P1738,72,val:P1738:72,plane,0,0,1902.0,60.0,63.0,46.75468063354492,41.86884307861328,41.30861401354873,3824.0,2767.0,3857.0,2796.0,3832.0,2830.0,3797.0,2799.0,4000,4000,JL,0.72,0.000118875,1.116693875342052,P1738__x2976_y2048,14,2976,2048,1024,1.0,1902.0,848.0,719.0,881.0,748.0,856.0,782.0,821.0,751.0,1,0.0,0.0,-1,143.0,0.1396484375,0.16845703125,0.0018138885498046,0.7498553786461802,27,False,0,0,0,0,moyen,30-45,0.0005035400390625,0.2136603397210484,0.3656104229053517,0.1211296598941483,0.2204715233527484,-0.2444807630112034,-0.39522198752365634,Q2
val,P1738,73,val:P1738:73,plane,0,0,1816.5,57.0,63.0,43.60046005249024,41.617305755615234,43.09084756700362,3862.0,2805.0,3893.0,2834.0,3869.0,2868.0,3836.0,2840.0,4000,4000,JL,0.72,0.00011353125,1.0476521548156064,P1738__x2976_y2048,15,2976,2048,1024,1.0,1816.5,886.0,757.0,917.0,786.0,893.0,820.0,860.0,792.0,1,0.0,0.0,-1,107.0,0.1044921875,0.1318359375,0.0017323493957519,0.7166938464703061,27,False,0,0,0,0,moyen,30-45,0.0005035400390625,0.2192879000531416,0.3812788306629161,0.1264648711170135,0.2335591945128971,-0.2548139595459026,0.3293456795551256,Q4
val,P1738,74,val:P1738:74,plane,0,0,2181.0,62.0,70.0,50.80354309082031,43.185646057128906,53.13010235415598,3925.0,2746.0,3893.0,2716.0,3923.0,2676.0,3955.0,2705.0,4000,4000,JL,0.72,0.0001363125,1.1763988206547595,P1738__x2976_y2048,16,2976,2048,1024,1.0,2181.0,949.0,698.0,917.0,668.0,947.0,628.0,979.0,657.0,1,0.7604416012763977,0.2521445453166961,11,45.0,0.0439453125,0.07421875,0.002079963684082,0.7776715937505853,27,False,0,1,1,1,moyen,45-60,0.0005035400390625,0.2251397352239593,0.3900711185353123,0.1334332058938598,-1.0437848463417845,-0.2566379126414525,-0.540145480726739,Q1
val,P1738,75,val:P1738:75,plane,0,0,2046.0,62.0,66.0,48.27007293701172,42.44997024536133,48.46822925891715,3887.0,2704.0,3856.0,2673.0,3887.0,2638.0,3918.0,2667.0,4000,4000,JL,0.72,0.000127875,1.1371049887199007,P1738__x2976_y2048,17,2976,2048,1024,1.0,2046.0,911.0,656.0,880.0,625.0,911.0,590.0,942.0,619.0,1,0.7671517729759216,0.378907173871994,6,82.0,0.080078125,0.1103515625,0.0019512176513671,0.7594521041521667,27,False,0,1,1,1,moyen,45-60,0.0005035400390625,0.2211772991137001,0.3861898496264378,0.1353525389810407,-1.0389629645009493,-0.250837310645397,-0.41244802834385896,Q2
val,P1738,76,val:P1738:76,plane,0,0,1900.0,59.0,64.0,45.45327377319336,41.72529220581055,50.3558250428552,3854.0,2664.0,3821.0,2635.0,3850.0,2600.0,3880.0,2629.0,4000,4000,JL,0.72,0.00011875,1.0893458468545767,P1738__x2976_y2048,18,2976,2048,1024,1.0,1900.0,878.0,616.0,845.0,587.0,874.0,552.0,904.0,581.0,1,0.0,0.0,-1,120.0,0.1171875,0.145263671875,0.0018119812011718,0.7368510250489115,27,False,0,0,0,0,moyen,45-60,0.0005035400390625,0.2228189806493296,0.3774993643536361,0.1342319767427472,0.2424616188296369,-0.2432673876108889,-0.39310318108111714,Q2
val,P1738,77,val:P1738:77,plane,0,0,2124.5,65.0,65.0,48.91830062866211,43.931766510009766,50.19442890773482,3815.0,2627.0,3782.0,2598.0,3812.0,2562.0,3847.0,2590.0,4000,4000,JL,0.72,0.00013278125,1.1135063421025004,P1738__x2976_y2048,19,2976,2048,1024,1.0,2124.5,839.0,579.0,806.0,550.0,836.0,514.0,871.0,542.0,1,0.0,0.0,-1,153.0,0.1494140625,0.181640625,0.002026081085205,0.7483483417784265,27,False,0,0,0,0,moyen,45-60,0.0005035400390625,0.2200922027464066,0.3592305158219384,0.1278335875888017,0.2292094627876363,-0.2313969282331366,-0.35517168537196825,Q2
val,P1738,78,val:P1738:78,plane,0,0,1918.0,61.0,63.0,46.86149978637695,39.62322616577149,50.19442890773482,3778.0,2585.0,3749.0,2558.0,3779.0,2522.0,3810.0,2551.0,4000,4000,JL,0.72,0.000119875,1.1826775434772208,P1738__x2976_y2048,20,2976,2048,1024,1.0,1918.0,802.0,537.0,773.0,510.0,803.0,474.0,834.0,503.0,1,0.7172470688819885,0.5961510539054871,2,190.0,0.185546875,0.2158203125,0.0018291473388671,0.7805523540952625,27,False,0,1,1,1,moyen,45-60,0.0005035400390625,0.2160154496971722,0.3475617923516618,0.1261203315575728,-1.0536494518779982,-0.221441460794089,-0.3793940836422992,Q2
val,P1738,79,val:P1738:79,plane,0,0,2256.5,67.0,67.0,49.67897033691406,45.45327377319336,49.14462374110428,3743.0,2548.0,3708.0,2518.0,3740.0,2481.0,3775.0,2510.0,4000,4000,JL,0.72,0.00014103125,1.09296792536455,P1738__x2976_y2048,21,2976,2048,1024,1.0,2256.5,767.0,500.0,732.0,470.0,764.0,433.0,799.0,462.0,1,0.0,0.0,-1,225.0,0.2197265625,0.25244140625,0.0021519660949707,0.738583118628115,27,False,0,0,0,0,moyen,45-60,0.0005035400390625,0.2167600319734869,0.3288386556962452,0.1267020363011272,0.2177074502644041,-0.2021366193951179,-0.2609513171543174,Q2
val,P1738,8,val:P1738:8,plane,0,1,118.0,14.0,16.0,11.40175437927246,10.29563045501709,37.874983651098205,3850.0,1968.0,3859.0,1975.0,3854.0,1984.0,3845.0,1978.0,4000,4000,JL,0.72,7.375e-06,1.1074362496874928,P1738__x2976_y1024,7,2976,1024,1024,1.0,118.0,874.0,944.0,883.0,951.0,878.0,960.0,869.0,954.0,1,0.0,0.0,-1,64.0,0.0625,0.070068359375,0.0001125335693359,0.7454721611777517,50,False,1,0,0,0,tres petit,30-45,0.0005035400390625,0.2544488693047919,0.3566118074193579,0.3053507285425212,-1.25130857516481,-0.0512610788768367,-0.4772072754344495,Q1
val,P1738,80,val:P1738:80,plane,0,0,334.0,24.0,27.0,19.416488647460938,17.0,55.49147701233159,3413.0,1554.0,3402.0,1570.0,3389.0,1558.0,3397.0,1543.0,4000,4000,JL,0.72,2.0875e-05,1.142146391027114,P1738__x2976_y1024,33,2976,1024,1024,1.0,334.0,437.0,530.0,426.0,546.0,413.0,534.0,421.0,519.0,1,0.0,0.0,-1,413.0,0.4033203125,0.414306640625,0.0003185272216796,0.7618083128401835,50,False,1,0,0,0,tres petit,45-60,0.0005035400390625,0.2507182592251338,0.3291775519759201,0.301251734059544,-1.2294806428046317,-0.0279258179163761,-0.22318564761232074,Q3
val,P1738,81,val:P1738:81,plane,0,0,308.5,23.0,25.0,18.027755737304688,17.0,30.96375653207352,3526.0,1680.0,3518.0,1695.0,3503.0,1686.0,3511.0,1670.0,4000,4000,JL,0.72,1.928125e-05,1.0604562198414522,P1738__x2976_y1024,34,2976,1024,1024,1.0,308.5,550.0,656.0,542.0,671.0,527.0,662.0,535.0,646.0,1,0.0,0.0,-1,353.0,0.3447265625,0.356689453125,0.0002942085266113,0.7229274242239806,50,False,1,0,0,0,tres petit,30-45,0.0005035400390625,0.2361357163049628,0.2703864689298125,0.3047813667038572,-1.2563093272074923,0.0343948977740447,0.17592877227429096,Q4
val,P1738,82,val:P1738:82,plane,0,0,356.0,24.0,26.0,20.615528106689453,17.464248657226562,67.16634582208245,3680.0,1809.0,3688.0,1790.0,3704.0,1798.0,3696.0,1816.0,4000,4000,JL,0.72,2.225e-05,1.1804417419445592,P1738__x2976_y1024,35,2976,1024,1024,1.0,356.0,704.0,785.0,712.0,766.0,728.0,774.0,720.0,792.0,1,0.0,0.0,-1,232.0,0.2265625,0.239013671875,0.0003395080566406,0.7795274901930406,50,False,1,0,0,0,tres petit,60-75,0.0005035400390625,0.2685690037287445,0.3303602142812145,0.2992479762592521,-1.1453434862470682,-0.0311122380219624,-0.2917946893337233,Q2
val,P1738,83,val:P1738:83,plane,0,0,728.0,28.0,28.0,28.07133674621582,26.0,85.91438322002512,3735.0,1888.0,3733.0,1860.0,3760.0,1861.0,3761.0,1888.0,4000,4000,JL,0.72,4.55e-05,1.0796667979313777,P1738__x2976_y1024,36,2976,1024,1024,1.0,728.0,759.0,864.0,757.0,836.0,784.0,837.0,785.0,864.0,1,0.0,0.0,-1,160.0,0.15625,0.169677734375,0.0006942749023437,0.7322076875786868,50,False,0,0,0,0,petit,75-90,0.0005035400390625,0.2940883367922048,0.407348718952995,0.3325946933389791,0.5022993653186766,-0.0747540256140159,-0.4676331890045854,Q1
val,P1738,84,val:P1738:84,plane,0,0,351.5,19.0,20.0,20.0,17.0,90.0,3746.0,1869.0,3746.0,1849.0,3765.0,1850.0,3765.0,1867.0,4000,4000,JL,0.72,2.196875e-05,1.1764705882352942,P1738__x2976_y1024,37,2976,1024,1024,1.0,351.5,770.0,845.0,770.0,825.0,789.0,826.0,789.0,843.0,1,0.0,0.0,-1,179.0,0.1748046875,0.184814453125,0.0003352165222167,0.7777045685880084,50,False,1,0,0,0,tres petit,75-90,0.0005035400390625,0.2928287418141084,0.3875822180310397,0.3660732746599961,-1.271636483421003,-0.0215089433710436,-0.6485238313999064,Q1
val,P1738,85,val:P1738:85,baseball-diamond,3,0,1375.0,48.0,50.0,41.231056213378906,32.31098937988281,67.16634582208246,718.0,2939.0,702.0,2901.0,732.0,2889.0,750.0,2926.0,4000,4000,JL,0.72,8.59375e-05,1.2760691332791507,P1738__x0_y2048,3,0,2048,1024,1.0,1375.0,718.0,891.0,702.0,853.0,732.0,841.0,750.0,878.0,1,0.0,0.0,-1,133.0,0.1298828125,0.154541015625,0.0013113021850585,0.8224498907057425,4,False,0,0,0,0,moyen,60-75,0.0005035400390625,0.05,0.1716494553879124,0.1529506537618748,0.1619848356243965,-0.0186988016260375,-0.41581066975135295,Q2
val,P1738,86,val:P1738:86,plane,0,0,3190.5,78.0,82.0,59.46427536010742,53.037723541259766,47.72631099390628,3440.0,2242.0,3403.0,2204.0,3443.0,2160.0,3481.0,2199.0,4000,4000,JL,0.72,0.00019940625,1.1211694505298335,P1738__x2976_y2048,22,2976,2048,1024,1.0,3190.5,464.0,194.0,427.0,156.0,467.0,112.0,505.0,151.0,1,0.0,0.0,-1,112.0,0.109375,0.149658203125,0.0030426979064941,0.7519675642017529,27,False,0,0,0,0,grand,45-60,0.0005035400390625,0.2193522093102366,0.3735134091520896,0.1313702101603376,0.2363227796566488,-0.242143198991752,-0.3594822348553897,Q2
val,P1738,87,val:P1738:87,plane,0,0,1754.0,49.0,52.0,43.17406463623047,40.26164245605469,77.9052429229879,3224.0,2136.0,3184.0,2146.0,3175.0,2104.0,3214.0,2094.0,4000,4000,JL,0.72,0.000109625,1.0723373911870255,P1738__x2976_y2048,23,2976,2048,1024,1.0,1754.0,248.0,88.0,208.0,98.0,199.0,56.0,238.0,46.0,1,0.0,0.0,-1,46.0,0.044921875,0.0703125,0.0016727447509765,0.7286771447257593,27,False,0,0,0,0,moyen,75-90,0.0005035400390625,0.2499327831357372,0.3983921851871109,0.1356678689797825,0.2684176617778348,-0.2627243162073283,-0.19466591777465792,Q3
val,P1738,88,val:P1738:88,plane,0,1,123.0,16.0,15.0,13.03840446472168,8.9442720413208,57.52880770915151,3252.0,1359.0,3260.0,1363.0,3253.0,1374.0,3244.0,1369.0,4000,4000,JL,0.72,7.6875e-06,1.4577379136599136,P1738__x2976_y1024,38,2976,1024,1024,1.0,123.0,276.0,335.0,284.0,339.0,277.0,350.0,268.0,345.0,1,0.0,0.0,-1,268.0,0.26171875,0.269775390625,0.0001173019409179,0.899241379608583,50,False,1,0,0,0,tres petit,45-60,0.0005035400390625,0.2480704738362139,0.3219567113276264,0.2943248300710387,-1.2140883970987906,-0.0276318812565876,-0.34814567062694496,Q2
val,P1738,89,val:P1738:89,plane,0,0,1878.0,50.0,54.0,44.72135925292969,41.231056213378906,79.69515353123397,3179.0,2152.0,3137.0,2163.0,3129.0,2119.0,3169.0,2109.0,4000,4000,JL,0.72,0.000117375,1.0846522830142349,P1738__x2976_y2048,24,2976,2048,1024,1.0,1878.0,203.0,104.0,161.0,115.0,153.0,71.0,193.0,61.0,1,0.6600749492645264,0.4260482490062713,5,61.0,0.0595703125,0.085693359375,0.0017910003662109,0.7346020706064011,27,False,0,1,1,1,moyen,75-90,0.0005035400390625,0.250186016441041,0.3968923144844667,0.1352824179147963,-1.0659529719720644,-0.2616098965696704,-0.5716384027418187,Q1
val,P1738,9,val:P1738:9,plane,0,1,117.5,13.0,17.0,13.892443656921388,7.810249805450439,71.56505117707798,3994.0,2027.0,4000.0,2032.0,3996.0,2044.0,3987.0,2039.0,4000,4000,JL,0.72,7.34375e-06,1.7787451109728198,P1738__x2976_y1024,8,2976,1024,1024,1.0,117.5,1018.0,1003.0,1024.0,1008.0,1020.0,1020.0,1011.0,1015.0,1,0.0,0.0,-1,0.0,0.0,0.005615234375,0.0001120567321777,1.0219994268607386,50,False,1,0,0,0,tres petit,60-75,0.0005035400390625,0.2632773707427253,0.3651103239140211,0.3012778309083425,-1.2081687117183428,-0.0638324930056786,-0.5360288707520486,Q1
val,P1738,90,val:P1738:90,plane,0,1,119.0,14.0,16.0,13.416407585144045,8.9442720413208,63.43494882292201,3245.0,1384.0,3253.0,1388.0,3247.0,1400.0,3239.0,1395.0,4000,4000,JL,0.72,7.4375e-06,1.499999946687986,P1738__x2976_y1024,39,2976,1024,1024,1.0,119.0,269.0,360.0,277.0,364.0,271.0,376.0,263.0,371.0,1,0.0,0.0,-1,263.0,0.2568359375,0.263671875,0.0001134872436523,0.9162907105493492,50,False,1,0,0,0,tres petit,60-75,0.0005035400390625,0.2520033930287237,0.3220883271862289,0.2993043711629568,-1.2104837229420518,-0.022783956023272,-0.35066574507587933,Q2
val,P1738,91,val:P1738:91,plane,0,1,93.0,12.0,15.0,13.03840446472168,7.071067810058594,57.52880770915151,3234.0,1387.0,3242.0,1391.0,3235.0,1402.0,3230.0,1397.0,4000,4000,JL,0.72,5.8125e-06,1.8439088430427084,P1738__x2976_y1024,40,2976,1024,1024,1.0,93.0,258.0,363.0,266.0,367.0,259.0,378.0,254.0,373.0,1,0.0,0.0,-1,254.0,0.248046875,0.253173828125,8.869171142578125e-05,1.0451794590513246,50,False,1,0,0,0,tres petit,45-60,0.0005035400390625,0.2366932226259724,0.3151025708811156,0.2928754678895894,-1.2595902376022596,-0.0222271029915261,-0.4103811381900776,Q2
val,P1738,92,val:P1738:92,plane,0,1,89.5,13.0,14.0,11.313708305358888,7.071067810058594,56.309932474020215,3236.0,1329.0,3241.0,1334.0,3235.0,1343.0,3228.0,1337.0,4000,4000,JL,0.72,5.59375e-06,1.599999973026017,P1738__x2976_y1024,41,2976,1024,1024,1.0,89.5,260.0,305.0,265.0,310.0,259.0,319.0,252.0,313.0,1,0.0,0.0,-1,252.0,0.24609375,0.2529296875,8.535385131835938e-05,0.9555114346528276,50,False,1,0,0,0,tres petit,45-60,0.0005035400390625,0.2431315486420444,0.3174504186187782,0.2957348457419369,-1.2380729209614327,-0.0217155728768413,-0.364651339578362,Q2
val,P1738,93,val:P1738:93,plane,0,1,123.0,15.0,16.0,13.601470947265623,8.602325439453125,53.972626614896384,3226.0,1342.0,3235.0,1347.0,3227.0,1358.0,3220.0,1353.0,4000,4000,JL,0.72,7.6875e-06,1.5811388493726075,P1738__x2976_y1024,42,2976,1024,1024,1.0,123.0,250.0,318.0,259.0,323.0,251.0,334.0,244.0,329.0,1,0.0,0.0,-1,244.0,0.23828125,0.2451171875,0.0001173019409179,0.9482307160243189,50,False,1,0,0,0,tres petit,45-60,0.0005035400390625,0.2421592967690303,0.3189445776392638,0.2928683513481115,-1.235479933915259,-0.0260762262911523,-0.36257902594814806,Q2
val,P1738,94,val:P1738:94,plane,0,1,84.0,12.0,14.0,12.529964447021484,6.7082037925720215,61.38954033403479,3212.0,1369.0,3218.0,1372.0,3212.0,1383.0,3206.0,1379.0,4000,4000,JL,0.72,5.25e-06,1.8678568562415896,P1738__x2976_y1024,43,2976,1024,1024,1.0,84.0,236.0,345.0,242.0,348.0,236.0,359.0,230.0,355.0,1,0.0,0.0,-1,230.0,0.224609375,0.23046875,8.0108642578125e-05,1.0535650108368408,50,False,1,0,0,0,tres petit,60-75,0.0005035400390625,0.2403309350276407,0.3229394142202136,0.2942202241666279,-1.2529487056288042,-0.0287191900535856,-0.4246530729743453,Q1
val,P1738,95,val:P1738:95,plane,0,1,120.0,15.0,16.0,14.422204971313477,8.9442720413208,56.309932474020215,3203.0,1382.0,3211.0,1386.0,3203.0,1398.0,3196.0,1392.0,4000,4000,JL,0.72,7.5e-06,1.6124515113902718,P1738__x2976_y1024,44,2976,1024,1024,1.0,120.0,227.0,358.0,235.0,362.0,227.0,374.0,220.0,368.0,1,0.0,0.0,-1,220.0,0.21484375,0.221923828125,0.0001144409179687,0.9602890568852972,50,False,1,0,0,0,tres petit,45-60,0.0005035400390625,0.244276375389081,0.3257150527463229,0.2974371248064717,-1.2459033505076975,-0.0282779279398511,-0.3969589056735885,Q2
val,P1738,96,val:P1738:96,plane,0,1,111.0,15.0,16.0,14.866068840026855,7.071067810058594,47.72631099390625,3201.0,1370.0,3208.0,1375.0,3198.0,1386.0,3193.0,1381.0,4000,4000,JL,0.72,6.9375e-06,2.102379617811029,P1738__x2976_y1024,45,2976,1024,1024,1.0,111.0,225.0,346.0,232.0,351.0,222.0,362.0,217.0,357.0,1,0.0,0.0,-1,217.0,0.2119140625,0.21875,0.000105857849121,1.132169435671308,50,False,1,0,0,0,tres petit,45-60,0.0005035400390625,0.2233668773901079,0.3266574544067182,0.2877300832801915,-1.327077550965742,-0.0389273711265266,-0.4815900250693274,Q1
val,P1738,97,val:P1738:97,plane,0,1,91.0,13.0,14.0,13.892443656921388,7.211102485656738,59.74356283647073,3215.0,1345.0,3222.0,1347.0,3215.0,1359.0,3209.0,1355.0,4000,4000,JL,0.72,5.6875e-06,1.9265353230735784,P1738__x2976_y1024,46,2976,1024,1024,1.0,91.0,239.0,321.0,246.0,323.0,239.0,335.0,233.0,331.0,1,0.0,0.0,-1,233.0,0.2275390625,0.233642578125,8.678436279296875e-05,1.0738192397509851,50,False,1,0,0,0,tres petit,45-60,0.0005035400390625,0.2371268584835572,0.3227013189821184,0.2937728802710082,-1.2678133214684082,-0.0289284387111102,-0.443223195110352,Q1
val,P1738,98,val:P1738:98,plane,0,1,104.0,13.0,16.0,15.264337539672852,7.071067810058594,58.39249775375109,3224.0,1330.0,3232.0,1333.0,3224.0,1346.0,3219.0,1341.0,4000,4000,JL,0.72,6.5e-06,2.158703317476228,P1738__x2976_y1024,47,2976,1024,1024,1.0,104.0,248.0,306.0,256.0,309.0,248.0,322.0,243.0,317.0,1,0.0,0.0,-1,243.0,0.2373046875,0.242919921875,9.918212890625e-05,1.1501616008144555,50,False,1,0,0,0,tres petit,45-60,0.0005035400390625,0.2293533145757018,0.3166768065307365,0.2845072261782554,-1.2726453358678833,-0.032169580352481,-0.44686356603428673,Q1
val,P1738,99,val:P1738:99,plane,0,1,93.5,12.0,15.0,12.529964447021484,7.211102485656738,61.38954033403479,3198.0,1300.0,3205.0,1304.0,3199.0,1315.0,3193.0,1311.0,4000,4000,JL,0.72,5.84375e-06,1.7375934500923045,P1738__x2976_y1024,48,2976,1024,1024,1.0,93.5,222.0,276.0,229.0,280.0,223.0,291.0,217.0,287.0,1,0.0,0.0,-1,217.0,0.2119140625,0.217529296875,8.916854858398438e-05,1.007079231579984,50,False,1,0,0,0,tres petit,60-75,0.0005035400390625,0.2448634910814599,0.3248617697600771,0.2966911839529368,-1.2398301216676133,-0.0281705858071402,-0.40959180951528334,Q2
val,P1806,1,val:P1806:1,large-vehicle,9,0,2156.5,89.0,45.0,86.12200927734375,23.53720474243164,15.01836063115067,375.0,524.0,370.0,501.0,452.0,479.0,459.0,505.0,766,1227,GoogleEarth,0.124376608659,0.0022944369612355,3.658973536568151,P1806__x0_y0,0,0,0,1024,1.0,2156.5,375.0,524.0,370.0,501.0,452.0,479.0,459.0,505.0,1,0.8666497468948364,0.5920199751853943,54,370.0,0.361328125,0.404296875,0.00205659866333,1.5387951527515933,30,False,0,1,1,1,moyen,15-30,0.0005035400390625,0.4096499180377967,0.6313438420153811,0.32673926742837,-0.929074985024291,-0.304604574587011,-0.3453060906282338,Q2
val,P1806,10,val:P1806:10,large-vehicle,9,0,2120.0,86.0,45.0,82.46211242675781,25.70992088317871,14.036243467926482,339.0,386.0,333.0,361.0,413.0,341.0,419.0,366.0,766,1227,GoogleEarth,0.124376608659,0.002255602299012,3.20740436353153,P1806__x0_y0,9,0,0,1024,1.0,2120.0,339.0,386.0,333.0,361.0,413.0,341.0,419.0,366.0,1,0.9027250409126282,0.9426334500312804,7,333.0,0.3251953125,0.35498046875,0.0020217895507812,1.436845916826046,30,False,0,1,1,1,moyen,0-15,0.0005035400390625,0.4426235615986523,0.61855025001957,0.2575102084838626,-1.0454065193769562,-0.3610400415357074,-0.38609920842581746,Q2
val,P1806,11,val:P1806:11,large-vehicle,9,0,2055.0,88.0,45.0,85.16454315185547,23.0867919921875,15.668160421752477,347.0,412.0,340.0,390.0,422.0,367.0,428.0,392.0,766,1227,GoogleEarth,0.124376608659,0.0021864446813536,3.688885973446414,P1806__x0_y0,10,0,0,1024,1.0,2055.0,347.0,412.0,340.0,390.0,422.0,367.0,428.0,392.0,1,0.9081236720085144,0.5140124559402466,65,340.0,0.33203125,0.375244140625,0.0019598007202148,1.5451950219287225,30,False,0,1,1,1,moyen,15-30,0.0005035400390625,0.406130599159084,0.6313438420153811,0.32673926742837,-0.9253743220476542,-0.304604574587011,-0.3516108345983432,Q2
val,P1806,12,val:P1806:12,large-vehicle,9,0,1659.0,71.0,38.0,68.15423583984375,21.3775577545166,14.444035724492238,352.0,439.0,348.0,418.0,414.0,401.0,419.0,428.0,766,1227,GoogleEarth,0.124376608659,0.0017651151953117,3.1881207676982783,P1806__x0_y0,11,0,0,1024,1.0,1659.0,352.0,439.0,348.0,418.0,414.0,401.0,419.0,428.0,1,0.893819272518158,0.6421761512756348,47,348.0,0.33984375,0.374267578125,0.0015821456909179,1.432252129196697,30,False,0,1,1,1,moyen,0-15,0.0005035400390625,0.4466496696267729,0.6252154676418293,0.2585333604874569,-1.0439827461643532,-0.3666821071543724,-0.37576481797123135,Q2
val,P1806,13,val:P1806:13,large-vehicle,9,0,2255.0,88.0,46.0,86.34812927246094,26.305892944335938,13.869686438505028,356.0,468.0,352.0,442.0,433.0,422.0,440.0,448.0,766,1227,GoogleEarth,0.124376608659,0.0023992373510717,3.282463342155926,P1806__x0_y0,12,0,0,1024,1.0,2255.0,356.0,468.0,352.0,442.0,433.0,422.0,440.0,448.0,1,0.8987680673599243,0.6022491455078125,53,352.0,0.34375,0.385986328125,0.002150535583496,1.4545283912626137,30,False,0,1,1,1,moyen,0-15,0.0005035400390625,0.438040650863235,0.632337082080788,0.2775792436361179,-1.00900964239452,-0.35475783844467,-0.3837870257549148,Q2
val,P1806,14,val:P1806:14,large-vehicle,9,0,2447.5,97.0,47.0,93.17188262939452,24.73863410949707,14.33543541952011,367.0,495.0,361.0,471.0,451.0,448.0,458.0,475.0,766,1227,GoogleEarth,0.124376608659,0.0026040502956754,3.7662500773891225,P1806__x0_y0,13,0,0,1024,1.0,2447.5,367.0,495.0,361.0,471.0,451.0,448.0,458.0,475.0,1,0.9348192811012268,0.8634290099143982,20,361.0,0.3525390625,0.399658203125,0.0023341178894042,1.5615598484265358,30,False,0,1,1,1,moyen,0-15,0.0005035400390625,0.3995983615901416,0.6308818767687477,0.32673926742837,-0.91892794571762,-0.3041426093403777,-0.3361317945877019,Q2
val,P1806,15,val:P1806:15,large-vehicle,9,0,1953.0,86.0,41.0,83.43260955810547,21.587032318115234,13.869686438505028,382.0,549.0,377.0,528.0,458.0,508.0,463.0,533.0,766,1227,GoogleEarth,0.124376608659,0.0020779204197973,3.864941152105061,P1806__x0_y0,14,0,0,1024,1.0,1953.0,382.0,549.0,377.0,528.0,458.0,508.0,463.0,533.0,1,0.892993688583374,0.9126085042953492,14,377.0,0.3681640625,0.41015625,0.0018625259399414,1.5820546193890763,30,False,0,1,1,1,moyen,0-15,0.0005035400390625,0.3920066672286247,0.6318613954137408,0.3313508926265905,-0.9060082685409254,-0.3005105027871502,-0.3377241585719932,Q2
val,P1806,16,val:P1806:16,small-vehicle,10,0,747.0,45.0,38.0,43.5660400390625,17.0,33.3106308245608,616.0,728.0,606.0,743.0,571.0,720.0,579.0,705.0,766,1227,GoogleEarth,0.124376608659,0.0007947806213971,2.562708237591912,P1806__x0_y0,15,0,0,1024,1.0,747.0,616.0,728.0,606.0,743.0,571.0,720.0,579.0,705.0,1,0.0,0.3408489227294922,89,281.0,0.2744140625,0.29296875,0.0007123947143554,1.2705209965438578,30,False,0,0,0,0,petit,30-45,0.0005035400390625,0.2439713425918034,0.5231173310256823,0.1978454777656328,0.3666560596566691,-0.3252718532600493,-0.4182688572274928,Q1
val,P1806,17,val:P1806:17,large-vehicle,9,0,2082.0,86.0,44.0,84.17243957519531,24.33105087280273,14.036243467926482,387.0,577.0,383.0,553.0,463.0,533.0,469.0,558.0,766,1227,GoogleEarth,0.124376608659,0.0022151716917655,3.4594658494296,P1806__x0_y0,16,0,0,1024,1.0,2082.0,387.0,577.0,383.0,553.0,463.0,533.0,469.0,558.0,1,0.9148099422454834,0.4813659191131592,68,383.0,0.3740234375,0.41552734375,0.0019855499267578,1.4950289941577248,30,False,0,1,1,1,moyen,0-15,0.0005035400390625,0.4252841751813553,0.6338137284015464,0.2941019602743089,-0.9768723539071856,-0.3397117681272374,-0.35791406187770053,Q2
val,P1806,18,val:P1806:18,large-vehicle,9,0,1906.0,76.0,42.0,71.0633544921875,25.961509704589844,13.840695491655625,397.0,606.0,390.0,581.0,459.0,564.0,466.0,591.0,766,1227,GoogleEarth,0.124376608659,0.0020279141424136,2.73725816798797,P1806__x0_y0,17,0,0,1024,1.0,1906.0,397.0,606.0,390.0,581.0,459.0,564.0,466.0,591.0,1,0.7989786267280579,0.9341590404510498,10,390.0,0.380859375,0.41796875,0.0018177032470703,1.318352232406131,30,False,0,1,1,1,moyen,0-15,0.0005035400390625,0.4929914082762433,0.6187199111558849,0.2397291356956276,-1.1310097650158728,-0.3789907754602573,-0.37999067787619273,Q2
val,P1806,19,val:P1806:19,large-vehicle,9,0,1984.5,87.0,43.0,83.9523696899414,21.587032318115234,15.19524852681988,401.0,630.0,396.0,609.0,477.0,587.0,483.0,612.0,766,1227,GoogleEarth,0.124376608659,0.0021114352652779,3.889018576188952,P1806__x0_y0,18,0,0,1024,1.0,1984.5,401.0,630.0,396.0,609.0,477.0,587.0,483.0,612.0,1,0.8526104092597961,0.797153115272522,30,394.0,0.384765625,0.40478515625,0.0018925666809082,1.5869915831779489,30,False,0,1,1,1,moyen,15-30,0.0005035400390625,0.3920655592334375,0.6331173720325346,0.3313508926265905,-0.9052569273313028,-0.3017664794059441,-0.32822336923709916,Q2
val,P1806,2,val:P1806:2,large-vehicle,9,0,2229.0,90.0,47.0,86.40023040771484,24.04162979125977,16.12757582595981,498.0,135.0,491.0,112.0,574.0,88.0,581.0,115.0,766,1227,GoogleEarth,0.124376608659,0.0023715743040083,3.5937759277503427,P1806__x0_y0,1,0,0,1024,1.0,2229.0,498.0,135.0,491.0,112.0,574.0,88.0,581.0,115.0,1,0.8272991180419922,0.4342949390411377,73,88.0,0.0859375,0.10986328125,0.0021257400512695,1.5247023280992107,30,False,0,1,1,1,moyen,15-30,0.0005035400390625,0.3939937071728494,0.5823697853312273,0.3021704151582033,-0.9693509839631008,-0.2801993701730239,-0.44371875058626026,Q1
val,P1806,20,val:P1806:20,large-vehicle,9,0,2114.0,88.0,43.0,84.64632415771484,23.409399032592773,14.364582449697195,403.0,660.0,395.0,638.0,477.0,617.0,483.0,644.0,766,1227,GoogleEarth,0.124376608659,0.0022492185189204,3.615911883934408,P1806__x0_y0,19,0,0,1024,1.0,2114.0,403.0,660.0,395.0,638.0,477.0,617.0,483.0,644.0,1,0.9188653230667114,0.9661522507667542,1,364.0,0.35546875,0.375244140625,0.0020160675048828,1.5295094397546205,30,False,0,1,1,1,moyen,0-15,0.0005035400390625,0.4097126285913832,0.6338137284015464,0.3234428371545398,-0.930723433644474,-0.3103708912470065,-0.36087507535833213,Q2
val,P1806,21,val:P1806:21,large-vehicle,9,0,2003.0,86.0,44.0,82.9698715209961,22.80350875854492,15.37625124882618,409.0,688.0,403.0,666.0,483.0,644.0,489.0,669.0,766,1227,GoogleEarth,0.124376608659,0.0021311185872269,3.6384695179817736,P1806__x0_y0,20,0,0,1024,1.0,2003.0,409.0,688.0,403.0,666.0,483.0,644.0,489.0,669.0,1,0.8964325189590454,0.9270753860473632,12,336.0,0.328125,0.348876953125,0.0019102096557617,1.5343844665647013,30,False,0,1,1,1,moyen,15-30,0.0005035400390625,0.4076068323816768,0.6294042712537533,0.3226328072137135,-0.9323622861560372,-0.3067714640400397,-0.3566430923204336,Q2
val,P1806,22,val:P1806:22,large-vehicle,9,0,1734.0,74.0,41.0,70.3420181274414,23.76972770690918,14.826479970355678,409.0,717.0,403.0,694.0,471.0,676.0,477.0,701.0,766,1227,GoogleEarth,0.124376608659,0.001844912446456,2.959311061312452,P1806__x0_y0,21,0,0,1024,1.0,1734.0,409.0,717.0,403.0,694.0,471.0,676.0,477.0,701.0,1,0.8164336681365967,0.9693973064422609,0,307.0,0.2998046875,0.3193359375,0.0016536712646484,1.3760700357150375,30,False,0,1,1,1,moyen,0-15,0.0005035400390625,0.4645273825168846,0.6171373398244355,0.2308268549782753,-1.1013099968195936,-0.3863104848461601,-0.382322425372462,Q2
val,P1806,23,val:P1806:23,large-vehicle,9,0,1952.0,89.0,43.0,86.34812927246094,21.587032318115234,15.01836063115067,426.0,744.0,421.0,723.0,503.0,701.0,510.0,724.0,766,1227,GoogleEarth,0.124376608659,0.0020768564564487,4.0,P1806__x0_y0,22,0,0,1024,1.0,1952.0,426.0,744.0,421.0,723.0,503.0,701.0,510.0,724.0,1,0.8591581583023071,0.4233185946941376,75,280.0,0.2734375,0.2939453125,0.001861572265625,1.6094379124341005,30,False,0,1,1,1,moyen,15-30,0.0005035400390625,0.3750826288914993,0.6210159863063062,0.3270949450513916,-0.9003756402388385,-0.2939210412549145,-0.3250357027437404,Q2
val,P1806,24,val:P1806:24,large-vehicle,9,0,2219.0,88.0,46.0,85.61541748046875,25.495098114013672,14.19855402386318,448.0,853.0,443.0,828.0,526.0,807.0,531.0,833.0,766,1227,GoogleEarth,0.124376608659,0.0023609346705224,3.3581128849788286,P1806__x0_y0,23,0,0,1024,1.0,2219.0,448.0,853.0,443.0,828.0,526.0,807.0,531.0,833.0,1,0.8905576467514038,0.3996901512145996,78,171.0,0.1669921875,0.189208984375,0.0021162033081054,1.472039139119222,30,False,0,1,1,1,moyen,0-15,0.0005035400390625,0.4164483897866797,0.5891468599606152,0.2842255880964402,-1.0089774904550128,-0.304921271864175,-0.3914857499298937,Q2
val,P1806,25,val:P1806:25,large-vehicle,9,0,1940.5,81.0,41.0,78.85429382324219,25.0,12.20046872738078,308.0,997.0,312.0,1022.0,238.0,1038.0,231.0,1014.0,766,1227,GoogleEarth,0.124376608659,0.0020646208779399,3.154171752929688,P1806__x0_y0,24,0,0,1024,0.7516962772360538,1387.8222042024136,236.4488525390625,1024.0,231.0,1014.0,308.0,997.0,313.4488525390625,1021.68017578125,1,0.8029091954231262,0.8878334164619446,16,0.0,0.0,0.0095995664596557,0.0013235303918861,1.4241130709953511,30,False,0,1,1,1,moyen,0-15,0.0005035400390625,0.4168767259871687,0.4842710287193845,0.2244769906271813,-1.1442193290458056,-0.2597940380922032,-0.5295571910852113,Q1
val,P1806,26,val:P1806:26,small-vehicle,10,0,758.0,24.0,41.0,40.31128692626953,19.02629852294922,82.69424046668918,709.0,365.0,728.0,364.0,733.0,403.0,714.0,405.0,766,1227,GoogleEarth,0.124376608659,0.0008064842182316,2.1187140986801345,P1806__x0_y0,25,0,0,1024,1.0,758.0,709.0,365.0,728.0,364.0,733.0,403.0,714.0,405.0,1,0.0,0.0,-1,291.0,0.2841796875,0.2958984375,0.0007228851318359,1.137420769006187,30,False,0,0,0,0,petit,75-90,0.0005035400390625,0.362358228274537,0.6411705301324504,0.0827602668892304,0.4471238133550532,-0.55841026324322,-0.46095055469216173,Q1
val,P1806,27,val:P1806:27,small-vehicle,10,0,1491.0,35.0,66.0,62.16912460327149,23.53720474243164,79.77783136636388,666.0,620.0,690.0,615.0,701.0,676.0,678.0,681.0,766,1227,GoogleEarth,0.124376608659,0.0015863693527485,2.6413129886743194,P1806__x0_y0,26,0,0,1024,1.0,1491.0,666.0,620.0,690.0,615.0,701.0,676.0,678.0,681.0,1,0.0,0.0,-1,323.0,0.3154296875,0.332275390625,0.0014219284057617,1.2923443277822773,30,False,0,0,0,0,moyen,75-90,0.0005035400390625,0.3069108880235043,0.5500124150324345,0.1926913280261491,0.4362455778399612,-0.3573210870062853,-0.3812356272061047,Q2
val,P1806,28,val:P1806:28,small-vehicle,10,0,986.0,51.0,44.0,50.77400970458984,19.23538398742676,32.124998440387515,607.0,674.0,599.0,693.0,556.0,666.0,565.0,649.0,766,1227,GoogleEarth,0.124376608659,0.0010490678617102,2.6396150832121865,P1806__x0_y0,27,0,0,1024,1.0,986.0,607.0,674.0,599.0,693.0,556.0,666.0,565.0,649.0,1,0.0,0.0,-1,331.0,0.3232421875,0.34521484375,0.0009403228759765,1.2918779296868292,30,False,0,0,0,0,moyen,30-45,0.0005035400390625,0.2394194611098827,0.5259079746533956,0.2007666386449619,0.3663146607763785,-0.3251413360084336,-0.42829623893820656,Q1
val,P1806,29,val:P1806:29,small-vehicle,10,0,708.0,42.0,36.0,39.11521530151367,17.492855072021484,29.931511840507792,567.0,695.0,576.0,680.0,609.0,699.0,600.0,716.0,766,1227,GoogleEarth,0.124376608659,0.0007532860508021,2.2360681055475924,P1806__x0_y0,28,0,0,1024,1.0,708.0,567.0,695.0,576.0,680.0,609.0,699.0,600.0,716.0,1,0.0,0.0,-1,308.0,0.30078125,0.31884765625,0.0006752014160156,1.174359045188495,30,False,0,0,0,0,petit,15-30,0.0005035400390625,0.2692866762965783,0.517135024150652,0.0890699102899956,0.2796474833719954,-0.4280651138606564,-0.3818603011640196,Q2
val,P1806,3,val:P1806:3,large-vehicle,9,0,2142.5,87.0,45.0,83.19855499267578,24.73863410949707,13.201087175705569,308.0,113.0,301.0,87.0,382.0,68.0,388.0,92.0,766,1227,GoogleEarth,0.124376608659,0.0022795414743552,3.363102207843244,P1806__x0_y0,2,0,0,1024,1.0,2142.5,308.0,113.0,301.0,87.0,382.0,68.0,388.0,92.0,1,0.8119263648986816,0.253803938627243,103,68.0,0.06640625,0.087890625,0.0020432472229003,1.473183319914129,30,False,0,1,1,1,moyen,0-15,0.0005035400390625,0.406346144836984,0.5682623665294956,0.262903367677254,-1.0326138287765756,-0.3053589988522415,-0.49743804933160507,Q1
val,P1806,30,val:P1806:30,large-vehicle,9,0,2228.0,82.0,73.0,85.70297241210938,24.83948516845703,41.68905848538856,282.0,232.0,263.0,216.0,327.0,159.0,345.0,182.0,766,1227,GoogleEarth,0.124376608659,0.0023705103406597,3.4502716876330912,P1806__x0_y0,29,0,0,1024,1.0,2228.0,282.0,232.0,263.0,216.0,327.0,159.0,345.0,182.0,1,0.8477732539176941,0.5286039710044861,62,159.0,0.1552734375,0.192626953125,0.0021247863769531,1.4929651477151604,30,False,0,1,1,1,moyen,30-45,0.0005035400390625,0.4578531929814719,0.6021082563715197,0.3330258143140799,-1.0030012597604134,-0.2690824420574397,-0.3155257375999425,Q2
val,P1806,4,val:P1806:4,large-vehicle,9,0,2176.5,87.0,44.0,83.19855499267578,25.70992088317871,13.201087175705569,171.0,142.0,165.0,117.0,246.0,98.0,252.0,124.0,766,1227,GoogleEarth,0.124376608659,0.0023157162282073,3.236048658831552,P1806__x0_y0,3,0,0,1024,1.0,2176.5,171.0,142.0,165.0,117.0,246.0,98.0,252.0,124.0,1,0.7140082716941833,0.5371028184890747,59,98.0,0.095703125,0.117431640625,0.0020756721496582,1.443630914649472,30,False,0,1,1,1,moyen,0-15,0.0005035400390625,0.4197566459820973,0.5751644396307031,0.2352407774944009,-1.0720915662191624,-0.3399236621363021,-0.45767993318024186,Q1
val,P1806,5,val:P1806:5,large-vehicle,9,0,2411.5,47.0,86.0,81.02468872070312,29.832868576049805,77.0053832080835,25.0,273.0,54.0,266.0,72.0,344.0,43.0,352.0,766,1227,GoogleEarth,0.124376608659,0.0025657476151261,2.7159536641324107,P1806__x0_y0,4,0,0,1024,1.0,2411.5,25.0,273.0,54.0,266.0,72.0,344.0,43.0,352.0,1,0.0,0.9618896842002868,2,25.0,0.0244140625,0.04736328125,0.0022997856140136,1.312635351587631,30,False,0,0,0,0,moyen,75-90,0.0005035400390625,0.5793355625533458,0.5390964841916528,0.2419603597565718,0.9843995515156996,-0.297136124435081,-0.49143196623369867,Q1
val,P1806,6,val:P1806:6,large-vehicle,9,0,1806.0,40.0,72.0,70.61161041259766,26.248809814453125,77.7352262721076,1.0,283.0,26.0,275.0,41.0,344.0,14.0,347.0,766,1227,GoogleEarth,0.124376608659,0.0019215178075545,2.690088080630516,P1806__x0_y0,5,0,0,1024,1.0,1806.0,1.0,283.0,26.0,275.0,41.0,344.0,14.0,347.0,1,0.7127923369407654,0.261265754699707,101,1.0,0.0009765625,0.02001953125,0.0017223358154296,1.3056503278571203,30,False,0,1,1,1,moyen,75-90,0.0005035400390625,0.5811129890179231,0.5009699312871485,0.2416772532363849,-1.4506164852580576,-0.2592926780507635,-0.4984264310049311,Q1
val,P1806,7,val:P1806:7,large-vehicle,9,0,2228.0,95.0,46.0,94.11163330078124,22.56102752685547,14.77455027504658,317.0,297.0,312.0,275.0,403.0,251.0,407.0,276.0,766,1227,GoogleEarth,0.124376608659,0.0023705103406597,4.171424957872849,P1806__x0_y0,6,0,0,1024,1.0,2228.0,317.0,297.0,312.0,275.0,403.0,251.0,407.0,276.0,1,0.8915985822677612,0.952532947063446,3,251.0,0.2451171875,0.268310546875,0.0021247863769531,1.6431482710222989,30,False,0,1,1,1,moyen,0-15,0.0005035400390625,0.3606039886962469,0.617594295821223,0.3282631339377305,-0.8874044958084837,-0.2893311618834925,-0.3033787163370716,Q2
val,P1806,8,val:P1806:8,large-vehicle,9,0,2428.0,98.0,46.0,96.3171844482422,25.31797790527344,12.593329956103103,319.0,331.0,312.0,306.0,406.0,285.0,410.0,310.0,766,1227,GoogleEarth,0.124376608659,0.0025833030103778,3.8043000435741927,P1806__x0_y0,7,0,0,1024,1.0,2428.0,319.0,331.0,312.0,306.0,406.0,285.0,410.0,310.0,1,0.8693736791610718,0.687308669090271,42,285.0,0.2783203125,0.30078125,0.0023155212402343,1.5695113592978094,30,False,0,1,1,1,moyen,0-15,0.0005035400390625,0.3860309452561234,0.6191228600010417,0.3235139077872173,-0.9159612925412128,-0.2956089522138243,-0.3458885415779248,Q2
val,P1806,9,val:P1806:9,large-vehicle,9,0,2121.0,88.0,42.0,85.70297241210938,24.33105087280273,11.441043868767425,330.0,357.0,324.0,332.0,408.0,315.0,412.0,339.0,766,1227,GoogleEarth,0.124376608659,0.0022566662623605,3.5223703595929847,P1806__x0_y0,8,0,0,1024,1.0,2121.0,330.0,357.0,324.0,332.0,408.0,315.0,412.0,339.0,1,0.911959707736969,0.941648542881012,8,315.0,0.3076171875,0.327880859375,0.0020227432250976,1.5090362722253643,30,False,0,1,1,1,moyen,0-15,0.0005035400390625,0.4085506091462511,0.6272007231678522,0.2943906962992734,-0.9631247800785148,-0.3328100268685788,-0.36550705306411346,Q2
val,P1825,0,val:P1825:0,large-vehicle,9,0,1434.0,67.0,24.0,66.12110137939453,20.2237491607666,3.468229258917148,76.0,626.0,73.0,606.0,139.0,602.0,140.0,626.0,353,851,GoogleEarth,0.134467642712,0.0047735874808174,3.2694779219111,P1825__x0_y0,0,0,0,1024,1.0,1434.0,76.0,626.0,73.0,606.0,139.0,602.0,140.0,626.0,1,0.0299581177532672,0.312221497297287,43,73.0,0.0712890625,0.1044921875,0.0013675689697265,1.4514915532340134,22,False,0,0,0,0,moyen,0-15,0.0005035400390625,0.3935829755588839,0.6018058549567273,0.2416685408241126,0.6322587280322003,-0.3601373141326146,-0.46028881085872037,Q1
val,P1825,1,val:P1825:1,large-vehicle,9,0,1530.5,67.0,25.0,67.02984619140625,23.0,1.735704588928371,144.0,580.0,144.0,603.0,78.0,605.0,77.0,582.0,353,851,GoogleEarth,0.134467642712,0.0050948226216116,2.914341138756793,P1825__x0_y0,1,0,0,1024,1.0,1530.5,144.0,580.0,144.0,603.0,78.0,605.0,77.0,582.0,1,0.8913183808326721,0.7741357684135437,3,77.0,0.0751953125,0.108154296875,0.0014595985412597,1.364647023774873,22,False,0,1,1,1,moyen,0-15,0.0005035400390625,0.4233254909684171,0.5980050525056558,0.2357039298877253,-1.0593927075562342,-0.3623011226179305,-0.427540831221537,Q1
val,P1825,10,val:P1825:10,large-vehicle,9,0,1452.0,69.0,32.0,64.93843078613281,21.840330123901367,9.752424941653771,151.0,334.0,145.0,313.0,209.0,302.0,214.0,325.0,353,851,GoogleEarth,0.134467642712,0.0048335069889448,2.973326429487723,P1825__x0_y0,10,0,0,1024,1.0,1452.0,151.0,334.0,145.0,313.0,209.0,302.0,214.0,325.0,1,0.6915045976638794,0.2608911991119385,52,145.0,0.1416015625,0.175537109375,0.0013847351074218,1.3796036354225485,22,False,0,1,1,1,moyen,0-15,0.0005035400390625,0.4372516968515062,0.6120296306771242,0.226451761503136,-1.0749986406845171,-0.3855778691739882,-0.41748264949137504,Q2
val,P1825,11,val:P1825:11,large-vehicle,9,0,1110.5,56.0,26.0,55.226806640625,20.02498435974121,6.581944655178006,191.0,333.0,192.0,353.0,140.0,359.0,136.0,338.0,353,851,GoogleEarth,0.134467642712,0.0036967007653052,2.757895119841118,P1825__x0_y0,11,0,0,1024,1.0,1110.5,191.0,333.0,192.0,353.0,140.0,359.0,136.0,338.0,1,0.7372547388076782,0.5949311852455139,16,136.0,0.1328125,0.160888671875,0.0010590553283691,1.3238589920975978,22,False,0,1,1,1,moyen,0-15,0.0005035400390625,0.4517206481122475,0.6025355883196861,0.2218449210987409,-1.1056211434678156,-0.3806906672209451,-0.4157790333658283,Q2
val,P1825,12,val:P1825:12,large-vehicle,9,0,1041.0,54.0,27.0,51.62363815307617,19.23538398742676,8.914926957147856,136.0,381.0,133.0,362.0,184.0,354.0,187.0,375.0,353,851,GoogleEarth,0.134467642712,0.0034653448867021,2.6837851631566103,P1825__x0_y0,12,0,0,1024,1.0,1041.0,136.0,381.0,133.0,362.0,184.0,354.0,187.0,375.0,1,0.7905750870704651,0.2626000344753265,51,133.0,0.1298828125,0.15625,0.0009927749633789,1.3039408005027602,22,False,0,1,1,1,moyen,0-15,0.0005035400390625,0.4632134035245435,0.6009299365141467,0.220588304529684,-1.1237843075396077,-0.3803416319844627,-0.4184136644507363,Q1
val,P1825,13,val:P1825:13,large-vehicle,9,0,1088.0,52.0,28.0,51.35172653198242,21.02379608154297,6.709836807756943,128.0,407.0,125.0,385.0,176.0,379.0,177.0,400.0,353,851,GoogleEarth,0.134467642712,0.003621801380146,2.4425525405977795,P1825__x0_y0,13,0,0,1024,1.0,1088.0,128.0,407.0,125.0,385.0,176.0,379.0,177.0,400.0,1,0.7341286540031433,0.3484346866607666,42,125.0,0.1220703125,0.14794921875,0.00103759765625,1.2362132138419764,22,False,0,1,1,1,moyen,0-15,0.0005035400390625,0.4847087310957056,0.594478746460315,0.2069266991987688,-1.1745268671570546,-0.3875520472615461,-0.41621663970693945,Q2
val,P1825,14,val:P1825:14,large-vehicle,9,0,1094.5,57.0,27.0,54.58937454223633,19.416488647460938,8.426969021480659,124.0,427.0,120.0,408.0,174.0,400.0,177.0,421.0,353,851,GoogleEarth,0.134467642712,0.0036434389803031,2.8114957103417817,P1825__x0_y0,14,0,0,1024,1.0,1094.5,124.0,427.0,120.0,408.0,174.0,400.0,177.0,421.0,1,0.7886517643928528,0.2657047808170318,50,120.0,0.1171875,0.145263671875,0.0010437965393066,1.3380216869941035,22,False,0,1,1,1,moyen,0-15,0.0005035400390625,0.4483590924132606,0.5982939229821815,0.2203380757963821,-1.1061579647103317,-0.3779558471857994,-0.4159987495267848,Q2
val,P1825,15,val:P1825:15,large-vehicle,9,0,1574.0,73.0,28.0,73.17103576660156,21.0,5.7927964950321496,175.0,426.0,175.0,447.0,106.0,454.0,102.0,431.0,353,851,GoogleEarth,0.134467642712,0.0052396280995862,3.484335036504836,P1825__x0_y0,15,0,0,1024,1.0,1574.0,175.0,426.0,175.0,447.0,106.0,454.0,102.0,431.0,1,0.7017688155174255,0.5944905877113342,17,102.0,0.099609375,0.13623046875,0.0015010833740234,1.5005902206400636,22,False,0,1,1,1,moyen,0-15,0.0005035400390625,0.3819661595806985,0.6116229030362582,0.2724942692379429,-0.9675361279579386,-0.3391286337983152,-0.39328890560619445,Q2
val,P1825,16,val:P1825:16,large-vehicle,9,0,1593.0,71.0,30.0,69.2603759765625,22.090721130371094,6.709836807756915,167.0,452.0,169.0,474.0,101.0,482.0,98.0,458.0,353,851,GoogleEarth,0.134467642712,0.0053028764692762,3.1352700334142067,P1825__x0_y0,16,0,0,1024,1.0,1593.0,167.0,452.0,169.0,474.0,101.0,482.0,98.0,458.0,1,0.8551999926567078,0.7077456712722778,7,98.0,0.095703125,0.130615234375,0.0015192031860351,1.4195526306757549,22,False,0,1,1,1,moyen,0-15,0.0005035400390625,0.4131846918578074,0.602194970569074,0.2276755057725852,-1.0524244613282647,-0.3745194647964888,-0.4073168480466705,Q2
val,P1825,17,val:P1825:17,large-vehicle,9,0,1591.0,70.0,27.0,69.1158447265625,23.021728515625,3.317781168334818,156.0,481.0,157.0,504.0,88.0,508.0,87.0,485.0,353,851,GoogleEarth,0.134467642712,0.005296218746151,3.002200494183272,P1825__x0_y0,17,0,0,1024,1.0,1591.0,156.0,481.0,157.0,504.0,88.0,508.0,87.0,485.0,1,0.8897551894187927,0.403405487537384,36,87.0,0.0849609375,0.119140625,0.0015172958374023,1.3868443334032237,22,False,0,1,1,1,moyen,0-15,0.0005035400390625,0.4186088267494971,0.6072838903136266,0.219721649671387,-1.0630388005816258,-0.3875622406422395,-0.4409167193940423,Q1
val,P1825,18,val:P1825:18,large-vehicle,9,0,1552.5,73.0,26.0,73.06161499023438,20.0,4.830419958289951,170.0,506.0,170.0,526.0,99.0,532.0,97.0,509.0,353,851,GoogleEarth,0.134467642712,0.0051680575759895,3.653080749511719,P1825__x0_y0,18,0,0,1024,1.0,1552.5,170.0,506.0,170.0,526.0,99.0,532.0,97.0,509.0,1,0.8215500712394714,0.5287474989891052,23,97.0,0.0947265625,0.130859375,0.0014805793762207,1.5375295270020026,22,False,0,1,1,1,moyen,0-15,0.0005035400390625,0.3665227359164675,0.6127131769347881,0.3092263452752771,-0.9148534031583468,-0.3034868316595109,-0.3879850514183714,Q2
val,P1825,19,val:P1825:19,large-vehicle,9,0,1556.0,70.0,26.0,69.1158447265625,22.022714614868164,2.489552921999149,162.0,531.0,163.0,554.0,94.0,557.0,93.0,535.0,353,851,GoogleEarth,0.134467642712,0.0051797085914588,3.13838897407772,P1825__x0_y0,19,0,0,1024,1.0,1556.0,162.0,531.0,163.0,554.0,94.0,557.0,93.0,535.0,1,0.8668261766433716,0.3589288592338562,40,93.0,0.0908203125,0.125,0.0014839172363281,1.4203065754076885,22,False,0,1,1,1,moyen,0-15,0.0005035400390625,0.4050533009289488,0.6036507082130352,0.2362641977688917,-1.0335794524435258,-0.3673865104441435,-0.38449109356689615,Q2
val,P1825,2,val:P1825:2,large-vehicle,9,0,1491.0,73.0,30.0,70.57620239257812,21.21320343017578,7.326406660169539,207.0,131.0,203.0,110.0,273.0,101.0,276.0,122.0,353,851,GoogleEarth,0.134467642712,0.0049633325898875,3.326994087662568,P1825__x0_y0,2,0,0,1024,1.0,1491.0,207.0,131.0,203.0,110.0,273.0,101.0,276.0,122.0,1,0.0,0.8808391094207764,0,101.0,0.0986328125,0.11328125,0.0014219284057617,1.4648730948592323,22,False,0,0,0,0,moyen,0-15,0.0005035400390625,0.3960039300982736,0.6062035639108189,0.2548790244457733,0.6523302757218341,-0.3513245394650455,-0.4504387826583913,Q1
val,P1825,20,val:P1825:20,large-vehicle,9,0,1552.5,69.0,23.0,69.0,23.021728515625,0.0,156.0,558.0,154.0,581.0,88.0,581.0,87.0,558.0,353,851,GoogleEarth,0.134467642712,0.0051680575759895,2.9971685207376693,P1825__x0_y0,20,0,0,1024,1.0,1552.5,156.0,558.0,154.0,581.0,88.0,581.0,87.0,558.0,1,0.9033446311950684,0.5069552063941956,26,87.0,0.0849609375,0.118408203125,0.0014805793762207,1.385586240646174,22,False,0,1,1,1,moyen,0-15,0.0005035400390625,0.4131701390928593,0.6063369174892494,0.2396593260271229,-1.037507603251597,-0.3666775914621265,-0.46418335572929637,Q1
val,P1825,21,val:P1825:21,large-vehicle,9,0,836.5,49.0,28.0,48.27007293701172,17.464248657226562,13.172553423326889,291.0,24.0,289.0,42.0,242.0,31.0,246.0,14.0,353,851,GoogleEarth,0.134467642712,0.0027845926971435,2.763936421452517,P1825__x0_y0,21,0,0,1024,1.0,836.5,291.0,24.0,289.0,42.0,242.0,31.0,246.0,14.0,1,0.0,0.7962626814842224,2,14.0,0.013671875,0.027099609375,0.0007977485656738,1.3254653303616963,22,False,0,0,0,0,petit,0-15,0.0005035400390625,0.452266727053194,0.5044951631514824,0.2032048717179651,0.6197696259917971,-0.3012902914335172,-0.49936839050210013,Q1
val,P1825,3,val:P1825:3,large-vehicle,9,0,1528.5,69.0,29.0,69.35416412353516,22.20360374450684,5.194428907734789,264.0,131.0,264.0,154.0,198.0,160.0,195.0,138.0,353,851,GoogleEarth,0.134467642712,0.0050881648984863,3.1235543978167666,P1825__x0_y0,3,0,0,1024,1.0,1528.5,264.0,131.0,264.0,154.0,198.0,160.0,195.0,138.0,1,1.92048378266918e-06,0.5470763444900513,20,131.0,0.1279296875,0.142333984375,0.0014576911926269,1.416715509350921,22,False,0,0,0,0,moyen,0-15,0.0005035400390625,0.4124985638753476,0.6031634728331748,0.2326826889938808,0.6561779368811765,-0.3704807838392939,-0.4065784703473168,Q2
val,P1825,4,val:P1825:4,large-vehicle,9,0,1407.0,66.0,29.0,64.38167572021484,22.090721130371094,6.241914347415047,193.0,186.0,189.0,164.0,253.0,157.0,255.0,179.0,353,851,GoogleEarth,0.134467642712,0.0046837082186263,2.914421640663449,P1825__x0_y0,4,0,0,1024,1.0,1407.0,193.0,186.0,189.0,164.0,253.0,157.0,255.0,179.0,1,0.8919249773025513,0.4316726326942444,34,157.0,0.1533203125,0.16748046875,0.0013418197631835,1.364667589452727,22,False,0,1,1,1,moyen,0-15,0.0005035400390625,0.4360310675483588,0.6073075490242853,0.2257354141118893,-1.0778737011505095,-0.3815721349123959,-0.4240984576404421,Q1
val,P1825,5,val:P1825:5,large-vehicle,9,0,1354.5,64.0,23.0,64.0078125,20.02498435974121,0.8951737102110826,181.0,208.0,180.0,188.0,244.0,187.0,243.0,210.0,353,851,GoogleEarth,0.134467642712,0.004508942986588,3.196397627589817,P1825__x0_y0,5,0,0,1024,1.0,1354.5,181.0,208.0,180.0,188.0,244.0,187.0,243.0,210.0,1,0.7765514850616455,0.5300003886222839,22,180.0,0.17578125,0.193603515625,0.0012917518615722,1.4342264495308856,22,False,0,1,1,1,moyen,0-15,0.0005035400390625,0.4024042351620975,0.6146045927712473,0.2729116662368959,-0.986602796893441,-0.3416929265343514,-0.37878097284870554,Q2
val,P1825,6,val:P1825:6,large-vehicle,9,0,1272.5,61.0,25.0,61.20457458496094,20.02498435974121,4.685899839502696,173.0,234.0,172.0,214.0,233.0,209.0,233.0,231.0,353,851,GoogleEarth,0.134467642712,0.004235976338452,3.0564106061430105,P1825__x0_y0,6,0,0,1024,1.0,1272.5,173.0,234.0,172.0,214.0,233.0,209.0,233.0,231.0,1,0.0,0.8297916650772095,1,172.0,0.16796875,0.197998046875,0.0012135505676269,1.400298495421207,22,False,0,0,0,0,moyen,0-15,0.0005035400390625,0.4221534024817158,0.6096771906835442,0.2387762101913457,0.6841838695388736,-0.3709009804921985,-0.405319660840599,Q2
val,P1825,7,val:P1825:7,large-vehicle,9,0,1386.0,63.0,24.0,62.0322494506836,22.090721130371094,0.939190945735561,234.0,234.0,235.0,257.0,174.0,258.0,172.0,236.0,353,851,GoogleEarth,0.134467642712,0.0046138021258109,2.808068106269265,P1825__x0_y0,7,0,0,1024,1.0,1386.0,234.0,234.0,235.0,257.0,174.0,258.0,172.0,236.0,1,0.8676280975341797,0.2680052816867828,48,172.0,0.16796875,0.198974609375,0.001321792602539,1.3371220018188852,22,False,0,1,1,1,moyen,0-15,0.0005035400390625,0.4395555304014141,0.6094747412125283,0.2558001573072722,-1.0504880595867674,-0.3536745839052561,-0.38560560072220734,Q2
val,P1825,8,val:P1825:8,large-vehicle,9,0,1404.5,67.0,25.0,66.06814575195312,21.02379608154297,2.602562202499797,162.0,281.0,159.0,259.0,225.0,256.0,226.0,277.0,353,851,GoogleEarth,0.134467642712,0.0046753860647197,3.142541218327127,P1825__x0_y0,8,0,0,1024,1.0,1404.5,162.0,281.0,159.0,259.0,225.0,256.0,226.0,277.0,1,0.8154904842376709,0.4630117416381836,28,159.0,0.1552734375,0.1884765625,0.0013394355773925,1.4213094203782224,22,False,0,1,1,1,moyen,0-15,0.0005035400390625,0.4098228540484309,0.6102421006350949,0.2510398430584501,-1.01961058080387,-0.3592022575766447,-0.3668241192922829,Q2
val,P1825,9,val:P1825:9,large-vehicle,9,0,1131.5,59.0,20.0,58.00862121582031,19.02629852294922,0.987760399639825,221.0,282.0,220.0,302.0,162.0,301.0,163.0,282.0,353,851,GoogleEarth,0.134467642712,0.0037666068581205,3.048865292734225,P1825__x0_y0,9,0,0,1024,1.0,1131.5,221.0,282.0,220.0,302.0,162.0,301.0,163.0,282.0,1,0.7960373163223267,0.3596425950527191,39,162.0,0.158203125,0.18701171875,0.0010790824890136,1.398436667228678,22,False,0,1,1,1,moyen,0-15,0.0005035400390625,0.4154535237342525,0.6125623006005041,0.2597509476463314,-1.015611857500125,-0.3528113529541726,-0.38151527026921384,Q2
val,P1903,1,val:P1903:1,tennis-court,4,0,4563.5,55.0,100.0,97.25225067138672,46.09772109985352,84.64417495714481,1405.0,801.0,1453.0,805.0,1444.0,901.0,1398.0,898.0,1946,1288,GoogleEarth,0.24453061056,0.0018207040401396,2.109697580510021,P1903__x922_y264,0,922,264,1024,1.0,4563.5,483.0,537.0,531.0,541.0,522.0,637.0,476.0,634.0,1,0.9118618965148926,0.2844377756118774,8,387.0,0.3779296875,0.426513671875,0.0043520927429199,1.1345254804693683,7,False,0,1,1,1,grand,75-90,0.0005035400390625,0.05,0.6479408256661279,0.2381091736772147,-0.7804202565508838,-0.4098316519889131,-0.39817297608092134,Q2
val,P1903,10,val:P1903:10,tennis-court,4,0,4730.0,57.0,100.0,98.50888061523438,47.16990661621094,85.82956347515788,1342.0,795.0,1389.0,799.0,1382.0,895.0,1332.0,893.0,1946,1288,GoogleEarth,0.24453061056,0.0018871327073212,2.08838404995654,P1903__x922_y264,4,922,264,1024,1.0,4730.0,420.0,531.0,467.0,535.0,460.0,631.0,410.0,629.0,1,0.8902032971382141,0.8656595349311829,2,393.0,0.3837890625,0.428955078125,0.0045108795166015,1.12764799293865,7,False,0,1,1,1,grand,75-90,0.0005035400390625,0.05,0.6437994534599799,0.2748721593605911,-0.7438752378257257,-0.3689272940993888,-0.41416478959150094,Q2
val,P1903,11,val:P1903:11,tennis-court,4,0,4560.0,54.0,100.0,97.32933807373048,46.173583984375,86.42366562500264,1470.0,807.0,1516.0,811.0,1510.0,907.0,1462.0,904.0,1946,1288,GoogleEarth,0.24453061056,0.0018193076417304,2.107900874808991,P1903__x922_y264,5,922,264,1024,1.0,4560.0,548.0,543.0,594.0,547.0,588.0,643.0,540.0,640.0,1,0.8541722297668457,0.9933075904846193,0,381.0,0.3720703125,0.420654296875,0.0043487548828125,1.1339475384346898,7,False,0,1,1,1,grand,75-90,0.0005035400390625,0.05,0.6462059983977309,0.2821635556122869,-0.7364571813141483,-0.3640424427854439,-0.500123796460232,Q1
val,P1903,13,val:P1903:13,soccer-ball-field,13,1,86104.5,279.0,399.0,375.3451843261719,228.6000823974609,82.34483294316706,941.0,795.0,1168.0,822.0,1118.0,1194.0,889.0,1166.0,1946,1288,GoogleEarth,0.24453061056,0.0343531962362674,1.641929348361166,P1903__x922_y264,6,922,264,1024,0.9541095413131718,80224.24691110104,195.6859130859375,932.3367919921876,0.0,901.785400390625,18.69744873046875,527.4486083984375,245.9998779296875,558.0,1,0.0,0.0,-1,0.0,0.0,0.1123982518911361,0.0765078038321505,0.9715094640170436,7,False,0,0,0,0,grand,75-90,0.0005035400390625,0.05,0.4745769742110165,0.1980523376230431,0.2230300731078335,-0.2765246365879733,-0.40748284575734334,Q2
val,P1903,4,val:P1903:4,baseball-diamond,3,0,28167.5,183.0,193.0,172.40939331054688,162.6345672607422,83.62281937639264,1033.0,652.0,1052.0,482.0,1216.0,504.0,1194.0,675.0,1946,1288,GoogleEarth,0.24453061056,0.0112380149119391,1.0601030040196393,P1903__x922_y264,1,922,264,1024,1.0,28167.5,111.0,388.0,130.0,218.0,294.0,240.0,272.0,411.0,1,0.7797085642814636,0.2945581674575805,7,111.0,0.1083984375,0.197021484375,0.026862621307373,0.7227559835027151,7,False,0,1,1,1,grand,75-90,0.0005035400390625,0.05,0.519742982252614,0.2135588395601902,-0.811717845584409,-0.3061841426924236,0.3904371842678154,Q4
val,P1903,8,val:P1903:8,tennis-court,4,0,4635.0,57.0,99.0,97.41663360595705,48.041648864746094,84.58813084768296,1214.0,785.0,1262.0,789.0,1253.0,884.0,1205.0,882.0,1946,1288,GoogleEarth,0.24453061056,0.0018492304647852,2.0277537492565805,P1903__x922_y264,2,922,264,1024,1.0,4635.0,292.0,521.0,340.0,525.0,331.0,620.0,283.0,618.0,1,0.9291606545448304,0.8230211138725281,3,283.0,0.2763671875,0.30419921875,0.0044202804565429,1.1078210077161936,7,False,0,1,1,1,grand,75-90,0.0005035400390625,0.05,0.6258973366092249,0.210200978156099,-0.8094886357065734,-0.4156963584531258,-0.40621454733491874,Q2
val,P1903,9,val:P1903:9,tennis-court,4,0,4580.0,54.0,100.0,98.4123992919922,45.17742919921875,87.0185387800178,1278.0,790.0,1323.0,794.0,1318.0,890.0,1269.0,888.0,1946,1288,GoogleEarth,0.24453061056,0.0018272870612117,2.1783532404649097,P1903__x922_y264,3,922,264,1024,1.0,4580.0,356.0,526.0,401.0,530.0,396.0,626.0,347.0,624.0,1,0.9262489080429076,0.7031905055046082,4,347.0,0.3388671875,0.3662109375,0.0043678283691406,1.1563632137516249,7,False,0,1,1,1,grand,75-90,0.0005035400390625,0.05,0.6404192055872766,0.2814096541397128,-0.7375156508293779,-0.3590095514475637,-0.6098173580386286,Q1
val,P1950,0,val:P1950:0,small-vehicle,10,0,303.5,27.0,23.0,24.1867733001709,12.529964447021484,29.744881296942225,556.0,236.0,550.0,247.0,529.0,235.0,536.0,224.0,722,550,GoogleEarth,0.270866893729,0.0007642911105514,1.9303145992501496,P1950__x0_y0,0,0,0,1024,1.0,303.5,556.0,236.0,550.0,247.0,529.0,235.0,536.0,224.0,1,0.0,0.5786499977111816,69,224.0,0.21875,0.22998046875,0.0002894401550292,1.0751097890227717,54,False,1,0,0,0,tres petit,15-30,0.0005035400390625,0.7224790286792304,0.4539777026645933,0.1364159013130959,-0.5063782180196448,-0.3175618013514973,-0.3609215375038583,Q2
val,P1950,1,val:P1950:1,large-vehicle,9,0,429.5,46.0,28.0,47.423622131347656,8.9442720413208,24.34108993669249,333.0,190.0,336.0,199.0,294.0,218.0,290.0,210.0,722,550,GoogleEarth,0.270866893729,0.0010815915386552,5.302122063400993,P1950__x0_y0,1,0,0,1024,1.0,429.5,333.0,190.0,336.0,199.0,294.0,218.0,290.0,210.0,1,0.5993387699127197,0.5509872436523438,83,190.0,0.185546875,0.199462890625,0.0004096031188964,1.840886412141634,54,False,1,1,1,0,tres petit,15-30,0.0005035400390625,0.485383255106054,0.7071812502229122,0.3645451104129775,0.9665455900958042,-0.3426361398099347,-0.21911340880717062,Q3
val,P1950,10,val:P1950:10,large-vehicle,9,0,323.5,34.0,23.0,34.01470184326172,9.48683261871338,25.0168934781,292.0,167.0,295.0,176.0,265.0,190.0,261.0,181.0,722,550,GoogleEarth,0.270866893729,0.0008146562578695,3.585464528610483,P1950__x0_y0,10,0,0,1024,1.0,323.5,292.0,167.0,295.0,176.0,265.0,190.0,261.0,181.0,1,0.6931809186935425,0.8746183514595032,16,167.0,0.1630859375,0.17431640625,0.0003085136413574,1.522891415431492,54,False,1,1,1,1,tres petit,15-30,0.0005035400390625,0.5967999652472004,0.7033061279503757,0.3575438371281214,0.7307393852557041,-0.3457622908222543,-0.31018832255282675,Q2
val,P1950,11,val:P1950:11,large-vehicle,9,0,500.0,46.0,30.0,46.51881408691406,10.770329475402832,25.4633450618716,310.0,172.0,314.0,182.0,272.0,202.0,268.0,192.0,722,550,GoogleEarth,0.270866893729,0.0012591286829513,4.319163512421161,P1950__x0_y0,11,0,0,1024,1.0,500.0,310.0,172.0,314.0,182.0,272.0,202.0,268.0,192.0,1,0.7012630701065063,0.9252105951309204,4,172.0,0.16796875,0.1826171875,0.0004768371582031,1.6713160564836114,54,False,1,1,1,1,tres petit,15-30,0.0005035400390625,0.546537509120967,0.6981796341902938,0.3646167703168978,0.8289982029873793,-0.333562863873396,-0.24061139720315552,Q3
val,P1950,12,val:P1950:12,large-vehicle,9,0,477.0,46.0,29.0,47.01063537597656,9.48683261871338,23.838740183171723,321.0,181.0,326.0,191.0,283.0,210.0,280.0,201.0,722,550,GoogleEarth,0.270866893729,0.0012012087635356,4.955356256970857,P1950__x0_y0,12,0,0,1024,1.0,477.0,321.0,181.0,326.0,191.0,283.0,210.0,280.0,201.0,1,0.6942523717880249,0.3814643621444702,121,181.0,0.1767578125,0.191162109375,0.0004549026489257,1.7842910258659994,54,False,1,1,1,1,tres petit,15-30,0.0005035400390625,0.5064625084611617,0.7045450629371476,0.3645451104129775,0.9146929002948704,-0.3399999525241701,-0.21634433772933642,Q3
val,P1950,13,val:P1950:13,large-vehicle,9,0,454.0,46.0,28.0,47.01063537597656,9.48683261871338,24.86369657175186,347.0,196.0,350.0,205.0,309.0,224.0,304.0,215.0,722,550,GoogleEarth,0.270866893729,0.0011432888441198,4.955356256970857,P1950__x0_y0,13,0,0,1024,1.0,454.0,347.0,196.0,350.0,205.0,309.0,224.0,304.0,215.0,1,0.6958102583885193,0.4054036736488342,112,196.0,0.19140625,0.205078125,0.0004329681396484,1.7842910258659994,54,False,1,1,1,1,tres petit,15-30,0.0005035400390625,0.5024310713800473,0.7045074900570079,0.3645451104129775,0.9247979542294172,-0.3399623796440303,-0.21449962112925183,Q3
val,P1950,14,val:P1950:14,small-vehicle,10,0,325.0,29.0,23.0,26.4196891784668,11.661903381347656,25.55996517182379,532.0,226.0,526.0,236.0,503.0,225.0,509.0,213.0,722,550,GoogleEarth,0.270866893729,0.0008184336439184,2.2654697363316454,P1950__x0_y0,14,0,0,1024,1.0,325.0,532.0,226.0,526.0,236.0,503.0,225.0,509.0,213.0,1,0.0,0.3679145276546478,123,213.0,0.2080078125,0.2197265625,0.000309944152832,1.1834036226194653,54,False,1,0,0,0,tres petit,15-30,0.0005035400390625,0.6948467056822646,0.4280278316098978,0.1337411558299276,-0.4867624473943844,-0.2942866757799701,-0.35041985629026184,Q2
val,P1950,15,val:P1950:15,large-vehicle,9,0,416.0,46.0,28.0,47.423622131347656,8.5440034866333,26.003345844511443,358.0,205.0,361.0,213.0,320.0,233.0,315.0,225.0,722,550,GoogleEarth,0.270866893729,0.0010475950642155,5.550515306500018,P1950__x0_y0,15,0,0,1024,1.0,416.0,358.0,205.0,361.0,213.0,320.0,233.0,315.0,225.0,1,0.6159188747406006,0.8993794918060303,10,205.0,0.2001953125,0.2138671875,0.000396728515625,1.8795437193007165,54,False,1,1,1,1,tres petit,15-30,0.0005035400390625,0.4686370787873003,0.7058548815941108,0.3645451104129775,1.014653976355445,-0.3413097711811333,-0.21595085356768115,Q3
val,P1950,16,val:P1950:16,large-vehicle,9,0,441.0,45.0,27.0,45.694637298583984,9.48683261871338,24.227745317954145,369.0,213.0,372.0,222.0,332.0,240.0,327.0,231.0,722,550,GoogleEarth,0.270866893729,0.0011105514983631,4.816637874315229,P1950__x0_y0,16,0,0,1024,1.0,441.0,369.0,213.0,372.0,222.0,332.0,240.0,327.0,231.0,1,0.6144818067550659,0.8833176493644714,15,213.0,0.2080078125,0.22119140625,0.0004205703735351,1.760722409993616,54,False,1,1,1,1,tres petit,15-30,0.0005035400390625,0.5051305557234047,0.7065771908009175,0.3638607671318914,0.9166396490537664,-0.342716423669026,-0.21414402449609232,Q3
val,P1950,17,val:P1950:17,large-vehicle,9,0,501.0,48.0,29.0,48.33218383789063,10.29563045501709,24.443954780416533,392.0,228.0,397.0,237.0,353.0,257.0,349.0,247.0,722,550,GoogleEarth,0.270866893729,0.0012616469403173,4.694436542673131,P1950__x0_y0,17,0,0,1024,1.0,501.0,392.0,228.0,397.0,237.0,353.0,257.0,349.0,247.0,1,0.8004603981971741,0.8896652460098267,13,228.0,0.22265625,0.236572265625,0.0004777908325195,1.7394896530532022,54,False,1,1,1,1,tres petit,15-30,0.0005035400390625,0.5074712416270509,0.7039129402856515,0.3635268076676609,0.913819308249324,-0.3403861326179906,-0.20739150587232644,Q3
val,P1950,18,val:P1950:18,large-vehicle,9,0,457.5,45.0,29.0,46.51881408691406,9.48683261871338,25.4633450618716,406.0,236.0,409.0,245.0,367.0,265.0,364.0,255.0,722,550,GoogleEarth,0.270866893729,0.0011521027449005,4.903513739153862,P1950__x0_y0,18,0,0,1024,1.0,457.5,406.0,236.0,409.0,245.0,367.0,265.0,364.0,255.0,1,0.7470439076423645,0.7837576270103455,29,236.0,0.23046875,0.244384765625,0.0004363059997558,1.77554772265187,54,False,1,1,1,1,tres petit,15-30,0.0005035400390625,0.4934208961673199,0.7078701930279018,0.3643316947963371,0.9447496754985292,-0.3435384982315647,-0.20632670809541753,Q3
val,P1950,19,val:P1950:19,large-vehicle,9,0,492.0,48.0,28.0,47.92702865600586,9.848857879638672,22.249023657212348,421.0,243.0,425.0,253.0,381.0,271.0,377.0,262.0,722,550,GoogleEarth,0.270866893729,0.0012389826240241,4.8662524367509885,P1950__x0_y0,19,0,0,1024,1.0,492.0,421.0,243.0,425.0,253.0,381.0,271.0,377.0,262.0,1,0.6919536590576172,0.8425618410110474,21,243.0,0.2373046875,0.251220703125,0.0004692077636718,1.769216003511188,54,False,1,1,1,1,tres petit,15-30,0.0005035400390625,0.4927103951351788,0.7116967962886558,0.3726212684120748,0.9342459562699004,-0.3390755278765809,-0.20686896149783915,Q3
val,P1950,2,val:P1950:2,large-vehicle,9,0,470.5,43.0,29.0,43.382022857666016,10.770329475402832,26.565051177077976,372.0,210.0,368.0,200.0,406.0,181.0,411.0,191.0,722,550,GoogleEarth,0.270866893729,0.0011848400906572,4.027919754613026,P1950__x0_y0,2,0,0,1024,1.0,470.5,372.0,210.0,368.0,200.0,406.0,181.0,411.0,191.0,1,0.7708234786987305,0.9105850458145142,7,181.0,0.1767578125,0.19091796875,0.0004487037658691,1.615006330897586,54,False,1,1,1,1,tres petit,15-30,0.0005035400390625,0.5626058945096727,0.6995083045098628,0.3645451104129775,0.7945217540493472,-0.3349631940968853,-0.24354006726805313,Q3
val,P1950,20,val:P1950:20,large-vehicle,9,0,481.5,48.0,29.0,48.33218383789063,9.848857879638672,24.94390526342457,431.0,251.0,435.0,260.0,392.0,280.0,387.0,271.0,722,550,GoogleEarth,0.270866893729,0.0012125409216821,4.907389712446922,P1950__x0_y0,20,0,0,1024,1.0,481.5,431.0,251.0,435.0,260.0,392.0,280.0,387.0,271.0,1,0.6428072452545166,0.4201466739177704,111,251.0,0.2451171875,0.25927734375,0.0004591941833496,1.7762040608309235,54,False,1,1,1,1,tres petit,15-30,0.0005035400390625,0.4885362098173263,0.7117549623436888,0.3694088640856409,0.948430559116336,-0.3423460982580479,-0.2150406863512373,Q3
val,P1950,21,val:P1950:21,large-vehicle,9,0,472.5,48.0,27.0,47.53945541381836,9.848857879638672,22.71441235316724,440.0,262.0,444.0,271.0,401.0,289.0,396.0,280.0,722,550,GoogleEarth,0.270866893729,0.001189876605389,4.826900336545668,P1950__x0_y0,21,0,0,1024,1.0,472.5,440.0,262.0,444.0,271.0,401.0,289.0,396.0,280.0,1,0.6485717296600342,0.5362820625305176,88,262.0,0.255859375,0.26904296875,0.0004506111145019,1.7624851842812992,54,False,1,1,1,1,tres petit,15-30,0.0005035400390625,0.48958025642469,0.7107482561757507,0.3725181968452511,0.943442955298659,-0.3382300593304995,-0.21438404262179062,Q3
val,P1950,22,val:P1950:22,large-vehicle,9,0,361.0,34.0,29.0,35.22782897949219,10.29563045501709,34.59228868750995,270.0,245.0,275.0,254.0,246.0,274.0,241.0,265.0,722,550,GoogleEarth,0.270866893729,0.0009090909090909,3.4216291205678977,P1950__x0_y0,22,0,0,1024,1.0,361.0,270.0,245.0,275.0,254.0,246.0,274.0,241.0,265.0,1,0.6641107201576233,0.7510617971420288,33,241.0,0.2353515625,0.251953125,0.0003442764282226,1.4865082074949414,54,False,1,1,1,1,tres petit,30-45,0.0005035400390625,0.587475382003322,0.7074700804533433,0.3558378704238459,0.744859914252421,-0.3516322100294973,-0.25802600963364886,Q3
val,P1950,23,val:P1950:23,large-vehicle,9,0,390.0,34.0,30.0,36.055511474609375,10.770329475402832,33.69006752597977,258.0,236.0,264.0,246.0,234.0,266.0,230.0,256.0,722,550,GoogleEarth,0.270866893729,0.000982120372702,3.347670241374935,P1950__x0_y0,23,0,0,1024,1.0,390.0,258.0,236.0,264.0,246.0,234.0,266.0,230.0,256.0,1,0.7414201498031616,0.8627368807792664,17,230.0,0.224609375,0.24072265625,0.0003719329833984,1.469640124932748,54,False,1,1,1,1,tres petit,30-45,0.0005035400390625,0.595976324501759,0.7034308603243508,0.3464197541721034,0.7396436080669708,-0.3570111061522473,-0.2846822828771731,Q2
val,P1950,24,val:P1950:24,large-vehicle,9,0,380.5,34.0,29.0,35.22782897949219,9.848857879638672,34.59228868750995,245.0,232.0,249.0,241.0,220.0,261.0,215.0,250.0,722,550,GoogleEarth,0.270866893729,0.000958196927726,3.57684407776068,P1950__x0_y0,24,0,0,1024,1.0,380.5,245.0,232.0,249.0,241.0,220.0,261.0,215.0,250.0,1,0.6577654480934143,0.5879037976264954,66,215.0,0.2099609375,0.226806640625,0.0003628730773925,1.5210096946198903,54,False,1,1,1,1,tres petit,30-45,0.0005035400390625,0.583903727857963,0.7030217039479948,0.3562690295676046,0.7557081247549524,-0.3467526743803902,-0.2543450516854917,Q3
val,P1950,25,val:P1950:25,large-vehicle,9,0,343.5,34.0,29.0,35.80502700805664,9.43398094177246,36.86989764584402,232.0,225.0,237.0,233.0,209.0,254.0,203.0,246.0,722,550,GoogleEarth,0.270866893729,0.0008650214051876,3.7953253487630616,P1950__x0_y0,25,0,0,1024,1.0,343.5,232.0,225.0,237.0,233.0,209.0,254.0,203.0,246.0,1,0.6621093153953552,0.282552570104599,144,203.0,0.1982421875,0.215087890625,0.0003275871276855,1.5676415577047096,54,False,1,1,1,1,tres petit,30-45,0.0005035400390625,0.5728964681605738,0.6976101876872589,0.3645451104129775,0.7761316535544283,-0.3330650772742814,-0.24199161823753954,Q3
val,P1950,26,val:P1950:26,large-vehicle,9,0,449.0,43.0,28.0,42.95346450805664,9.848857879638672,24.775140568831915,386.0,217.0,381.0,207.0,420.0,189.0,424.0,198.0,722,550,GoogleEarth,0.270866893729,0.0011306975572903,4.361263512275648,P1950__x0_y0,26,0,0,1024,1.0,449.0,386.0,217.0,381.0,207.0,420.0,189.0,424.0,198.0,1,0.7571339011192322,0.6433380246162415,51,189.0,0.1845703125,0.197998046875,0.0004281997680664,1.679199677204956,54,False,1,1,1,1,tres petit,15-30,0.0005035400390625,0.5391373425856311,0.7010131303685262,0.3645451104129775,0.8421832056105847,-0.3364680199555487,-0.24019253757180523,Q3
val,P1950,27,val:P1950:27,large-vehicle,9,0,461.5,43.0,29.0,44.283180236816406,10.440306663513184,25.407718108948472,398.0,225.0,394.0,215.0,434.0,196.0,437.0,206.0,722,550,GoogleEarth,0.270866893729,0.0011621757743641,4.2415593395908,P1950__x0_y0,27,0,0,1024,1.0,461.5,398.0,225.0,394.0,215.0,434.0,196.0,437.0,206.0,1,0.6992742419242859,0.9037071466445924,9,196.0,0.19140625,0.20556640625,0.0004401206970214,1.656619037955021,54,False,1,1,1,1,tres petit,15-30,0.0005035400390625,0.5443673630487692,0.7003865578944489,0.3645451104129775,0.8314858625690629,-0.3358414474814714,-0.23822700338621658,Q3
val,P1950,28,val:P1950:28,large-vehicle,9,0,495.0,45.0,29.0,44.283180236816406,11.180339813232422,25.407718108948472,411.0,233.0,406.0,223.0,446.0,204.0,451.0,214.0,722,550,GoogleEarth,0.270866893729,0.0012465373961218,3.960808077085933,P1950__x0_y0,28,0,0,1024,1.0,495.0,411.0,233.0,406.0,223.0,446.0,204.0,451.0,214.0,1,0.8261860609054565,0.6350772380828857,53,204.0,0.19921875,0.21337890625,0.000472068786621,1.60156864623434,54,False,1,1,1,1,tres petit,15-30,0.0005035400390625,0.5599502819074204,0.7003865578944489,0.3645451104129775,0.7990001806402296,-0.3358414474814714,-0.26305020360162595,Q2
val,P1950,29,val:P1950:29,large-vehicle,9,0,466.0,43.0,29.0,43.382022857666016,10.770329475402832,25.97439396243132,422.0,241.0,418.0,231.0,457.0,212.0,461.0,222.0,722,550,GoogleEarth,0.270866893729,0.0011735079325107,4.027919754613026,P1950__x0_y0,29,0,0,1024,1.0,466.0,422.0,241.0,418.0,231.0,457.0,212.0,461.0,222.0,1,0.8094242215156555,0.8256653547286987,24,212.0,0.20703125,0.22119140625,0.0004444122314453,1.615006330897586,54,False,1,1,1,1,tres petit,15-30,0.0005035400390625,0.5533416247257795,0.7015404323736327,0.3638607671318914,0.811952324188588,-0.3376796652417412,-0.2411803180579509,Q3
val,P1950,3,val:P1950:3,large-vehicle,9,0,427.5,43.0,27.0,42.54409408569336,8.9442720413208,23.55226367289464,362.0,200.0,357.0,190.0,396.0,173.0,400.0,181.0,722,550,GoogleEarth,0.270866893729,0.0010765550239234,4.7565742510008535,P1950__x0_y0,3,0,0,1024,1.0,427.5,362.0,200.0,357.0,190.0,396.0,173.0,400.0,181.0,1,0.7017989158630371,0.2816017866134643,145,173.0,0.1689453125,0.181640625,0.0004076957702636,1.750342549684868,54,False,1,1,1,1,tres petit,15-30,0.0005035400390625,0.520491194984003,0.6990178982955441,0.3646167703168978,0.886336582488541,-0.3344011279786462,-0.22059142807115828,Q3
val,P1950,30,val:P1950:30,small-vehicle,10,0,286.0,21.0,26.0,23.25940704345703,13.0,63.43494882292201,577.0,176.0,588.0,184.0,579.0,202.0,567.0,197.0,722,550,GoogleEarth,0.270866893729,0.0007202216066481,1.7891851571890025,P1950__x0_y0,30,0,0,1024,1.0,286.0,577.0,176.0,588.0,184.0,579.0,202.0,567.0,197.0,1,0.0,0.0,-1,176.0,0.171875,0.185302734375,0.0002727508544921,1.0257494948207309,54,False,1,0,0,0,tres petit,60-75,0.0005035400390625,0.7514128785758427,0.4418794983376221,0.1440356253196755,-0.489530267311144,-0.2978438730179465,-0.20958451896972616,Q3
val,P1950,31,val:P1950:31,small-vehicle,10,0,199.0,19.0,23.0,21.09502220153809,9.43398094177246,58.57043438516149,570.0,173.0,578.0,178.0,567.0,196.0,559.0,191.0,722,550,GoogleEarth,0.270866893729,0.0005011332158146,2.236067926333413,P1950__x0_y0,31,0,0,1024,1.0,199.0,570.0,173.0,578.0,178.0,567.0,196.0,559.0,191.0,1,0.0,0.0,-1,173.0,0.1689453125,0.18017578125,0.0001897811889648,1.1743589898082687,54,False,1,0,0,0,tres petit,45-60,0.0005035400390625,0.7134543857033563,0.419357996323243,0.1420561515269678,-0.4764121935075279,-0.2773018447962753,-0.26137318565967144,Q2
val,P1950,32,val:P1950:32,small-vehicle,10,0,192.5,18.0,22.0,19.23538398742676,9.43398094177246,57.9946167919165,561.0,168.0,570.0,174.0,560.0,190.0,552.0,185.0,722,550,GoogleEarth,0.270866893729,0.0004847645429362,2.03894666590378,P1950__x0_y0,32,0,0,1024,1.0,192.5,561.0,168.0,570.0,174.0,560.0,190.0,552.0,185.0,1,0.0,0.0,-1,168.0,0.1640625,0.175048828125,0.0001835823059082,1.1115109638970682,54,False,1,0,0,0,tres petit,45-60,0.0005035400390625,0.7312259813399355,0.4363110808863107,0.1423818349956042,-0.4886458432614626,-0.2939292458907065,-0.30839611132859823,Q2
val,P1950,33,val:P1950:33,small-vehicle,10,0,258.0,21.0,26.0,23.70653915405273,10.29563045501709,59.03624346792648,550.0,161.0,560.0,167.0,548.0,187.0,539.0,182.0,722,550,GoogleEarth,0.270866893729,0.0006497104004029,2.3025825623432774,P1950__x0_y0,33,0,0,1024,1.0,258.0,550.0,161.0,560.0,167.0,548.0,187.0,539.0,182.0,1,0.0,0.0,-1,161.0,0.1572265625,0.170166015625,0.0002460479736328,1.194704757054394,54,False,1,0,0,0,tres petit,45-60,0.0005035400390625,0.7105492940479139,0.4202224779082072,0.1401470373624299,-0.4773130404370235,-0.2800754405457772,-0.27219087246632445,Q2
val,P1950,34,val:P1950:34,large-vehicle,9,0,418.5,43.0,27.0,43.863426208496094,9.48683261871338,24.22774531795417,228.0,77.0,268.0,95.0,264.0,104.0,225.0,86.0,722,550,GoogleEarth,0.270866893729,0.0010538907076303,4.623611269579343,P1950__x0_y0,34,0,0,1024,1.0,418.5,228.0,77.0,268.0,95.0,264.0,104.0,225.0,86.0,1,0.0313835889101028,0.2504447102546692,153,77.0,0.0751953125,0.08837890625,0.000399112701416,1.7269740322011478,54,False,1,0,0,0,tres petit,15-30,0.0005035400390625,0.5566394775275436,0.6674853638540311,0.3502983204826217,-0.946496200599282,-0.3171870433714094,-0.2975868924016553,Q2
val,P1950,35,val:P1950:35,large-vehicle,9,0,435.0,42.0,28.0,42.48529052734375,9.848857879638672,25.34617594194669,248.0,71.0,286.0,89.0,282.0,99.0,244.0,80.0,722,550,GoogleEarth,0.270866893729,0.0010954419541677,4.31372764705814,P1950__x0_y0,35,0,0,1024,1.0,435.0,248.0,71.0,286.0,89.0,282.0,99.0,244.0,80.0,1,0.6986543536186218,0.3190756142139435,134,71.0,0.0693359375,0.082763671875,0.0004148483276367,1.6702935940592232,54,False,1,1,1,1,tres petit,15-30,0.0005035400390625,0.5769146967921172,0.6587947733734415,0.352401515765466,0.8161270869688704,-0.3063932576079755,-0.3155103827015145,Q2
val,P1950,36,val:P1950:36,large-vehicle,9,0,375.0,23.0,42.0,41.78516387939453,8.5440034866333,68.96248897457819,296.0,59.0,304.0,56.0,319.0,95.0,310.0,98.0,722,550,GoogleEarth,0.270866893729,0.0009443465122135,4.890583664293383,P1950__x0_y0,36,0,0,1024,1.0,375.0,296.0,59.0,304.0,56.0,319.0,95.0,310.0,98.0,1,0.6545896530151367,0.5739046335220337,71,56.0,0.0546875,0.0751953125,0.0003576278686523,1.773355086861534,54,False,1,1,1,1,tres petit,60-75,0.0005035400390625,0.5552348480228754,0.6515906105189065,0.3535909479812782,0.8662086977994559,-0.2979996625376283,-0.1953927996957599,Q3
val,P1950,37,val:P1950:37,large-vehicle,9,0,427.5,27.0,43.0,42.95346450805664,9.848857879638672,64.6538240580533,307.0,59.0,316.0,55.0,334.0,93.0,325.0,98.0,722,550,GoogleEarth,0.270866893729,0.0010765550239234,4.361263512275648,P1950__x0_y0,37,0,0,1024,1.0,427.5,307.0,59.0,316.0,55.0,334.0,93.0,325.0,98.0,1,0.6686171293258667,0.5732641220092773,72,55.0,0.0537109375,0.074462890625,0.0004076957702636,1.679199677204956,54,False,1,1,1,1,tres petit,60-75,0.0005035400390625,0.5849419862023376,0.654073620192664,0.3535909479812782,0.8045996560643658,-0.3004826722113857,-0.22448821154107898,Q3
val,P1950,38,val:P1950:38,large-vehicle,9,0,458.5,28.0,44.0,44.283180236816406,10.29563045501709,65.22485943116808,317.0,55.0,327.0,51.0,345.0,90.0,336.0,95.0,722,550,GoogleEarth,0.270866893729,0.0011546210022664,4.301162559232795,P1950__x0_y0,38,0,0,1024,1.0,458.5,317.0,55.0,327.0,51.0,345.0,90.0,336.0,95.0,1,0.8100646138191223,0.5393720865249634,87,51.0,0.0498046875,0.071044921875,0.0004372596740722,1.6679261473028475,54,False,1,1,1,1,tres petit,60-75,0.0005035400390625,0.5896799967439461,0.654073620192664,0.3521297277010754,0.7967372156963938,-0.3019438924915886,-0.24156699272026425,Q3
val,P1950,39,val:P1950:39,large-vehicle,9,0,389.5,25.0,43.0,43.46262741088867,8.5440034866333,68.19859051364818,331.0,52.0,340.0,49.0,356.0,89.0,348.0,92.0,722,550,GoogleEarth,0.270866893729,0.0009808612440191,5.086915926343423,P1950__x0_y0,39,0,0,1024,1.0,389.5,331.0,52.0,340.0,49.0,356.0,89.0,348.0,92.0,1,0.7806309461593628,0.5412452220916748,86,49.0,0.0478515625,0.06884765625,0.0003714561462402,1.8061415374143344,54,False,1,1,1,1,tres petit,60-75,0.0005035400390625,0.5462951032728321,0.6543892880126143,0.3521297277010754,0.8836750534486059,-0.3022595603115389,-0.20730450081975482,Q3
val,P1950,4,val:P1950:4,large-vehicle,9,0,423.0,42.0,28.0,42.94182205200195,9.43398094177246,25.94229548987167,352.0,192.0,348.0,182.0,385.0,164.0,390.0,172.0,722,550,GoogleEarth,0.270866893729,0.0010652228657768,4.551824125683894,P1950__x0_y0,4,0,0,1024,1.0,423.0,352.0,192.0,348.0,182.0,385.0,164.0,390.0,172.0,1,0.7400532960891724,0.5084918737411499,93,164.0,0.16015625,0.17333984375,0.0004034042358398,1.7141265450521606,54,False,1,1,1,1,tres petit,15-30,0.0005035400390625,0.5354452183104714,0.6976284378402652,0.3648016152281777,0.8534726587356203,-0.3328268226120874,-0.22949543223143,Q3
val,P1950,40,val:P1950:40,large-vehicle,9,0,426.5,13.0,43.0,43.104522705078125,10.0,85.91438322002513,358.0,42.0,368.0,42.0,371.0,84.0,361.0,85.0,722,550,GoogleEarth,0.270866893729,0.0010740367665575,4.310452270507812,P1950__x0_y0,40,0,0,1024,1.0,426.5,358.0,42.0,368.0,42.0,371.0,84.0,361.0,85.0,1,0.0,0.945736289024353,1,42.0,0.041015625,0.061767578125,0.0004067420959472,1.6696770049804404,54,False,1,0,0,0,tres petit,75-90,0.0005035400390625,0.5962529576441689,0.8022418307037187,0.4104391430735775,-1.0801668086153806,-0.3918026876301411,-0.674572791384619,Q1
val,P1950,41,val:P1950:41,large-vehicle,9,0,491.0,14.0,45.0,45.09988784790039,11.0,86.09950625761812,372.0,61.0,383.0,61.0,386.0,105.0,375.0,106.0,722,550,GoogleEarth,0.270866893729,0.0012364643666582,4.099989804354581,P1950__x0_y0,41,0,0,1024,1.0,491.0,372.0,61.0,383.0,61.0,386.0,105.0,375.0,106.0,1,0.8255521059036255,0.6205201148986816,60,61.0,0.0595703125,0.081298828125,0.0004682540893554,1.6292385405821213,54,False,1,1,1,1,tres petit,75-90,0.0005035400390625,0.60335330942972,0.804643080247384,0.4115152583119987,0.5822289590595309,-0.3931278219353852,-0.6826151326385964,Q1
val,P1950,42,val:P1950:42,large-vehicle,9,0,450.0,10.0,46.0,46.0,10.049875259399414,90.0,387.0,70.0,397.0,71.0,397.0,115.0,387.0,116.0,722,550,GoogleEarth,0.270866893729,0.0011332158146562,4.577171239710391,P1950__x0_y0,42,0,0,1024,1.0,450.0,387.0,70.0,397.0,71.0,397.0,115.0,387.0,116.0,1,0.7583752274513245,0.5855768322944641,67,70.0,0.068359375,0.0908203125,0.0004291534423828,1.7186817015640454,54,False,1,1,1,1,tres petit,75-90,0.0005035400390625,0.5728055121391008,0.7925579522503438,0.4154892236115531,0.6433662427455344,-0.3770687286387906,-0.9801128742632902,Q1
val,P1950,43,val:P1950:43,large-vehicle,9,0,450.0,11.0,45.0,45.0111083984375,9.0,88.72696997994329,400.0,85.0,409.0,85.0,410.0,130.0,399.0,130.0,722,550,GoogleEarth,0.270866893729,0.0011332158146562,5.001234266493055,P1950__x0_y0,43,0,0,1024,1.0,450.0,400.0,85.0,409.0,85.0,410.0,130.0,399.0,130.0,1,0.8791365027427673,0.51948082447052,89,85.0,0.0830078125,0.10498046875,0.0004291534423828,1.7919651591546075,54,False,1,1,1,1,tres petit,75-90,0.0005035400390625,0.5444419686012957,0.8125694875999387,0.423215186528446,0.6700511943449409,-0.3893543010714927,-1.0,Q1
val,P1950,44,val:P1950:44,large-vehicle,9,0,489.5,11.0,45.0,45.0,11.0,90.0,411.0,86.0,422.0,87.0,422.0,131.0,411.0,131.0,722,550,GoogleEarth,0.270866893729,0.0012326869806094,4.090909090909091,P1950__x0_y0,44,0,0,1024,1.0,489.5,411.0,86.0,422.0,87.0,422.0,131.0,411.0,131.0,1,0.7335014939308167,0.5440196394920349,85,86.0,0.083984375,0.106201171875,0.0004668235778808,1.6274564179367788,54,False,1,1,1,1,tres petit,75-90,0.0005035400390625,0.597429099086479,0.7954931241035956,0.4156621506985014,0.5982563849023633,-0.3798309734050942,-0.9956573857866092,Q1
val,P1950,45,val:P1950:45,large-vehicle,9,0,411.0,12.0,46.0,46.173583984375,8.062257766723633,85.0302592718897,425.0,95.0,433.0,94.0,437.0,140.0,427.0,140.0,722,550,GoogleEarth,0.270866893729,0.001035003777386,5.7271282214459855,P1950__x0_y0,45,0,0,1024,1.0,411.0,425.0,95.0,433.0,94.0,437.0,140.0,427.0,140.0,1,0.7285633683204651,0.5510115623474121,82,94.0,0.091796875,0.114501953125,0.0003919601440429,1.906148339579221,54,False,1,1,1,1,tres petit,75-90,0.0005035400390625,0.5031973554813028,0.8081273928406547,0.3859048659179311,0.7981637239046351,-0.4222225269227236,-0.6078612734384776,Q1
val,P1950,46,val:P1950:46,large-vehicle,9,0,405.0,12.0,45.0,45.09988784790039,9.0,86.18592516570965,436.0,101.0,445.0,101.0,448.0,146.0,439.0,146.0,722,550,GoogleEarth,0.270866893729,0.0010198942331906,5.01109864976671,P1950__x0_y0,46,0,0,1024,1.0,405.0,436.0,101.0,445.0,101.0,448.0,146.0,439.0,146.0,1,0.7569263577461243,0.3860487043857574,120,101.0,0.0986328125,0.12060546875,0.0003862380981445,1.7936075354623189,54,False,1,1,1,1,tres petit,75-90,0.0005035400390625,0.5386028527215622,0.8128782235987769,0.4246860051157543,0.6799677290129515,-0.3881922184830226,-0.6071693233239203,Q1
val,P1950,47,val:P1950:47,large-vehicle,9,0,427.5,12.0,45.0,45.09988784790039,9.0,86.18592516570965,448.0,108.0,457.0,108.0,460.0,153.0,450.0,153.0,722,550,GoogleEarth,0.270866893729,0.0010765550239234,5.01109864976671,P1950__x0_y0,47,0,0,1024,1.0,427.5,448.0,108.0,457.0,108.0,460.0,153.0,450.0,153.0,1,0.7389095425605774,0.6256923079490662,56,108.0,0.10546875,0.12744140625,0.0004076957702636,1.7936075354623189,54,False,1,1,1,1,tres petit,75-90,0.0005035400390625,0.5365234702791958,0.8113345710165893,0.4320937715834462,0.6792519970162406,-0.3792407994331431,-0.6017702711943945,Q1
val,P1950,48,val:P1950:48,large-vehicle,9,0,455.5,11.0,46.0,46.010868072509766,10.0,88.72696997994329,461.0,116.0,471.0,116.0,472.0,161.0,462.0,162.0,722,550,GoogleEarth,0.270866893729,0.0011470662301687,4.601086807250977,P1950__x0_y0,48,0,0,1024,1.0,455.5,461.0,116.0,471.0,116.0,472.0,161.0,462.0,162.0,1,0.815205454826355,0.3992685079574585,115,116.0,0.11328125,0.135498046875,0.000434398651123,1.7229606516348177,54,False,1,1,1,1,tres petit,75-90,0.0005035400390625,0.5577107293963308,0.8124075319448443,0.4334780943139233,0.6368693910903467,-0.3789294376309209,-1.0,Q1
val,P1950,49,val:P1950:49,large-vehicle,9,0,402.5,13.0,35.0,35.05709457397461,11.0,88.36342295838328,484.0,129.0,496.0,129.0,497.0,164.0,486.0,164.0,722,550,GoogleEarth,0.270866893729,0.0010135985897758,3.187008597634055,P1950__x0_y0,49,0,0,1024,1.0,402.5,484.0,129.0,496.0,129.0,497.0,164.0,486.0,164.0,1,0.7795820832252502,0.8949256539344788,12,129.0,0.1259765625,0.14306640625,0.0003838539123535,1.431986540446423,54,False,1,1,1,1,tres petit,75-90,0.0005035400390625,0.6470135736201531,0.8163567914253009,0.3770289874699822,0.5235129121124866,-0.4393278039553187,-0.2714200589248362,Q2
val,P1950,5,val:P1950:5,large-vehicle,9,0,424.0,41.0,29.0,42.05948257446289,9.848857879638672,28.393019421383,341.0,184.0,335.0,175.0,372.0,155.0,376.0,164.0,722,550,GoogleEarth,0.270866893729,0.0010677411231427,4.270493400195753,P1950__x0_y0,5,0,0,1024,1.0,424.0,341.0,184.0,335.0,175.0,372.0,155.0,376.0,164.0,1,0.7849990725517273,0.6569415926933289,47,155.0,0.1513671875,0.16552734375,0.0004043579101562,1.6621239824963572,54,False,1,1,1,1,tres petit,15-30,0.0005035400390625,0.5553466520864034,0.6985112483792757,0.3606076315892828,0.8134355801036215,-0.3379036167899928,-0.2551093493337703,Q3
val,P1950,50,val:P1950:50,large-vehicle,9,0,353.0,13.0,36.0,36.12478256225586,10.0,84.95754893082909,497.0,138.0,507.0,138.0,510.0,172.0,500.0,174.0,722,550,GoogleEarth,0.270866893729,0.0008889448501636,3.612478256225586,P1950__x0_y0,50,0,0,1024,1.0,353.0,497.0,138.0,507.0,138.0,510.0,172.0,500.0,174.0,1,0.7211452126502991,0.8841812610626221,14,138.0,0.134765625,0.15185546875,0.0003366470336914,1.5287652952581003,54,False,1,1,1,1,tres petit,75-90,0.0005035400390625,0.6141020670243631,0.8194612978768556,0.3918270516756263,0.5627108136538546,-0.4276342462012293,-0.660665020875335,Q1
val,P1950,51,val:P1950:51,large-vehicle,9,0,379.5,41.0,31.0,43.5660400390625,8.062257766723633,33.690067525979785,502.0,240.0,538.0,264.0,534.0,271.0,497.0,248.0,722,550,GoogleEarth,0.270866893729,0.0009556786703601,5.403702200998594,P1950__x0_y0,51,0,0,1024,1.0,379.5,502.0,240.0,538.0,264.0,534.0,271.0,497.0,248.0,1,0.2757618725299835,0.3936046659946441,117,240.0,0.234375,0.249755859375,0.0003619194030761,1.8568762920230144,54,False,1,0,0,0,tres petit,30-45,0.0005035400390625,0.4668270486656492,0.7103398761983792,0.3706713754536764,-1.1336914188964713,-0.3396685007447028,-0.1958540853895888,Q3
val,P1950,52,val:P1950:52,large-vehicle,9,0,428.5,42.0,30.0,42.54409408569336,9.43398094177246,29.577838681261333,505.0,237.0,510.0,229.0,547.0,250.0,541.0,259.0,722,550,GoogleEarth,0.270866893729,0.0010790732812893,4.509665044722907,P1950__x0_y0,52,0,0,1024,1.0,428.5,505.0,237.0,510.0,229.0,547.0,250.0,541.0,259.0,1,0.0,0.933312714099884,2,229.0,0.2236328125,0.238037109375,0.00040864944458,1.7065038308855958,54,False,1,0,0,0,tres petit,15-30,0.0005035400390625,0.5190156714074073,0.7045935561996304,0.3635268076676609,-1.0414826081954949,-0.3410667485319694,-0.20739150587232644,Q3
val,P1950,53,val:P1950:53,large-vehicle,9,0,384.5,36.0,29.0,36.8917350769043,10.29563045501709,33.69006752597977,221.0,218.0,226.0,227.0,196.0,247.0,190.0,238.0,722,550,GoogleEarth,0.270866893729,0.0009682699571896,3.583241962509139,P1950__x0_y0,53,0,0,1024,1.0,384.5,221.0,218.0,226.0,227.0,196.0,247.0,190.0,238.0,1,0.6867822408676147,0.5925583839416504,64,190.0,0.185546875,0.203369140625,0.0003666877746582,1.5224065997932057,54,False,1,1,1,1,tres petit,30-45,0.0005035400390625,0.5902172633110099,0.7012992563330547,0.3572873323129211,0.7449305851866956,-0.3440119240201335,-0.27857580570078383,Q2
val,P1950,6,val:P1950:6,large-vehicle,9,0,408.5,41.0,29.0,41.67733383178711,9.43398094177246,30.256437163529256,312.0,170.0,307.0,162.0,343.0,141.0,348.0,150.0,722,550,GoogleEarth,0.270866893729,0.0010287081339712,4.417788639708313,P1950__x0_y0,6,0,0,1024,1.0,408.5,312.0,170.0,307.0,162.0,343.0,141.0,348.0,150.0,1,0.7384341955184937,0.4262478947639465,109,141.0,0.1376953125,0.152099609375,0.0003895759582519,1.68968773214307,54,False,1,1,1,1,tres petit,30-45,0.0005035400390625,0.5508299256907959,0.6972980441684097,0.3601782537095572,0.8244397335413046,-0.3371197904588524,-0.24237705061068524,Q3
val,P1950,7,val:P1950:7,large-vehicle,9,0,434.5,41.0,28.0,41.59326934814453,10.770329475402832,27.181111085477227,301.0,161.0,295.0,152.0,332.0,133.0,336.0,143.0,722,550,GoogleEarth,0.270866893729,0.0010941828254847,3.861838158538679,P1950__x0_y0,7,0,0,1024,1.0,434.5,301.0,161.0,295.0,152.0,332.0,133.0,336.0,143.0,1,0.7340646982192993,0.7879077792167664,28,133.0,0.1298828125,0.143798828125,0.0004143714904785,1.5814165883260605,54,False,1,1,1,1,tres petit,15-30,0.0005035400390625,0.5876431216446176,0.6785199980697197,0.3594252369416801,0.7709797066298135,-0.3190947611280396,-0.2863454269563653,Q2
val,P1950,8,val:P1950:8,large-vehicle,9,0,394.0,40.0,29.0,41.18252182006836,8.9442720413208,29.05460409907716,289.0,154.0,284.0,145.0,320.0,125.0,324.0,133.0,722,550,GoogleEarth,0.270866893729,0.0009921934021657,4.604345846125107,P1950__x0_y0,8,0,0,1024,1.0,394.0,289.0,154.0,284.0,145.0,320.0,125.0,324.0,133.0,1,0.6861783862113953,0.8338165283203125,23,125.0,0.1220703125,0.135986328125,0.000375747680664,1.7235423407256074,54,False,1,1,1,1,tres petit,15-30,0.0005035400390625,0.5443948627966212,0.6765494083149186,0.3594252369416801,0.8595488776111164,-0.3171241713732384,-0.23043645228607532,Q3
val,P1950,9,val:P1950:9,large-vehicle,9,0,366.0,36.0,25.0,35.7770881652832,9.848857879638672,25.114834886144564,282.0,157.0,286.0,167.0,254.0,182.0,250.0,173.0,722,550,GoogleEarth,0.270866893729,0.0009216821959204,3.632612898115631,P1950__x0_y0,9,0,0,1024,1.0,366.0,282.0,157.0,286.0,167.0,254.0,182.0,250.0,173.0,1,0.7362534999847412,0.970844268798828,0,157.0,0.1533203125,0.165771484375,0.0003490447998046,1.5331210497634415,54,False,1,1,1,1,tres petit,15-30,0.0005035400390625,0.5960909975098861,0.7030022690695723,0.358444228636354,0.7317134920067692,-0.3445580404332183,-0.3138354355646155,Q2
val,P2012,0,val:P2012:0,ground-track-field,6,0,12761.0,176.0,77.0,174.02586364746094,73.02738952636719,0.98776039963981,191.0,47.0,365.0,50.0,362.0,124.0,189.0,120.0,471,579,GoogleEarth,1.08054322228,0.0467934684957225,2.38302183298812,P2012__x0_y0,0,0,0,1024,1.0,12761.0,191.0,47.0,365.0,50.0,362.0,124.0,189.0,120.0,1,0.876629650592804,0.3772191405296325,3,47.0,0.0458984375,0.083251953125,0.0121698379516601,1.2187693435135192,7,False,0,1,1,1,grand,0-15,0.0005035400390625,0.95,0.2269530728632345,0.1127532915251015,-15.575138324073428,-0.114199781338133,0.6425792857002787,Q4
val,P2012,1,val:P2012:1,baseball-diamond,3,0,1007.5,32.0,33.0,33.0151481628418,31.0,90.0,187.0,169.0,187.0,200.0,156.0,200.0,155.0,167.0,471,579,GoogleEarth,1.08054322228,0.0036944141924175,1.0650047794465096,P2012__x0_y0,1,0,0,1024,1.0,1007.5,187.0,169.0,187.0,200.0,156.0,200.0,155.0,167.0,1,0.0,0.0,-1,155.0,0.1513671875,0.167236328125,0.0009608268737792,0.7251325409122593,7,False,0,0,0,0,moyen,75-90,0.0005035400390625,0.95,0.3599846425418021,0.1382838394646967,6.977992047758931,-0.2217008030771054,1.0,Q4
val,P2012,2,val:P2012:2,baseball-diamond,3,0,2021.0,48.0,43.0,48.0,43.011627197265625,0.0,99.0,3.0,145.0,3.0,146.0,46.0,98.0,46.0,471,579,GoogleEarth,1.08054322228,0.0074108298589338,1.1159773095738983,P2012__x0_y0,2,0,0,1024,1.0,2021.0,99.0,3.0,145.0,3.0,146.0,46.0,98.0,46.0,1,0.0,0.0,-1,3.0,0.0029296875,0.02392578125,0.001927375793457,0.7495167906748051,7,False,0,0,0,0,moyen,0-15,0.0005035400390625,0.95,0.2546020561981718,0.1193048087383677,4.9567438765036265,-0.135297247459804,0.6322301386205226,Q4
val,P2012,3,val:P2012:3,soccer-ball-field,13,0,4562.5,103.0,47.0,103.01941680908205,44.0,1.1123996162977925,225.0,62.0,328.0,64.0,327.0,109.0,225.0,106.0,471,579,GoogleEarth,1.08054322228,0.0167302875959355,2.341350382024592,P2012__x0_y0,3,0,0,1024,1.0,4562.5,225.0,62.0,328.0,64.0,327.0,109.0,225.0,106.0,1,0.0,0.0,-1,62.0,0.060546875,0.083251953125,0.0043511390686035,1.20637503127435,7,False,0,0,0,0,grand,0-15,0.0005035400390625,0.95,0.2252297641757843,0.1106918624867476,4.3900573818266455,-0.1145379016890367,0.6466975700576234,Q4
val,P2012,4,val:P2012:4,baseball-diamond,3,0,1105.5,34.0,34.0,34.01470184326172,32.015621185302734,88.31531568210372,184.0,338.0,150.0,338.0,151.0,304.0,183.0,305.0,471,579,GoogleEarth,1.08054322228,0.0040537716026973,1.0624407893380714,P2012__x0_y0,4,0,0,1024,1.0,1105.5,184.0,338.0,150.0,338.0,151.0,304.0,183.0,305.0,1,0.0,0.0,-1,150.0,0.146484375,0.1630859375,0.0010542869567871,0.7238901306148878,7,False,0,0,0,0,moyen,75-90,0.0005035400390625,0.95,0.382818482862254,0.1415129889722145,7.415064163355034,-0.2413054938900395,1.0,Q4
val,P2012,5,val:P2012:5,baseball-diamond,3,0,1520.0,39.0,41.0,41.01219177246094,37.01351165771485,88.53119928561418,26.0,324.0,27.0,285.0,64.0,284.0,65.0,325.0,471,579,GoogleEarth,1.08054322228,0.005573706771687,1.1080329840552332,P2012__x0_y0,5,0,0,1024,1.0,1520.0,26.0,324.0,27.0,285.0,64.0,284.0,65.0,325.0,1,0.0,0.0,-1,26.0,0.025390625,0.04443359375,0.0014495849609375,0.7457552776417268,7,False,0,0,0,0,moyen,75-90,0.0005035400390625,0.95,0.4131472585901228,0.1499195709579439,7.999717484170269,-0.2632276876321789,0.5995576290186345,Q4
val,P2012,6,val:P2012:6,baseball-diamond,3,0,1122.0,34.0,34.0,34.01470184326172,33.0,1.6846843178962845,19.0,163.0,53.0,162.0,53.0,195.0,19.0,196.0,471,579,GoogleEarth,1.08054322228,0.0041142756564689,1.0307485407049006,P2012__x0_y0,6,0,0,1024,1.0,1122.0,19.0,163.0,53.0,162.0,53.0,195.0,19.0,196.0,1,0.0,0.0,-1,19.0,0.0185546875,0.03515625,0.0010700225830078,0.7084044643495793,7,False,0,0,0,0,moyen,0-15,0.0005035400390625,0.95,0.2591796449081462,0.1193048087383677,5.043718061993141,-0.1398748361697784,1.0,Q4
val,P2135,0,val:P2135:0,tennis-court,4,0,4144.0,80.0,90.0,86.16263580322266,49.03060150146485,68.19859051364818,229.0,296.0,277.0,306.0,245.0,386.0,197.0,374.0,511,511,GoogleEarth,2.68220901489e-06,0.0158700372624185,1.7573236543028836,P2135__x0_y0,0,0,0,1024,1.0,4144.0,229.0,296.0,277.0,306.0,245.0,386.0,197.0,374.0,1,0.8683829307556152,0.9886283278465272,0,197.0,0.1923828125,0.2314453125,0.0039520263671875,1.0142605188051306,6,False,0,1,1,1,grand,60-75,0.0005035400390625,0.05,0.4225629721940181,0.1131859059126727,-0.9172055166034316,-0.3093770662813453,-0.1904382232314941,Q3
val,P2135,1,val:P2135:1,tennis-court,4,0,4165.5,81.0,89.0,84.30895233154297,50.21951675415039,67.43299092212538,166.0,281.0,215.0,293.0,183.0,370.0,134.0,359.0,511,511,GoogleEarth,2.68220901489e-06,0.0159523745696439,1.6788085147110712,P2135__x0_y0,1,0,0,1024,1.0,4165.5,166.0,281.0,215.0,293.0,183.0,370.0,134.0,359.0,1,0.8375981450080872,0.5802854895591736,5,134.0,0.130859375,0.17041015625,0.0039725303649902,0.9853721116029364,6,False,0,1,1,1,grand,60-75,0.0005035400390625,0.05,0.4187865455456895,0.1089993700749685,-0.9215908117384164,-0.309787175470721,-0.2844076514954252,Q2
val,P2135,2,val:P2135:2,tennis-court,4,0,4425.0,84.0,91.0,86.00581359863281,51.41984176635742,67.94893728092327,102.0,265.0,152.0,277.0,120.0,356.0,68.0,344.0,511,511,GoogleEarth,2.68220901489e-06,0.0169461667196433,1.6726191805378918,P2135__x0_y0,2,0,0,1024,1.0,4425.0,102.0,265.0,152.0,277.0,120.0,356.0,68.0,344.0,1,0.8388033509254456,0.9780701994895936,1,68.0,0.06640625,0.10791015625,0.0042200088500976,0.9830589580725484,6,False,0,1,1,1,grand,60-75,0.0005035400390625,0.05,0.4110839244868577,0.1077020582479868,-0.9232935246737576,-0.3033818662388709,-0.322039342017908,Q2
val,P2135,3,val:P2135:3,tennis-court,4,0,4358.0,84.0,91.0,86.00581359863281,51.41984176635742,66.71393508177643,279.0,177.0,329.0,189.0,295.0,268.0,245.0,256.0,511,511,GoogleEarth,2.68220901489e-06,0.0166895806924759,1.6726191805378918,P2135__x0_y0,3,0,0,1024,1.0,4358.0,279.0,177.0,329.0,189.0,295.0,268.0,245.0,256.0,1,0.8465096354484558,0.6229475736618042,4,177.0,0.1728515625,0.21728515625,0.0041561126708984,0.9830589580725484,6,False,0,1,1,1,grand,60-75,0.0005035400390625,0.05,0.4213357657789536,0.1128994265485379,-0.9175565857788855,-0.3084363392304156,-0.22947189747081329,Q3
val,P2135,4,val:P2135:4,tennis-court,4,0,4236.5,80.0,90.0,84.8646011352539,50.44799423217773,68.5747062019126,214.0,163.0,264.0,174.0,233.0,253.0,184.0,241.0,511,511,GoogleEarth,2.68220901489e-06,0.0162242791655975,1.6822195297731757,P2135__x0_y0,4,0,0,1024,1.0,4236.5,214.0,163.0,264.0,174.0,233.0,253.0,184.0,241.0,1,0.8490265607833862,0.9618142247200012,2,163.0,0.1591796875,0.202880859375,0.004040241241455,0.9866446345198446,6,False,0,1,1,1,grand,60-75,0.0005035400390625,0.05,0.4231392023570543,0.1135062376940487,-0.9168548569187378,-0.3096329646630055,-0.2329689428153165,Q3
val,P2135,5,val:P2135:5,tennis-court,4,0,4270.0,81.0,92.0,86.53900909423828,49.47726821899414,67.58385252065635,152.0,147.0,201.0,159.0,168.0,239.0,120.0,227.0,511,511,GoogleEarth,2.68220901489e-06,0.0163525721791812,1.7490660299029257,P2135__x0_y0,5,0,0,1024,1.0,4270.0,152.0,147.0,201.0,159.0,168.0,239.0,120.0,227.0,1,0.8543809652328491,0.3433022797107696,9,120.0,0.1171875,0.156494140625,0.0040721893310546,1.0112612285028366,6,False,0,1,1,1,grand,60-75,0.0005035400390625,0.05,0.4148256045568596,0.105740180373547,-0.9250584720181974,-0.3090854241833126,-0.2819364965406481,Q2
val,P2155,0,val:P2155:0,small-vehicle,10,0,161.5,11.0,18.0,18.11077117919922,9.05538558959961,83.6598082540901,253.0,767.0,263.0,766.0,261.0,784.0,252.0,783.0,912,839,GoogleEarth,0.263363371676,0.0002110647596344,2.0,P2155__x0_y0,0,0,0,1024,1.0,161.5,253.0,767.0,263.0,766.0,261.0,784.0,252.0,783.0,1,0.0,0.0,-1,240.0,0.234375,0.2431640625,0.0001540184020996,1.0986122886681098,81,False,1,0,0,0,tres petit,75-90,0.0005035400390625,0.8362987250599191,0.680986801645096,0.356970439536511,-0.7508619722234812,-0.3240163621085849,-0.4180033487501196,Q1
val,P2155,1,val:P2155:1,large-vehicle,9,0,556.0,59.0,10.0,59.00847244262695,9.05538558959961,0.9710219310791666,743.0,521.0,743.0,511.0,802.0,512.0,801.0,521.0,912,839,GoogleEarth,0.263363371676,0.0007266378102586,6.516395338305639,P2155__x0_y0,1,0,0,1024,1.0,556.0,743.0,521.0,743.0,511.0,802.0,512.0,801.0,521.0,1,0.6597685813903809,0.4953619539737701,93,222.0,0.216796875,0.245849609375,0.0005302429199218,2.017086679729597,81,False,0,1,1,1,petit,0-15,0.0005035400390625,0.8123270756739384,0.4695084342283931,0.7083767063832674,-2.587813134748204,0.2388682721548742,-0.15140933565013956,Q3
val,P2155,10,val:P2155:10,large-vehicle,9,0,671.0,61.0,12.0,61.00819778442383,11.0,0.9391909457355894,736.0,675.0,736.0,664.0,797.0,663.0,797.0,674.0,912,839,GoogleEarth,0.263363371676,0.0008769316019488,5.546199798583984,P2155__x0_y0,10,0,0,1024,1.0,671.0,736.0,675.0,736.0,664.0,797.0,663.0,797.0,674.0,1,0.8090893030166626,0.4512211978435516,106,227.0,0.2216796875,0.25146484375,0.0006399154663085,1.878884697853339,81,False,0,1,1,1,petit,0-15,0.0005035400390625,0.8310726010762967,0.4698280894317693,0.7080866312582126,-2.900201612927285,0.2382585418264433,-0.15327167005067022,Q3
val,P2155,11,val:P2155:11,large-vehicle,9,0,532.0,56.0,10.0,56.00892639160156,9.0,1.023030188667832,741.0,659.0,741.0,650.0,797.0,649.0,797.0,659.0,912,839,GoogleEarth,0.263363371676,0.0006952721493841,6.223214043511285,P2155__x0_y0,11,0,0,1024,1.0,532.0,741.0,659.0,741.0,650.0,797.0,649.0,797.0,659.0,1,0.5754880905151367,0.2859688401222229,182,227.0,0.2216796875,0.2490234375,0.0005073547363281,1.9773000122322024,81,False,0,1,1,0,petit,0-15,0.0005035400390625,0.8181367593166297,0.4695084342283931,0.7086813278509563,-2.677807820996998,0.2391728936225631,-0.15123555449867976,Q3
val,P2155,12,val:P2155:12,large-vehicle,9,0,575.0,58.0,11.0,58.00862121582031,9.0,1.005086005254185,737.0,645.0,737.0,636.0,794.0,635.0,795.0,646.0,912,839,GoogleEarth,0.263363371676,0.0007514689584509,6.445402357313368,P2155__x0_y0,12,0,0,1024,1.0,575.0,737.0,645.0,737.0,636.0,794.0,635.0,795.0,646.0,1,0.6720321178436279,0.5950344204902649,69,229.0,0.2236328125,0.252197265625,0.0005483627319335,2.0075967086398365,81,False,0,1,1,1,petit,0-15,0.0005035400390625,0.8145710829217933,0.4690459735534025,0.700489341636625,-2.6319397267048554,0.2314433680832224,-0.15327167005067022,Q3
val,P2155,13,val:P2155:13,large-vehicle,9,0,522.5,55.0,11.0,55.03635025024414,9.0,1.0416266760099742,740.0,630.0,740.0,621.0,795.0,622.0,795.0,632.0,912,839,GoogleEarth,0.263363371676,0.000682856575288,6.115150027804905,P2155__x0_y0,13,0,0,1024,1.0,522.5,740.0,630.0,740.0,621.0,795.0,622.0,795.0,632.0,1,0.6642433404922485,0.8139010667800903,23,229.0,0.2236328125,0.25048828125,0.0004982948303222,1.9622263174480945,81,False,1,1,1,1,tres petit,0-15,0.0005035400390625,0.8203387814687902,0.4695084342283931,0.7080866312582126,0.5944230934750733,0.2385781970298194,-0.14981797901754454,Q3
val,P2155,14,val:P2155:14,large-vehicle,9,0,541.5,57.0,10.0,57.00876998901367,9.0,1.005086005254185,741.0,616.0,741.0,607.0,798.0,606.0,798.0,616.0,912,839,GoogleEarth,0.263363371676,0.0007076877234803,6.3343077765570746,P2155__x0_y0,14,0,0,1024,1.0,541.5,741.0,616.0,741.0,607.0,798.0,606.0,798.0,616.0,1,0.630731999874115,0.6483141183853149,57,226.0,0.220703125,0.24853515625,0.0005164146423339,1.9925630344840437,81,False,0,1,1,1,petit,0-15,0.0005035400390625,0.8160338407620339,0.4695084342283931,0.7086813278509563,-2.644463792434458,0.2391728936225631,-0.15386643027655084,Q3
val,P2155,15,val:P2155:15,large-vehicle,9,0,527.0,59.0,10.0,59.00847244262695,9.0,0.9710219310791666,740.0,602.0,740.0,593.0,799.0,594.0,798.0,603.0,912,839,GoogleEarth,0.263363371676,0.000688737636702,6.556496938069661,P2155__x0_y0,15,0,0,1024,1.0,527.0,740.0,602.0,740.0,593.0,799.0,594.0,798.0,603.0,1,0.0,0.9554949998855592,1,225.0,0.2197265625,0.248779296875,0.000502586364746,2.022407714823121,81,False,1,0,0,0,tres petit,0-15,0.0005035400390625,0.8120489776610337,0.4695084342283931,0.7086813278509563,-0.6335347229699606,0.2391728936225631,-0.15468924553180544,Q3
val,P2155,16,val:P2155:16,large-vehicle,9,0,616.0,56.0,13.0,56.03570175170898,11.0,2.045408488887233,742.0,591.0,742.0,580.0,798.0,578.0,798.0,589.0,912,839,GoogleEarth,0.263363371676,0.0008050519624448,5.094154704700816,P2155__x0_y0,16,0,0,1024,1.0,616.0,742.0,591.0,742.0,580.0,798.0,578.0,798.0,589.0,1,0.6775370240211487,0.7239830493927002,40,226.0,0.220703125,0.248046875,0.0005874633789062,1.8073300666378775,81,False,0,1,1,1,petit,0-15,0.0005035400390625,0.83975485241025,0.4785377137081953,0.7086813278509563,-3.0240097510924926,0.2301436141427609,-0.13527513134247338,Q3
val,P2155,17,val:P2155:17,large-vehicle,9,0,615.0,62.0,10.0,62.0,10.0,0.0,737.0,563.0,736.0,553.0,798.0,553.0,798.0,563.0,912,839,GoogleEarth,0.263363371676,0.0008037450599084,6.2,P2155__x0_y0,17,0,0,1024,1.0,615.0,737.0,563.0,736.0,553.0,798.0,553.0,798.0,563.0,1,0.0093980273231863,0.4958637952804565,92,226.0,0.220703125,0.250732421875,0.0005865097045898,1.9740810260220096,81,False,0,0,0,0,petit,0-15,0.0005035400390625,0.8183905705456638,0.4695084342283931,0.7080866312582126,2.8238428258493604,0.2385781970298194,-0.18054155382541426,Q3
val,P2155,18,val:P2155:18,large-vehicle,9,0,651.0,62.0,11.0,62.00806427001953,10.0,0.0,739.0,549.0,739.0,538.0,801.0,538.0,801.0,548.0,912,839,GoogleEarth,0.263363371676,0.0008507935512201,6.200806427001953,P2155__x0_y0,18,0,0,1024,1.0,651.0,739.0,549.0,739.0,538.0,801.0,538.0,801.0,548.0,1,0.6876147985458374,0.8622381687164307,12,223.0,0.2177734375,0.248046875,0.0006208419799804,1.974193023500329,81,False,0,1,1,1,petit,0-15,0.0005035400390625,0.8179808197548761,0.4695084342283931,0.7086813278509563,-2.675308783842404,0.2391728936225631,-0.18067730077274982,Q3
val,P2155,19,val:P2155:19,large-vehicle,9,0,575.5,58.0,11.0,58.00862121582031,10.0,0.987760399639825,630.0,569.0,630.0,579.0,572.0,578.0,573.0,568.0,912,839,GoogleEarth,0.263363371676,0.0007521224097191,5.800862121582031,P2155__x0_y0,19,0,0,1024,1.0,575.5,630.0,569.0,630.0,579.0,572.0,578.0,573.0,568.0,1,0.7383312582969666,0.3252385854721069,162,394.0,0.384765625,0.412841796875,0.0005488395690917,1.917049386731421,81,False,0,1,1,1,petit,0-15,0.0005035400390625,0.848010490870694,0.4771943501222497,0.6683981550835211,-3.2485444570912776,0.1912038049612713,-0.15016049000257523,Q3
val,P2155,2,val:P2155:2,large-vehicle,9,0,710.5,65.0,13.0,65.03076171875,11.0,1.7899106082460603,639.0,583.0,638.0,594.0,574.0,592.0,574.0,581.0,912,839,GoogleEarth,0.263363371676,0.000928554252138,5.9118874289772725,P2155__x0_y0,2,0,0,1024,1.0,710.5,639.0,583.0,638.0,594.0,574.0,592.0,574.0,581.0,1,0.8163527846336365,0.7118951082229614,43,385.0,0.3759765625,0.407958984375,0.0006775856018066,1.9332427450521852,81,False,0,1,1,1,petit,0-15,0.0005035400390625,0.845810904491962,0.476502338767929,0.6683981550835211,-3.2032707452833145,0.191895816315592,-0.13177259156626808,Q3
val,P2155,20,val:P2155:20,large-vehicle,9,0,594.0,60.0,12.0,60.0333251953125,10.0,1.9091524329963647,636.0,538.0,637.0,548.0,577.0,546.0,577.0,536.0,912,839,GoogleEarth,0.263363371676,0.0007763001066432,6.00333251953125,P2155__x0_y0,20,0,0,1024,1.0,594.0,636.0,538.0,637.0,548.0,577.0,546.0,577.0,536.0,1,0.1626100093126297,0.372099369764328,138,387.0,0.3779296875,0.407470703125,0.0005664825439453,1.9463861099866864,81,False,0,0,0,0,petit,0-15,0.0005035400390625,0.8442644259386799,0.476502338767929,0.6683981550835211,3.2515842763222222,0.191895816315592,-0.1325465383298118,Q3
val,P2155,21,val:P2155:21,large-vehicle,9,0,630.0,63.0,12.0,63.03173828125,10.0,1.8183029644518167,639.0,525.0,639.0,535.0,576.0,533.0,576.0,523.0,912,839,GoogleEarth,0.263363371676,0.0008233485979549,6.303173828125,P2155__x0_y0,21,0,0,1024,1.0,630.0,639.0,525.0,639.0,535.0,576.0,533.0,576.0,523.0,1,0.6755560040473938,0.5654557347297668,77,385.0,0.3759765625,0.40673828125,0.0006008148193359,1.9883090246448571,81,False,0,1,1,1,petit,0-15,0.0005035400390625,0.8391807790280766,0.476502338767929,0.6683981550835211,-3.063297549678053,0.191895816315592,-0.13177259156626808,Q4
val,P2155,22,val:P2155:22,large-vehicle,9,0,619.0,66.0,11.0,65.03076171875,9.05538558959961,0.8814039965821223,135.0,412.0,134.0,421.0,69.0,420.0,70.0,410.0,912,839,GoogleEarth,0.263363371676,0.0008089726700541,7.181445900375556,P2155__x0_y0,22,0,0,1024,1.0,619.0,135.0,412.0,134.0,421.0,69.0,420.0,70.0,410.0,1,0.6125240921974182,0.3343960344791412,156,69.0,0.0673828125,0.099609375,0.0005903244018554,2.10186889543148,81,False,0,1,1,1,petit,0-15,0.0005035400390625,0.776462477395577,0.4470495160861172,0.7299472870252527,-2.190738321433582,0.2828977709391354,-0.24665077482434583,Q3
val,P2155,23,val:P2155:23,large-vehicle,9,0,700.5,67.0,18.0,66.48307800292969,10.049875259399414,6.911227119024659,151.0,321.0,150.0,332.0,84.0,324.0,85.0,314.0,912,839,GoogleEarth,0.263363371676,0.0009154852267737,6.615313751357223,P2155__x0_y0,23,0,0,1024,1.0,700.5,151.0,321.0,150.0,332.0,84.0,324.0,85.0,314.0,1,0.7109784483909607,0.3895150125026703,123,84.0,0.08203125,0.11474609375,0.0006680488586425,2.0301611872524234,81,False,0,1,1,1,petit,0-15,0.0005035400390625,0.7925664526395677,0.4619494735616514,0.7302600704961907,-2.3255346768168805,0.2683105969345393,-0.22772074820834703,Q3
val,P2155,24,val:P2155:24,large-vehicle,9,0,635.0,64.0,15.0,64.1248779296875,9.0,5.527540151656154,154.0,335.0,152.0,346.0,90.0,340.0,90.0,331.0,912,839,GoogleEarth,0.263363371676,0.0008298831106371,7.124986436631945,P2155__x0_y0,24,0,0,1024,1.0,635.0,154.0,335.0,152.0,346.0,90.0,340.0,90.0,331.0,1,0.7033035755157471,0.8388004302978516,17,90.0,0.087890625,0.11865234375,0.0006055831909179,2.094944058876801,81,False,0,1,1,1,petit,0-15,0.0005035400390625,0.7829647139119447,0.4661149026040783,0.7299587612932642,-2.1960561281696998,0.2638438586891858,-0.22552819398987106,Q3
val,P2155,25,val:P2155:25,large-vehicle,9,0,718.5,69.0,17.0,68.26419067382812,10.049875259399414,5.042451069170909,162.0,349.0,161.0,359.0,93.0,353.0,95.0,342.0,912,839,GoogleEarth,0.263363371676,0.0009390094724295,6.792541092485921,P2155__x0_y0,25,0,0,1024,1.0,718.5,162.0,349.0,161.0,359.0,93.0,353.0,95.0,342.0,1,0.0054812310263514,0.7193372249603271,41,93.0,0.0908203125,0.124755859375,0.0006852149963378,2.053167005983394,81,False,0,0,0,0,petit,0-15,0.0005035400390625,0.7899745134729256,0.466519422201571,0.730391072946249,2.4851231279620967,0.263871650744678,-0.20369501557392325,Q3
val,P2155,26,val:P2155:26,large-vehicle,9,0,598.5,58.0,14.0,57.07889175415039,10.049875259399414,4.085616779974885,157.0,362.0,155.0,373.0,99.0,369.0,100.0,359.0,912,839,GoogleEarth,0.263363371676,0.0007821811680572,5.679562211557386,P2155__x0_y0,26,0,0,1024,1.0,598.5,157.0,362.0,155.0,373.0,99.0,369.0,100.0,359.0,1,0.7096236348152161,0.3801286816596985,130,99.0,0.0966796875,0.124755859375,0.0005707740783691,1.8990524482088904,81,False,0,1,1,1,petit,0-15,0.0005035400390625,0.8113511998271848,0.4655533385091919,0.730391072946249,-2.5681867056930607,0.2648377344370571,-0.20309574416106158,Q3
val,P2155,27,val:P2155:27,large-vehicle,9,0,607.0,59.0,16.0,57.314918518066406,10.440306663513184,6.009005957494537,163.0,376.0,161.0,387.0,104.0,381.0,107.0,371.0,912,839,GoogleEarth,0.263363371676,0.0007932898396169,5.489773467897333,P2155__x0_y0,27,0,0,1024,1.0,607.0,163.0,376.0,161.0,387.0,104.0,381.0,107.0,371.0,1,0.0,0.974862813949585,0,104.0,0.1015625,0.130615234375,0.0005788803100585,1.8702276253144132,81,False,0,0,0,0,petit,0-15,0.0005035400390625,0.816903819054345,0.4661728247107773,0.730391072946249,2.8102725804617816,0.2642182482354717,-0.19096016940119825,Q3
val,P2155,28,val:P2155:28,large-vehicle,9,0,741.5,71.0,13.0,71.0633544921875,10.049875259399414,1.6365770416167322,157.0,387.0,156.0,397.0,86.0,395.0,86.0,384.0,912,839,GoogleEarth,0.263363371676,0.0009690682307676,7.071068312586626,P2155__x0_y0,28,0,0,1024,1.0,741.5,157.0,387.0,156.0,397.0,86.0,395.0,86.0,384.0,1,0.6510525941848755,0.283468633890152,185,86.0,0.083984375,0.118408203125,0.0007071495056152,2.0882858542621374,81,False,0,1,1,1,petit,0-15,0.0005035400390625,0.7820917370175938,0.4591484144144911,0.7299587612932642,-2.2112046909317806,0.2708103468787731,-0.1891577339427828,Q3
val,P2155,29,val:P2155:29,large-vehicle,9,0,575.0,58.0,11.0,58.00862121582031,9.0,0.987760399639825,167.0,399.0,167.0,408.0,109.0,409.0,110.0,398.0,912,839,GoogleEarth,0.263363371676,0.0007514689584509,6.445402357313368,P2155__x0_y0,29,0,0,1024,1.0,575.0,167.0,399.0,167.0,408.0,109.0,409.0,110.0,398.0,1,0.0009715964552015,0.3433632254600525,152,109.0,0.1064453125,0.135009765625,0.0005483627319335,2.0075967086398365,81,False,0,0,0,0,petit,0-15,0.0005035400390625,0.7964222046616241,0.4592590374687587,0.7308330618965253,2.5275127760259126,0.2715740244277666,-0.1836147285063319,Q3
val,P2155,3,val:P2155:3,large-vehicle,9,0,522.5,55.0,11.0,55.03635025024414,9.0,1.0416266760099688,630.0,595.0,630.0,604.0,575.0,603.0,575.0,593.0,912,839,GoogleEarth,0.263363371676,0.000682856575288,6.115150027804905,P2155__x0_y0,3,0,0,1024,1.0,522.5,630.0,595.0,630.0,604.0,575.0,603.0,575.0,593.0,1,0.6627464294433594,0.2643824815750122,191,394.0,0.384765625,0.41162109375,0.0004982948303222,1.9622263174480945,81,False,1,1,1,1,tres petit,0-15,0.0005035400390625,0.8426332875607644,0.4768746949188736,0.6683981550835211,0.5850538960158022,0.1915234601646475,-0.14670679896944955,Q3
val,P2155,30,val:P2155:30,large-vehicle,9,0,546.5,56.0,11.0,55.009090423583984,10.049875259399414,1.06091169026422,201.0,413.0,199.0,423.0,145.0,422.0,146.0,412.0,912,839,GoogleEarth,0.263363371676,0.0007142222361625,5.473609274118628,P2155__x0_y0,30,0,0,1024,1.0,546.5,201.0,413.0,199.0,423.0,145.0,422.0,146.0,412.0,1,0.552905261516571,0.4223903715610504,114,145.0,0.1416015625,0.168701171875,0.000521183013916,1.8677338005963289,81,False,0,1,1,0,petit,0-15,0.0005035400390625,0.8207812848803101,0.4688969232457353,0.7321230424818214,-2.70020923627113,0.2632261192360861,-0.18356083068168977,Q3
val,P2155,31,val:P2155:31,large-vehicle,9,0,541.5,57.0,11.0,57.03507614135742,9.0,2.0095538130211423,635.0,511.0,635.0,521.0,578.0,519.0,578.0,510.0,912,839,GoogleEarth,0.263363371676,0.0007076877234803,6.337230682373047,P2155__x0_y0,31,0,0,1024,1.0,541.5,635.0,511.0,635.0,521.0,578.0,519.0,578.0,510.0,1,0.6805662512779236,0.3321161866188049,157,389.0,0.3798828125,0.40771484375,0.0005164146423339,1.9929614802043507,81,False,0,1,1,1,petit,0-15,0.0005035400390625,0.8388254499707978,0.476502338767929,0.6683981550835211,-3.0561210767808777,0.191895816315592,-0.13367824354640015,Q3
val,P2155,32,val:P2155:32,large-vehicle,9,0,375.5,38.0,11.0,38.01315689086914,10.0,1.507435758774968,282.0,582.0,282.0,572.0,320.0,573.0,319.0,583.0,912,839,GoogleEarth,0.263363371676,0.0004907419024318,3.801315689086914,P2155__x0_y0,32,0,0,1024,1.0,375.5,282.0,582.0,282.0,572.0,320.0,573.0,319.0,583.0,1,0.8581917881965637,0.595932126045227,68,282.0,0.275390625,0.293701171875,0.0003581047058105,1.5688899822478917,81,False,1,1,1,1,tres petit,0-15,0.0005035400390625,0.8711922602369963,0.6130180634409124,0.6709498062576709,0.4356327495415145,0.0579317428167585,-0.2080629953472999,Q3
val,P2155,33,val:P2155:33,large-vehicle,9,0,242.5,29.0,9.0,29.017236709594727,8.062257766723633,1.9749340108819808,214.0,61.0,215.0,69.0,186.0,70.0,186.0,61.0,912,839,GoogleEarth,0.263363371676,0.0003169238650858,3.5991452455615107,P2155__x0_y0,33,0,0,1024,1.0,242.5,214.0,61.0,215.0,69.0,186.0,70.0,186.0,61.0,1,0.7420130372047424,0.3173142969608307,166,61.0,0.0595703125,0.063720703125,0.0002312660217285,1.525870470046803,81,False,1,1,1,1,tres petit,0-15,0.0005035400390625,0.8485944441690417,0.5816257966132562,0.6897078385476189,0.4737362877104171,0.1080820419343626,-0.34263299433516087,Q2
val,P2155,34,val:P2155:34,large-vehicle,9,0,435.0,42.0,12.0,42.01190185546875,10.049875259399414,1.363927531602919,280.0,595.0,279.0,585.0,321.0,586.0,321.0,597.0,912,839,GoogleEarth,0.263363371676,0.0005685026033498,4.180340628225808,P2155__x0_y0,34,0,0,1024,1.0,435.0,280.0,595.0,279.0,585.0,321.0,586.0,321.0,597.0,1,0.8650462627410889,0.5415023565292358,80,279.0,0.2724609375,0.293212890625,0.0004148483276367,1.6448708124541571,81,False,1,1,1,1,tres petit,0-15,0.0005035400390625,0.8633346840967837,0.6077459960127259,0.6801956684727855,0.442878820527697,0.0724496724600595,-0.18169414958948432,Q3
val,P2155,35,val:P2155:35,large-vehicle,9,0,407.5,36.0,13.0,36.055511474609375,11.0,3.1798301198642345,276.0,608.0,275.0,596.0,311.0,598.0,311.0,609.0,912,839,GoogleEarth,0.263363371676,0.0005325627835978,3.277773770419034,P2155__x0_y0,35,0,0,1024,1.0,407.5,276.0,608.0,275.0,596.0,311.0,598.0,311.0,609.0,1,0.7451767921447754,0.3446676433086395,151,275.0,0.2685546875,0.286376953125,0.0003886222839355,1.4534327271719196,81,False,1,1,1,1,tres petit,0-15,0.0005035400390625,0.8819834300312538,0.6216060613165929,0.6288771619578968,0.4280531985872394,0.0072711006413038,-0.27405396244740726,Q2
val,P2155,36,val:P2155:36,large-vehicle,9,0,370.0,37.0,10.0,37.0,10.0,0.0,278.0,621.0,278.0,611.0,315.0,611.0,315.0,621.0,912,839,GoogleEarth,0.263363371676,0.0004835539384814,3.7,P2155__x0_y0,36,0,0,1024,1.0,370.0,278.0,621.0,278.0,611.0,315.0,611.0,315.0,621.0,1,0.6714972853660583,0.492781400680542,94,278.0,0.271484375,0.28955078125,0.0003528594970703,1.547562508716013,81,False,1,1,1,1,tres petit,0-15,0.0005035400390625,0.8723806189924475,0.6138761732052155,0.6699388986391216,0.4344080189619548,0.0560627254339061,-0.24930308326356382,Q3
val,P2155,37,val:P2155:37,large-vehicle,9,0,430.5,42.0,14.0,41.19466018676758,10.198039054870604,5.572197803963795,278.0,636.0,279.0,625.0,320.0,629.0,318.0,639.0,912,839,GoogleEarth,0.263363371676,0.0005626215419358,4.039468761113728,P2155__x0_y0,37,0,0,1024,1.0,430.5,278.0,636.0,279.0,625.0,320.0,629.0,318.0,639.0,1,0.600051760673523,0.2849056124687195,183,278.0,0.271484375,0.291748046875,0.0004105567932128,1.6173006719869012,81,False,1,1,1,1,tres petit,0-15,0.0005035400390625,0.8673752193972846,0.6210059894304836,0.6778654346397948,0.4282495404717142,0.0568594452093111,-0.21561115837517358,Q3
val,P2155,38,val:P2155:38,large-vehicle,9,0,583.0,59.0,13.0,58.07753372192383,10.049875259399414,2.960936134163745,646.0,496.0,647.0,506.0,589.0,509.0,588.0,499.0,912,839,GoogleEarth,0.263363371676,0.0007619241787424,5.778930804897828,P2155__x0_y0,38,0,0,1024,1.0,583.0,646.0,496.0,647.0,506.0,589.0,509.0,588.0,499.0,1,0.8053096532821655,0.5065118074417114,88,377.0,0.3681640625,0.39697265625,0.0005559921264648,1.9138193911239545,81,False,0,1,1,1,petit,0-15,0.0005035400390625,0.8470606491085217,0.4813260253793911,0.6683981550835211,-3.2042981853735526,0.1870721297041299,-0.15894393468021487,Q3
val,P2155,39,val:P2155:39,large-vehicle,9,0,600.0,55.0,12.0,55.009090423583984,11.0,1.0416266760099688,742.0,536.0,741.0,525.0,796.0,524.0,796.0,535.0,912,839,GoogleEarth,0.263363371676,0.0007841415218618,5.000826402143999,P2155__x0_y0,39,0,0,1024,1.0,600.0,742.0,536.0,741.0,525.0,796.0,524.0,796.0,535.0,1,0.8149972558021545,0.2932538390159607,179,228.0,0.22265625,0.249267578125,0.0005722045898437,1.7918971934343075,81,False,0,1,1,1,petit,0-15,0.0005035400390625,0.8413778761862429,0.47891006985914,0.7080866312582126,-3.055925904841306,0.2291765613990726,-0.15123555449867976,Q3
val,P2155,4,val:P2155:4,large-vehicle,9,0,623.5,57.0,15.0,57.07889175415039,10.0,3.0127875041833363,629.0,622.0,629.0,632.0,572.0,629.0,573.0,617.0,912,839,GoogleEarth,0.263363371676,0.0008148537314681,5.707889175415039,P2155__x0_y0,4,0,0,1024,1.0,623.5,629.0,622.0,629.0,632.0,572.0,629.0,573.0,617.0,1,0.7658992409706116,0.8081790208816528,25,392.0,0.3828125,0.3896484375,0.0005946159362792,1.903284322568528,81,False,0,1,1,1,petit,0-15,0.0005035400390625,0.8473515106780457,0.4813260253793911,0.6683981550835211,-3.2107602165214666,0.1870721297041299,-0.16625480520596003,Q3
val,P2155,40,val:P2155:40,large-vehicle,9,0,336.0,32.0,11.0,32.015621185302734,10.0,0.0,839.0,428.0,839.0,438.0,807.0,438.0,807.0,427.0,912,839,GoogleEarth,0.263363371676,0.0004391192522426,3.2015621185302736,P2155__x0_y0,40,0,0,1024,1.0,336.0,839.0,428.0,839.0,438.0,807.0,438.0,807.0,427.0,1,0.0,0.9445967078208924,2,185.0,0.1806640625,0.1962890625,0.0003204345703125,1.4354563891227945,81,False,1,0,0,0,tres petit,0-15,0.0005035400390625,0.8731833902521476,0.6142215177644802,0.6709210234046765,-0.7116625943431025,0.0566995056401963,-0.2900945224346513,Q2
val,P2155,41,val:P2155:41,small-vehicle,10,0,182.0,11.0,21.0,20.099750518798828,9.05538558959961,84.28940686250036,138.0,764.0,147.0,765.0,145.0,785.0,136.0,784.0,912,839,GoogleEarth,0.263363371676,0.0002378562616314,2.2196460128527287,P2155__x0_y0,41,0,0,1024,1.0,182.0,138.0,764.0,147.0,765.0,145.0,785.0,136.0,784.0,1,0.0,0.0,-1,136.0,0.1328125,0.13818359375,0.0001735687255859,1.169271419616475,81,False,1,0,0,0,tres petit,75-90,0.0005035400390625,0.8124827766523811,0.7115336075414249,0.3741775542576204,-0.7978920363348168,-0.3373560532838045,-0.45637459349329684,Q1
val,P2155,42,val:P2155:42,large-vehicle,9,0,507.5,14.0,49.0,48.16637802124024,10.049875259399414,85.23635830927383,853.0,417.0,843.0,418.0,839.0,370.0,850.0,369.0,912,839,GoogleEarth,0.263363371676,0.0006632530372414,4.792733917387815,P2155__x0_y0,42,0,0,1024,1.0,507.5,853.0,417.0,843.0,418.0,839.0,370.0,850.0,369.0,1,0.7101186513900757,0.3732937574386596,135,171.0,0.1669921875,0.173583984375,0.0004839897155761,1.7566043593122789,81,False,1,1,1,1,tres petit,75-90,0.0005035400390625,0.8651292717637361,0.6260820630017977,0.8247165019548593,0.4012440416634066,0.1986344389530616,-0.5403225214426011,Q1
val,P2155,43,val:P2155:43,small-vehicle,10,0,279.0,27.0,12.0,27.073972702026367,10.049875259399414,4.236394799058814,127.0,253.0,127.0,264.0,100.0,262.0,101.0,252.0,912,839,GoogleEarth,0.263363371676,0.0003646258076657,2.693961069487376,P2155__x0_y0,43,0,0,1024,1.0,279.0,127.0,253.0,127.0,264.0,100.0,262.0,101.0,252.0,1,0.0,0.0,-1,100.0,0.09765625,0.111083984375,0.0002660751342773,1.3066993428713185,81,False,1,0,0,0,tres petit,0-15,0.0005035400390625,0.7494077887370882,0.4766496955675304,0.5073248893444667,-0.6462925359012103,0.0306751937769362,-0.39166494790140405,Q2
val,P2155,44,val:P2155:44,small-vehicle,10,0,292.0,27.0,12.0,27.01851272583008,11.0,2.121096396661443,128.0,240.0,128.0,251.0,101.0,250.0,102.0,239.0,912,839,GoogleEarth,0.263363371676,0.0003816155406394,2.456228429620916,P2155__x0_y0,44,0,0,1024,1.0,292.0,128.0,240.0,128.0,251.0,101.0,250.0,102.0,239.0,1,0.0,0.0,-1,101.0,0.0986328125,0.112060546875,0.0002784729003906,1.2401779452913595,81,False,1,0,0,0,tres petit,0-15,0.0005035400390625,0.7594299583234564,0.471856858550554,0.4485061907223218,-0.6139333618695095,-0.0233506678282322,-0.34560889880023976,Q2
val,P2155,45,val:P2155:45,small-vehicle,10,0,308.0,28.0,11.0,28.0,11.0,0.0,128.0,227.0,128.0,238.0,100.0,238.0,100.0,227.0,912,839,GoogleEarth,0.263363371676,0.0004025259812224,2.5454545454545454,P2155__x0_y0,45,0,0,1024,1.0,308.0,128.0,227.0,128.0,238.0,100.0,238.0,100.0,227.0,1,0.0,0.0,-1,100.0,0.09765625,0.111328125,0.0002937316894531,1.265666373331276,81,False,1,0,0,0,tres petit,0-15,0.0005035400390625,0.7540519112855553,0.474709651670057,0.4975271626198158,-0.6369874111962512,0.0228175109497588,-0.40132616526954945,Q2
val,P2155,46,val:P2155:46,small-vehicle,10,0,250.0,25.0,11.0,25.01999282836914,10.0,2.2906100426385194,128.0,214.0,128.0,224.0,103.0,223.0,103.0,213.0,912,839,GoogleEarth,0.263363371676,0.0003267256341091,2.501999282836914,P2155__x0_y0,46,0,0,1024,1.0,250.0,128.0,214.0,128.0,224.0,103.0,223.0,103.0,213.0,1,0.0,0.0,-1,103.0,0.1005859375,0.11279296875,0.0002384185791015,1.2533340290769213,81,False,1,0,0,0,tres petit,0-15,0.0005035400390625,0.7575110568520058,0.4746351659936303,0.4551690003590665,-0.620340563759676,-0.0194661656345638,-0.35790098212284593,Q2
val,P2155,47,val:P2155:47,small-vehicle,10,0,325.0,31.0,12.0,31.0161247253418,11.045360565185549,1.847610265994604,134.0,201.0,135.0,212.0,104.0,211.0,106.0,200.0,912,839,GoogleEarth,0.263363371676,0.0004247433243418,2.808068106269265,P2155__x0_y0,47,0,0,1024,1.0,325.0,134.0,201.0,135.0,212.0,104.0,211.0,106.0,200.0,1,0.0,0.0,-1,104.0,0.1015625,0.116943359375,0.000309944152832,1.3371220018188852,81,False,1,0,0,0,tres petit,0-15,0.0005035400390625,0.7441475113867319,0.4788910523532785,0.5092893605904033,-0.6539947090039511,0.0303983082371248,-0.3598375152288074,Q2
val,P2155,48,val:P2155:48,small-vehicle,10,0,288.0,27.0,13.0,27.166154861450195,10.198039054870604,2.2906100426385194,135.0,189.0,133.0,199.0,108.0,198.0,108.0,186.0,912,839,GoogleEarth,0.263363371676,0.0003763879304936,2.663860641764809,P2155__x0_y0,48,0,0,1024,1.0,288.0,135.0,189.0,133.0,199.0,108.0,198.0,108.0,186.0,1,0.0,0.0,-1,108.0,0.10546875,0.1181640625,0.000274658203125,1.2985174116357197,81,False,1,0,0,0,tres petit,0-15,0.0005035400390625,0.7510678361485879,0.4821897029975421,0.5061205521331322,-0.6499371129495333,0.02393084913559,-0.36806797715483386,Q2
val,P2155,49,val:P2155:49,small-vehicle,10,0,318.5,27.0,13.0,27.01851272583008,12.0,2.202598161765792,137.0,174.0,136.0,186.0,110.0,185.0,110.0,173.0,912,839,GoogleEarth,0.263363371676,0.000416248457855,2.2515427271525064,P2155__x0_y0,49,0,0,1024,1.0,318.5,137.0,174.0,136.0,186.0,110.0,185.0,110.0,173.0,1,0.0,0.0,-1,110.0,0.107421875,0.120361328125,0.0003037452697753,1.1791295689919243,81,False,1,0,0,0,tres petit,0-15,0.0005035400390625,0.7706770968080274,0.4782703179585501,0.3676909020309095,-0.5876805307185216,-0.1105794159276405,-0.32363422807035064,Q2
val,P2155,5,val:P2155:5,large-vehicle,9,0,579.5,61.0,11.0,61.03277969360352,9.0,0.939190945735561,634.0,608.0,634.0,617.0,573.0,616.0,573.0,606.0,912,839,GoogleEarth,0.263363371676,0.0007573500198649,6.781419965955946,P2155__x0_y0,5,0,0,1024,1.0,579.5,634.0,608.0,634.0,617.0,573.0,616.0,573.0,606.0,1,0.697158694267273,0.2729520499706268,188,390.0,0.380859375,0.402587890625,0.0005526542663574,2.051738836440845,81,False,0,1,1,1,petit,0-15,0.0005035400390625,0.8305235218270991,0.4772214801350231,0.6683981550835211,-2.8934904452381462,0.191176674948498,-0.15016049000257523,Q3
val,P2155,50,val:P2155:50,small-vehicle,10,0,292.0,27.0,12.0,27.01851272583008,11.0,2.202598161765792,138.0,161.0,137.0,172.0,111.0,171.0,111.0,160.0,912,839,GoogleEarth,0.263363371676,0.0003816155406394,2.456228429620916,P2155__x0_y0,50,0,0,1024,1.0,292.0,138.0,161.0,137.0,172.0,111.0,171.0,111.0,160.0,1,0.0,0.0,-1,111.0,0.1083984375,0.121337890625,0.0002784729003906,1.2401779452913595,81,False,1,0,0,0,tres petit,0-15,0.0005035400390625,0.7611428222401463,0.4844136239374662,0.4473017801228728,-0.6247831284315897,-0.0371118438145934,-0.34217619197945215,Q2
val,P2155,51,val:P2155:51,small-vehicle,10,0,294.5,28.0,13.0,27.01851272583008,10.049875259399414,6.581944655178006,141.0,148.0,139.0,160.0,113.0,157.0,114.0,147.0,912,839,GoogleEarth,0.263363371676,0.0003848827969805,2.6884425954004048,P2155__x0_y0,51,0,0,1024,1.0,294.5,141.0,148.0,139.0,160.0,113.0,157.0,114.0,147.0,1,0.0,0.0,-1,113.0,0.1103515625,0.123779296875,0.0002808570861816,1.3052043080925797,81,False,1,0,0,0,tres petit,0-15,0.0005035400390625,0.7532164270362359,0.4875612298842436,0.5063035880832858,-0.6534463646033728,0.0187423581990421,-0.37915191945112714,Q2
val,P2155,52,val:P2155:52,small-vehicle,10,0,281.5,26.0,13.0,26.07680892944336,11.0,4.3987053549955135,140.0,136.0,140.0,147.0,114.0,145.0,115.0,134.0,912,839,GoogleEarth,0.263363371676,0.0003678930640068,2.37061899358576,P2155__x0_y0,52,0,0,1024,1.0,281.5,140.0,136.0,140.0,147.0,114.0,145.0,115.0,134.0,1,0.0,0.0,-1,114.0,0.111328125,0.124267578125,0.0002684593200683,1.2150964051194884,81,False,1,0,0,0,tres petit,0-15,0.0005035400390625,0.7667752050020482,0.4802398620769222,0.3827406331377538,-0.5966554753083131,-0.0974992289391683,-0.35706436790566565,Q2
val,P2155,53,val:P2155:53,small-vehicle,10,0,279.5,29.0,13.0,28.160255432128903,10.049875259399414,6.340191745909891,143.0,123.0,141.0,133.0,114.0,130.0,115.0,120.0,912,839,GoogleEarth,0.263363371676,0.0003652792589339,2.8020502449312765,P2155__x0_y0,53,0,0,1024,1.0,279.5,143.0,123.0,141.0,133.0,114.0,130.0,115.0,120.0,1,0.0,0.0,-1,114.0,0.111328125,0.12353515625,0.0002665519714355,1.33554045937378,81,False,1,0,0,0,tres petit,0-15,0.0005035400390625,0.7480089330967666,0.49749520286839,0.5075500513881878,-0.6684798974315962,0.0100548485197977,-0.38736950365422446,Q2
val,P2155,54,val:P2155:54,small-vehicle,10,0,278.0,28.0,13.0,26.172504425048828,10.198039054870604,6.581944655178006,144.0,109.0,142.0,120.0,116.0,117.0,118.0,107.0,912,839,GoogleEarth,0.263363371676,0.0003633189051293,2.5664252003966177,P2155__x0_y0,54,0,0,1024,1.0,278.0,144.0,109.0,142.0,120.0,116.0,117.0,118.0,107.0,1,0.0,0.0,-1,107.0,0.1044921875,0.110595703125,0.0002651214599609,1.2715637496845684,81,False,1,0,0,0,tres petit,0-15,0.0005035400390625,0.7563267014035376,0.4782107790802238,0.4970798768354852,-0.6383599487838064,0.0188690977552613,-0.3922466881985153,Q2
val,P2155,55,val:P2155:55,small-vehicle,10,0,228.0,19.0,24.0,21.931713104248047,9.848857879638672,62.241459398939966,32.0,701.0,42.0,706.0,32.0,725.0,23.0,721.0,912,839,GoogleEarth,0.263363371676,0.0002979737783075,2.2268280619206844,P2155__x0_y0,55,0,0,1024,1.0,228.0,32.0,701.0,42.0,706.0,32.0,725.0,23.0,721.0,1,0.0,0.0,-1,23.0,0.0224609375,0.031494140625,0.0002174377441406,1.1714996305597527,81,False,1,0,0,0,tres petit,60-75,0.0005035400390625,0.7854310816460679,0.368417352433511,0.3520114314938999,-0.4645820113945134,-0.016405920939611,-0.2524919613222179,Q3
val,P2155,56,val:P2155:56,small-vehicle,10,0,259.0,14.0,22.0,22.090721130371094,12.0,84.55966796899449,42.0,705.0,54.0,706.0,52.0,727.0,40.0,727.0,912,839,GoogleEarth,0.263363371676,0.000338487756937,1.8408934275309248,P2155__x0_y0,56,0,0,1024,1.0,259.0,42.0,705.0,54.0,706.0,52.0,727.0,40.0,727.0,1,0.0,0.0,-1,40.0,0.0390625,0.0458984375,0.0002470016479492,1.044118589859726,81,False,1,0,0,0,tres petit,75-90,0.0005035400390625,0.8155886777041735,0.6832458460928295,0.3709885395618738,-0.7671294126594776,-0.3122573065309556,-0.4943192735732122,Q1
val,P2155,57,val:P2155:57,small-vehicle,10,0,135.0,9.0,19.0,19.10497283935547,7.071067810058594,83.99099404250548,68.0,706.0,76.0,705.0,74.0,724.0,67.0,723.0,912,839,GoogleEarth,0.263363371676,0.0001764318424189,2.7018511705090207,P2155__x0_y0,57,0,0,1024,1.0,135.0,68.0,706.0,76.0,705.0,74.0,724.0,67.0,723.0,1,0.0,0.0,-1,67.0,0.0654296875,0.069580078125,0.0001287460327148,1.3088330108874713,81,False,1,0,0,0,tres petit,75-90,0.0005035400390625,0.7813893064053197,0.7165553494037803,0.5361601088663236,-0.8665578287265103,-0.1803952405374567,-0.49387323493408986,Q1
val,P2155,58,val:P2155:58,small-vehicle,10,0,153.0,9.0,19.0,19.02629852294922,8.062257766723633,86.98721249581666,78.0,711.0,87.0,710.0,86.0,729.0,78.0,728.0,912,839,GoogleEarth,0.263363371676,0.0001999560880747,2.359921882115807,P2155__x0_y0,58,0,0,1024,1.0,153.0,78.0,711.0,87.0,710.0,86.0,729.0,78.0,728.0,1,0.0,0.0,-1,78.0,0.076171875,0.080322265625,0.0001459121704101,1.2119177243345465,81,False,1,0,0,0,tres petit,75-90,0.0005035400390625,0.7987781881238685,0.7365592617077815,0.4588855793279225,-0.8521580463128937,-0.277673682379859,-0.7811638812576849,Q1
val,P2155,59,val:P2155:59,small-vehicle,10,0,197.0,10.0,24.0,23.0867919921875,8.062257766723633,85.03025927188969,101.0,708.0,110.0,709.0,108.0,732.0,100.0,731.0,912,839,GoogleEarth,0.263363371676,0.0002574597996779,2.8635641107229928,P2155__x0_y0,59,0,0,1024,1.0,197.0,101.0,708.0,110.0,709.0,108.0,732.0,100.0,731.0,1,0.0,0.0,-1,100.0,0.09765625,0.102294921875,0.000187873840332,1.3515901022030905,81,False,1,0,0,0,tres petit,75-90,0.0005035400390625,0.7809282317450811,0.7181473971203312,0.6114258914056562,-0.8896691141515592,-0.1067215057146749,-0.6042691539769695,Q1
val,P2155,6,val:P2155:6,large-vehicle,9,0,557.5,59.0,13.0,59.13543701171875,9.05538558959961,2.960936134163745,632.0,635.0,631.0,644.0,573.0,641.0,573.0,631.0,912,839,GoogleEarth,0.263363371676,0.0007285981640633,6.5304162287288605,P2155__x0_y0,6,0,0,1024,1.0,557.5,632.0,635.0,631.0,644.0,573.0,641.0,573.0,631.0,1,0.6696784496307373,0.2640465497970581,193,380.0,0.37109375,0.377197265625,0.0005316734313964,2.0189503163437466,81,False,0,1,1,1,petit,0-15,0.0005035400390625,0.8318688296308845,0.481241450846945,0.6683981550835211,-2.8982827655189216,0.187156704236576,-0.16918710777903326,Q3
val,P2155,60,val:P2155:60,small-vehicle,10,0,286.0,26.0,11.0,26.0,11.0,0.0,122.0,293.0,122.0,304.0,96.0,304.0,96.0,293.0,912,839,GoogleEarth,0.263363371676,0.0003737741254208,2.363636363636364,P2155__x0_y0,60,0,0,1024,1.0,286.0,122.0,293.0,122.0,304.0,96.0,304.0,96.0,293.0,1,0.0,0.0,-1,96.0,0.09375,0.1064453125,0.0002727508544921,1.213022639845854,81,False,1,0,0,0,tres petit,0-15,0.0005035400390625,0.7617335297373009,0.462788617072135,0.3856589144689135,-0.5834208128316445,-0.0771297026032215,-0.3871784032965278,Q2
val,P2155,61,val:P2155:61,small-vehicle,10,0,232.5,23.0,12.0,22.090721130371094,10.049875259399414,2.602562202499797,203.0,207.0,202.0,217.0,180.0,216.0,181.0,205.0,912,839,GoogleEarth,0.263363371676,0.0003038548397214,2.198108987443417,P2155__x0_y0,61,0,0,1024,1.0,232.5,203.0,207.0,202.0,217.0,180.0,216.0,181.0,205.0,1,0.0,0.0,-1,180.0,0.17578125,0.18701171875,0.0002217292785644,1.162559693707047,81,False,1,0,0,0,tres petit,0-15,0.0005035400390625,0.7847965979666903,0.4582951024293113,0.3567801149369224,-0.5561297448209693,-0.1015149874923888,-0.30274995048671405,Q2
val,P2155,62,val:P2155:62,small-vehicle,10,0,198.0,22.0,9.0,22.0,9.0,0.0,208.0,193.0,208.0,202.0,186.0,202.0,186.0,193.0,912,839,GoogleEarth,0.263363371676,0.0002587667022144,2.4444444444444446,P2155__x0_y0,62,0,0,1024,1.0,198.0,208.0,193.0,208.0,202.0,186.0,202.0,186.0,193.0,1,0.0,0.0,-1,186.0,0.181640625,0.1923828125,0.0001888275146484,1.236762627148927,81,False,1,0,0,0,tres petit,0-15,0.0005035400390625,0.7731378515585453,0.4661244199636593,0.4396044822343729,-0.5951177386883101,-0.0265199377292864,-0.34930495815143164,Q2
val,P2155,63,val:P2155:63,large-vehicle,9,0,616.0,56.0,14.0,56.14267349243164,10.0,2.0454084888872046,873.0,565.0,873.0,575.0,817.0,573.0,817.0,561.0,912,839,GoogleEarth,0.263363371676,0.0008050519624448,5.614267349243164,P2155__x0_y0,63,0,0,1024,1.0,616.0,873.0,565.0,873.0,575.0,817.0,573.0,817.0,561.0,1,0.6763485670089722,0.6888951659202576,47,151.0,0.1474609375,0.1748046875,0.0005874633789062,1.8892290354607129,81,False,0,1,1,1,petit,0-15,0.0005035400390625,0.8192611100620888,0.4699601369895775,0.7321207137147896,-2.670467056389641,0.2621605767252121,-0.15461298447855856,Q3
val,P2155,64,val:P2155:64,large-vehicle,9,0,570.0,60.0,10.0,60.008331298828125,9.0,0.9548412538721892,876.0,526.0,876.0,536.0,816.0,535.0,816.0,526.0,912,839,GoogleEarth,0.263363371676,0.0007449344457687,6.667592366536458,P2155__x0_y0,64,0,0,1024,1.0,570.0,876.0,526.0,876.0,536.0,816.0,535.0,816.0,526.0,1,0.6215773820877075,0.3349989354610443,155,148.0,0.14453125,0.173828125,0.0005435943603515,2.037002663433412,81,False,0,1,1,1,petit,0-15,0.0005035400390625,0.7983939021256046,0.4699156525445682,0.7328342983249487,-2.366388468658612,0.2629186457803805,-0.1852494331103421,Q3
val,P2155,65,val:P2155:65,large-vehicle,9,0,625.0,60.0,11.0,60.0,10.0,0.97102193107915,873.0,536.0,873.0,546.0,814.0,547.0,813.0,536.0,912,839,GoogleEarth,0.263363371676,0.0008168140852727,6.0,P2155__x0_y0,65,0,0,1024,1.0,625.0,873.0,536.0,873.0,546.0,814.0,547.0,813.0,536.0,1,0.7227619290351868,0.4248393177986145,113,151.0,0.1474609375,0.176513671875,0.0005960464477539,1.9459101490553128,81,False,0,1,1,1,petit,0-15,0.0005035400390625,0.8114995702196309,0.4712173672808287,0.7321207137147896,-2.544303163361701,0.2609033464339609,-0.1837681918216584,Q3
val,P2155,66,val:P2155:66,large-vehicle,9,0,565.5,60.0,10.0,60.0,9.0,0.97102193107915,868.0,551.0,868.0,560.0,809.0,561.0,808.0,551.0,912,839,GoogleEarth,0.263363371676,0.0007390533843548,6.666666666666667,P2155__x0_y0,66,0,0,1024,1.0,565.5,868.0,551.0,868.0,560.0,809.0,561.0,808.0,551.0,1,0.0056968783028423,0.4283742010593414,111,156.0,0.15234375,0.181396484375,0.0005393028259277,2.03688192726104,81,False,0,0,0,0,petit,0-15,0.0005035400390625,0.7996199851223967,0.4705508007372304,0.7328683043867826,2.6106095777102,0.2623175036495522,-0.17322243715905464,Q3
val,P2155,67,val:P2155:67,large-vehicle,9,0,619.5,59.0,12.0,59.03388977050781,10.0,0.97102193107915,869.0,577.0,869.0,587.0,810.0,586.0,810.0,575.0,912,839,GoogleEarth,0.263363371676,0.0008096261213223,5.903388977050781,P2155__x0_y0,67,0,0,1024,1.0,619.5,869.0,577.0,869.0,587.0,810.0,586.0,810.0,575.0,1,0.6391978859901428,0.4875480830669403,96,155.0,0.1513671875,0.18017578125,0.0005908012390136,1.9320124471198556,81,False,0,1,1,1,petit,0-15,0.0005035400390625,0.8139269381596685,0.4706479861298082,0.7328683043867826,-2.582640773588908,0.2622203182569744,-0.17322243715905464,Q3
val,P2155,68,val:P2155:68,large-vehicle,9,0,507.5,54.0,11.0,54.00925827026367,9.05538558959961,1.06091169026422,864.0,594.0,865.0,603.0,811.0,602.0,811.0,592.0,912,839,GoogleEarth,0.263363371676,0.0006632530372414,5.964324515600415,P2155__x0_y0,68,0,0,1024,1.0,507.5,864.0,594.0,865.0,603.0,811.0,602.0,811.0,592.0,1,0.752346932888031,0.4488891065120697,108,159.0,0.1552734375,0.181884765625,0.0004839897155761,1.9408006198438512,81,False,1,1,1,1,tres petit,0-15,0.0005035400390625,0.8130384275856201,0.4706479861298082,0.7328683043867826,0.5907800597768007,0.2622203182569744,-0.16788672171861363,Q3
val,P2155,69,val:P2155:69,large-vehicle,9,0,551.5,59.0,10.0,58.00862121582031,9.05538558959961,0.987760399639825,865.0,607.0,866.0,616.0,808.0,617.0,807.0,607.0,912,839,GoogleEarth,0.263363371676,0.0007207567488446,6.405980246986391,P2155__x0_y0,69,0,0,1024,1.0,551.5,865.0,607.0,866.0,616.0,808.0,617.0,807.0,607.0,1,0.636177122592926,0.583764910697937,74,158.0,0.154296875,0.18310546875,0.000525951385498,2.002287815324266,81,False,0,1,1,1,petit,0-15,0.0005035400390625,0.8047642090355358,0.4706479861298082,0.7328683043867826,-2.449126875078809,0.2622203182569744,-0.17322243715905464,Q3
val,P2155,7,val:P2155:7,large-vehicle,9,0,708.0,68.0,12.0,68.02940368652344,10.0,1.6846843178962845,635.0,647.0,636.0,658.0,568.0,656.0,568.0,646.0,912,839,GoogleEarth,0.263363371676,0.000925286995797,6.802940368652344,P2155__x0_y0,7,0,0,1024,1.0,708.0,635.0,647.0,636.0,658.0,568.0,656.0,568.0,646.0,1,0.0134337227791547,0.3495151996612549,150,366.0,0.357421875,0.363525390625,0.0006752014160156,2.054500633000123,81,False,0,0,0,0,petit,0-15,0.0005035400390625,0.8249628757640506,0.4718780249683375,0.6683981550835211,2.89239408844329,0.1965201301151836,-0.14542434331449366,Q3
val,P2155,70,val:P2155:70,large-vehicle,9,0,694.0,70.0,12.0,70.06425476074219,9.0,0.8303154862580016,879.0,514.0,879.0,523.0,810.0,522.0,809.0,511.0,912,839,GoogleEarth,0.263363371676,0.0009069903602868,7.784917195638019,P2155__x0_y0,70,0,0,1024,1.0,694.0,879.0,514.0,879.0,523.0,810.0,522.0,809.0,511.0,1,0.7149340510368347,0.602243185043335,66,145.0,0.1416015625,0.175537109375,0.0006618499755859,2.173036295941596,81,False,0,1,1,1,petit,0-15,0.0005035400390625,0.7785043072082399,0.4704683480429464,0.7321207137147896,-2.129056208760322,0.2616523656718432,-0.18502575845431507,Q3
val,P2155,71,val:P2155:71,small-vehicle,10,0,167.0,19.0,10.0,19.02629852294922,9.0,3.0127875041833363,213.0,109.0,213.0,118.0,194.0,117.0,195.0,108.0,912,839,GoogleEarth,0.263363371676,0.0002182527235848,2.11403316921658,P2155__x0_y0,71,0,0,1024,1.0,167.0,213.0,109.0,213.0,118.0,194.0,117.0,195.0,108.0,1,0.0,0.0,-1,108.0,0.10546875,0.1103515625,0.0001592636108398,1.1359187249981677,81,False,1,0,0,0,tres petit,0-15,0.0005035400390625,0.7760539219423035,0.4681558582740991,0.3703920288417974,-0.5750399804435384,-0.0977638294323017,-0.3588811817746449,Q2
val,P2155,72,val:P2155:72,small-vehicle,10,0,250.0,26.0,10.0,25.0,10.049875259399414,0.0,208.0,182.0,207.0,192.0,182.0,192.0,183.0,182.0,912,839,GoogleEarth,0.263363371676,0.0003267256341091,2.487593065059995,P2155__x0_y0,72,0,0,1024,1.0,250.0,208.0,182.0,207.0,192.0,182.0,192.0,183.0,182.0,1,0.0,0.0,-1,182.0,0.177734375,0.1826171875,0.0002384185791015,1.2492118321132994,81,False,1,0,0,0,tres petit,0-15,0.0005035400390625,0.7694871327659198,0.4677151650387919,0.4428603735809877,-0.6003814698430905,-0.0248547914578041,-0.3602999026892501,Q2
val,P2155,73,val:P2155:73,small-vehicle,10,0,236.0,22.0,12.0,22.022714614868164,11.0,2.726310993906253,214.0,73.0,214.0,84.0,193.0,83.0,192.0,72.0,912,839,GoogleEarth,0.263363371676,0.000308428998599,2.002064964988015,P2155__x0_y0,73,0,0,1024,1.0,236.0,214.0,73.0,214.0,84.0,193.0,83.0,192.0,72.0,1,0.0,0.0,-1,72.0,0.0703125,0.076171875,0.0002250671386718,1.0993003735460756,81,False,1,0,0,0,tres petit,0-15,0.0005035400390625,0.7756874003383217,0.4507391453936418,0.3698075969123522,-0.5576797807602436,-0.0809315484812895,-0.3619423906671242,Q2
val,P2155,74,val:P2155:74,small-vehicle,10,0,214.5,23.0,11.0,23.021728515625,9.0,5.194428907734789,214.0,85.0,213.0,95.0,191.0,93.0,191.0,84.0,912,839,GoogleEarth,0.263363371676,0.0002803305940656,2.5579698350694446,P2155__x0_y0,74,0,0,1024,1.0,214.5,214.0,85.0,213.0,95.0,191.0,93.0,191.0,84.0,1,0.0,0.0,-1,84.0,0.08203125,0.087158203125,0.0002045631408691,1.2691901111496506,81,False,1,0,0,0,tres petit,0-15,0.0005035400390625,0.7517054985174597,0.452940883589674,0.4937628546655535,-0.6160348107879889,0.0408219710758794,-0.4055219566144896,Q2
val,P2155,75,val:P2155:75,small-vehicle,10,0,220.0,22.0,11.0,22.022714614868164,10.0,2.602562202499797,211.0,119.0,211.0,129.0,189.0,128.0,189.0,118.0,912,839,GoogleEarth,0.263363371676,0.000287518558016,2.2022714614868164,P2155__x0_y0,75,0,0,1024,1.0,220.0,211.0,119.0,211.0,129.0,189.0,128.0,189.0,118.0,1,0.0,0.0,-1,118.0,0.115234375,0.12060546875,0.0002098083496093,1.1638603897089348,81,False,1,0,0,0,tres petit,0-15,0.0005035400390625,0.7732988229875121,0.481555378744891,0.3673112665322163,-0.5892367743160127,-0.1142441122126747,-0.34527383587126,Q2
val,P2155,76,val:P2155:76,small-vehicle,10,0,266.0,25.0,13.0,24.08318901062012,11.045360565185549,4.763641690726189,212.0,139.0,211.0,150.0,187.0,148.0,188.0,137.0,912,839,GoogleEarth,0.263363371676,0.000347636074692,2.1803895733860594,P2155__x0_y0,76,0,0,1024,1.0,266.0,212.0,139.0,211.0,150.0,187.0,148.0,188.0,137.0,1,0.0,0.0,-1,137.0,0.1337890625,0.14013671875,0.000253677368164,1.157003696642779,81,False,1,0,0,0,tres petit,0-15,0.0005035400390625,0.7787539720111745,0.4831301424589151,0.3668986090420159,-0.5873669911205439,-0.1162315334168992,-0.3602780061821537,Q2
val,P2155,77,val:P2155:77,small-vehicle,10,0,148.5,19.0,9.0,19.02629852294922,8.0,3.179830119864249,211.0,151.0,210.0,159.0,192.0,158.0,192.0,150.0,912,839,GoogleEarth,0.263363371676,0.0001940750266608,2.3782873153686523,P2155__x0_y0,77,0,0,1024,1.0,148.5,211.0,151.0,210.0,159.0,192.0,158.0,192.0,150.0,1,0.0,0.0,-1,150.0,0.146484375,0.15087890625,0.0001416206359863,1.2173688696439149,81,False,1,0,0,0,tres petit,0-15,0.0005035400390625,0.7704942274736968,0.4730553263232402,0.3804268261635837,-0.586372401928954,-0.0926285001596564,-0.33289405085709695,Q2
val,P2155,78,val:P2155:78,small-vehicle,10,0,195.5,20.0,11.0,20.099750518798828,9.05538558959961,0.0,210.0,161.0,209.0,170.0,190.0,170.0,190.0,159.0,912,839,GoogleEarth,0.263363371676,0.0002554994458733,2.2196460128527287,P2155__x0_y0,78,0,0,1024,1.0,195.5,210.0,161.0,209.0,170.0,190.0,170.0,190.0,159.0,1,0.0,0.0,-1,159.0,0.1552734375,0.1611328125,0.0001864433288574,1.169271419616475,81,False,1,0,0,0,tres petit,0-15,0.0005035400390625,0.7781783308851358,0.469680567669368,0.3620027997192235,-0.5728703662938492,-0.1076777679501445,-0.37027050680298584,Q2
val,P2155,79,val:P2155:79,small-vehicle,10,0,202.0,21.0,12.0,20.2237491607666,9.05538558959961,8.530765609948133,210.0,171.0,209.0,182.0,189.0,179.0,190.0,170.0,912,839,GoogleEarth,0.263363371676,0.0002639943123601,2.233339371433747,P2155__x0_y0,79,0,0,1024,1.0,202.0,210.0,171.0,209.0,182.0,189.0,179.0,190.0,170.0,1,0.0,0.0,-1,170.0,0.166015625,0.17138671875,0.000192642211914,1.17351546429322,81,False,1,0,0,0,tres petit,0-15,0.0005035400390625,0.7833202245415856,0.4645855880945511,0.3557969151572902,-0.5630051019404947,-0.1087886729372609,-0.3432938842030858,Q2
val,P2155,8,val:P2155:8,large-vehicle,9,0,638.0,58.0,12.0,58.00862121582031,11.0,0.98776039963981,737.0,743.0,737.0,732.0,795.0,733.0,795.0,744.0,912,839,GoogleEarth,0.263363371676,0.0008338038182464,5.273511019620028,P2155__x0_y0,8,0,0,1024,1.0,638.0,737.0,743.0,737.0,732.0,795.0,733.0,795.0,744.0,1,0.8058079481124878,0.8371359705924988,18,229.0,0.2236328125,0.251953125,0.0006084442138671,1.836336169150709,81,False,0,1,1,1,petit,0-15,0.0005035400390625,0.8363894316858219,0.4769962079365985,0.7080866312582126,-2.965547773418145,0.231090423321614,-0.15327167005067022,Q3
val,P2155,80,val:P2155:80,large-vehicle,9,0,386.0,36.0,12.0,35.05709457397461,10.049875259399414,0.0,96.0,288.0,97.0,278.0,132.0,278.0,131.0,290.0,912,839,GoogleEarth,0.263363371676,0.0005044643790644,3.4883114137348645,P2155__x0_y0,80,0,0,1024,1.0,386.0,96.0,288.0,97.0,278.0,132.0,278.0,131.0,290.0,1,0.0,0.940729796886444,3,96.0,0.09375,0.111328125,0.0003681182861328,1.501476553900244,81,False,1,0,0,0,tres petit,0-15,0.0005035400390625,0.8565401446111964,0.6003731167515232,0.7052069969663695,-0.7184865460408073,0.1048338802148463,-0.33299698618648715,Q2
val,P2155,9,val:P2155:9,large-vehicle,9,0,572.5,55.0,11.0,55.0,10.0,1.06091169026422,737.0,687.0,737.0,677.0,791.0,676.0,792.0,687.0,912,839,GoogleEarth,0.263363371676,0.0007482017021098,5.5,P2155__x0_y0,9,0,0,1024,1.0,572.5,737.0,687.0,737.0,677.0,791.0,676.0,792.0,687.0,1,0.727873682975769,0.4077299237251282,116,232.0,0.2265625,0.253662109375,0.0005459785461425,1.8718021769015916,81,False,0,1,1,1,petit,0-15,0.0005035400390625,0.8323033439724732,0.4693656287567787,0.6958150761895856,-2.937801908635495,0.2264494474328069,-0.14981797901754454,Q3
val,P2197,0,val:P2197:0,small-vehicle,10,0,198.0,23.0,10.0,23.0,8.062257766723633,5.440332031005511,241.0,1395.0,240.0,1405.0,219.0,1403.0,218.0,1395.0,2249,1689,GoogleEarth,0.276465441384,5.212500207315349e-05,2.8527988890321496,P2197__x0_y665,0,0,665,1024,1.0,198.0,241.0,730.0,240.0,740.0,219.0,738.0,218.0,730.0,1,0.0,0.0,-1,218.0,0.212890625,0.22412109375,0.0001888275146484,1.3487998683389022,39,False,1,0,0,0,tres petit,0-15,0.0005035400390625,0.4390810600595771,0.4312217732716528,0.183086516056913,-0.6651118310438882,-0.2481352572147398,-0.4207129289873761,Q1
val,P2197,1,val:P2197:1,tennis-court,4,0,2265.5,37.0,68.0,67.06713104248047,34.01470184326172,87.3974377975002,1889.0,1337.0,1923.0,1339.0,1920.0,1405.0,1886.0,1404.0,2249,1689,GoogleEarth,0.276465441384,0.0005964100615996,1.9717100961673253,P2197__x1225_y665,0,1225,665,1024,1.0,2265.5,664.0,672.0,698.0,674.0,695.0,740.0,661.0,739.0,2,0.0,0.0,-1,284.0,0.27734375,0.310302734375,0.0021605491638183,1.0891375770665042,11,False,0,0,0,0,moyen,75-90,0.0005035400390625,0.05,0.6923996875176104,0.1359868986635445,0.1724289874802609,-0.5564127888540659,-0.5631318486224763,Q1
val,P2197,11,val:P2197:11,tennis-court,4,0,2228.5,35.0,68.0,68.02940368652344,33.0,88.29018595585848,2052.0,1345.0,2085.0,1346.0,2083.0,1413.0,2050.0,1413.0,2249,1689,GoogleEarth,0.276465441384,0.0005866695309092,2.0614970814098013,P2197__x1225_y665,1,1225,665,1024,1.0,2228.5,827.0,680.0,860.0,681.0,858.0,748.0,825.0,748.0,1,0.0,0.6775454878807068,0,164.0,0.16015625,0.17724609375,0.0021252632141113,1.118904038615085,11,False,0,0,0,0,moyen,75-90,0.0005035400390625,0.05,0.6894079955183104,0.1366465571041439,0.1729311884472129,-0.5527614384141666,-0.5372912853894266,Q1
val,P2197,12,val:P2197:12,tennis-court,4,0,2353.0,38.0,70.0,68.11754608154297,34.058773040771484,87.47388308838045,1987.0,1341.0,2021.0,1343.0,2018.0,1411.0,1983.0,1409.0,2249,1689,GoogleEarth,0.276465441384,0.0006194451003945,2.0,P2197__x1225_y665,2,1225,665,1024,1.0,2353.0,762.0,676.0,796.0,678.0,793.0,746.0,758.0,744.0,2,0.0,0.0,-1,228.0,0.22265625,0.240966796875,0.0022439956665039,1.0986122886681098,11,False,0,0,0,0,moyen,75-90,0.0005035400390625,0.05,0.6988877800992231,0.1336213326911129,0.1704049000647562,-0.5652664474081103,-0.5559510283923431,Q1
val,P2197,13,val:P2197:13,tennis-court,4,0,2295.5,37.0,67.0,67.00746154785156,33.0,89.14490260373327,1823.0,1335.0,1856.0,1335.0,1855.0,1402.0,1819.0,1401.0,2249,1689,GoogleEarth,0.276465441384,0.0006043077891864,2.030529137813684,P2197__x1225_y665,3,1225,665,1024,1.0,2295.5,598.0,670.0,631.0,670.0,630.0,737.0,594.0,736.0,2,0.0,0.0,-1,287.0,0.2802734375,0.313232421875,0.0021891593933105,1.1087372372165305,11,False,0,0,0,0,moyen,75-90,0.0005035400390625,0.05,0.6920561349182818,0.1375595278701643,0.1739835349711266,-0.5544966070481174,-0.57023805829596,Q1
val,P2197,14,val:P2197:14,small-vehicle,10,0,193.0,20.0,13.0,20.099750518798828,9.0,5.710593137499642,267.0,1030.0,267.0,1021.0,287.0,1023.0,285.0,1034.0,2249,1689,GoogleEarth,0.276465441384,5.080871414201325e-05,2.2333056131998696,P2197__x0_y665,9,0,665,1024,1.0,193.0,267.0,365.0,267.0,356.0,287.0,358.0,285.0,369.0,1,0.0,0.0,-1,267.0,0.2607421875,0.27001953125,0.0001840591430664,1.1735050235673232,39,False,1,0,0,0,tres petit,0-15,0.0005035400390625,0.5108630100188342,0.4315474309018698,0.0679353656424717,-0.4965936362679687,-0.3636120652593981,-0.3910864617658368,Q2
val,P2197,15,val:P2197:15,tennis-court,4,0,3532.5,45.0,89.0,88.14192962646484,40.112342834472656,87.33699923393286,2072.0,1460.0,2112.0,1463.0,2108.0,1549.0,2067.0,1548.0,2249,1689,GoogleEarth,0.276465441384,0.0009299574233505,2.197376752342559,P2197__x1225_y665,4,1225,665,1024,1.0,3532.5,847.0,795.0,887.0,798.0,883.0,884.0,842.0,883.0,1,0.0,0.0,-1,137.0,0.1337890625,0.155517578125,0.003368854522705,1.1623307087217465,11,False,0,0,0,0,grand,75-90,0.0005035400390625,0.05,0.6897981057001183,0.1342837339411826,0.1705888973990836,-0.5555143717589357,-0.5583512157689072,Q1
val,P2197,16,val:P2197:16,tennis-court,4,0,3488.0,44.0,89.0,88.14192962646484,39.11521530151367,88.00212014352333,2019.0,1457.0,2058.0,1460.0,2055.0,1546.0,2014.0,1545.0,2249,1689,GoogleEarth,0.276465441384,0.0009182424607634,2.2533924189611696,P2197__x1225_y665,5,1225,665,1024,1.0,3488.0,794.0,792.0,833.0,795.0,830.0,881.0,789.0,880.0,2,0.9111596941947936,0.2740757763385772,4,143.0,0.1396484375,0.1826171875,0.003326416015625,1.1796982731579055,11,False,0,1,1,1,grand,75-90,0.0005035400390625,0.05,0.6797279773168378,0.1393304153144567,-0.8775260069320254,-0.540397562002381,-0.5295069240878093,Q1
val,P2197,17,val:P2197:17,tennis-court,4,0,3572.5,45.0,87.0,87.05171203613281,41.0,87.3057157101439,1964.0,1456.0,2006.0,1458.0,2002.0,1543.0,1961.0,1543.0,2249,1689,GoogleEarth,0.276465441384,0.0009404877267997,2.1232124886861663,P2197__x1225_y665,6,1225,665,1024,1.0,3572.5,739.0,791.0,781.0,793.0,777.0,878.0,736.0,878.0,2,0.8821291923522949,0.3295548856258392,3,146.0,0.142578125,0.1845703125,0.0034070014953613,1.138862115911456,11,False,0,1,1,1,grand,75-90,0.0005035400390625,0.05,0.6978043771860876,0.1345069666749814,-0.8813980661046983,-0.5632974105111062,-0.572601690566067,Q1
val,P2197,18,val:P2197:18,tennis-court,4,0,3595.0,46.0,89.0,88.14192962646484,41.01219177246094,86.74805439963612,1894.0,1453.0,1935.0,1454.0,1930.0,1542.0,1889.0,1540.0,2249,1689,GoogleEarth,0.276465441384,0.0009464110224898,2.1491640855354337,P2197__x1225_y665,7,1225,665,1024,1.0,3595.0,669.0,788.0,710.0,789.0,705.0,877.0,664.0,875.0,2,0.823793888092041,0.643572986125946,1,147.0,0.1435546875,0.187255859375,0.0034284591674804,1.1471370479494891,11,False,0,1,1,1,grand,75-90,0.0005035400390625,0.05,0.6992901909177035,0.1339534382893383,-0.8818733937676246,-0.5653367526283651,-0.5838115264228366,Q1
val,P2197,19,val:P2197:19,tennis-court,4,0,3534.0,45.0,88.0,87.09190368652344,41.01219177246094,87.3057157101439,1840.0,1449.0,1881.0,1452.0,1877.0,1537.0,1836.0,1536.0,2249,1689,GoogleEarth,0.276465441384,0.0009303523097299,2.123561310005488,P2197__x1024_y665,6,1024,665,1024,1.0,3534.0,816.0,784.0,857.0,787.0,853.0,872.0,812.0,871.0,2,0.0,0.3491919636726379,4,152.0,0.1484375,0.18505859375,0.0033702850341796,1.138973796382344,9,False,0,0,0,0,grand,75-90,0.0005035400390625,0.05,0.7006339027411809,0.1342077243857258,0.1710831929510511,-0.5664261783554551,-0.5608985302733167,Q1
val,P2197,2,val:P2197:2,tennis-court,4,0,3529.0,44.0,87.0,87.05171203613281,41.0,87.97863505964398,629.0,1454.0,670.0,1456.0,667.0,1541.0,626.0,1541.0,2249,1689,GoogleEarth,0.276465441384,0.0009290360217987,2.1232124886861663,P2197__x0_y665,1,0,665,1024,1.0,3529.0,629.0,789.0,670.0,791.0,667.0,876.0,626.0,876.0,1,0.8728621006011963,0.6841827630996704,4,148.0,0.14453125,0.1865234375,0.0033655166625976,1.138862115911456,39,False,0,1,1,1,grand,75-90,0.0005035400390625,0.05,0.7948110584455245,0.1627496806865497,-0.8480497372900017,-0.6320613777589748,-0.31743005788877243,Q2
val,P2197,20,val:P2197:20,tennis-court,4,0,3640.0,45.0,90.0,88.0511245727539,41.04875183105469,87.3675651310135,1786.0,1446.0,1828.0,1449.0,1824.0,1536.0,1783.0,1534.0,2249,1689,GoogleEarth,0.276465441384,0.00095825761387,2.145037806146896,P2197__x1024_y665,7,1024,665,1024,1.0,3640.0,762.0,781.0,804.0,784.0,800.0,871.0,759.0,869.0,2,0.9281532168388368,0.7563257813453674,0,153.0,0.1494140625,0.193115234375,0.0034713745117187,1.145825911112551,9,False,0,1,1,1,grand,75-90,0.0005035400390625,0.05,0.7023597860939716,0.1330214705204592,-0.8826438038956474,-0.5693383155735123,-0.5605323898809205,Q1
val,P2197,21,val:P2197:21,ground-track-field,6,0,195106.5,328.0,663.0,656.780029296875,296.13677978515625,87.20729763428672,1404.0,928.0,1703.0,935.0,1671.0,1591.0,1375.0,1582.0,2249,1689,GoogleEarth,0.276465441384,0.0513632662474026,2.2178266062505347,P2197__x1024_y665,8,1024,665,1024,1.0,195106.5,380.0,263.0,679.0,270.0,647.0,926.0,351.0,917.0,2,0.0,0.0,-1,98.0,0.095703125,0.419921875,0.186068058013916,1.1687061646605974,9,False,0,0,0,0,grand,75-90,0.0005035400390625,0.05,0.5745543042798668,0.1502770189236933,0.1805167191489494,-0.4242772853561734,-0.5835963762582543,Q1
val,P2197,23,val:P2197:23,baseball-diamond,3,0,26430.0,176.0,170.0,169.499267578125,155.01290893554688,87.61405596961119,1740.0,371.0,1585.0,369.0,1592.0,201.0,1761.0,214.0,2249,1689,GoogleEarth,0.276465441384,0.0069578980040073,1.0934525952841865,P2197__x1024_y0,0,1024,0,1024,1.0,26430.0,716.0,371.0,561.0,369.0,568.0,201.0,737.0,214.0,2,0.7851775884628296,0.4348882734775543,2,201.0,0.1962890625,0.281982421875,0.0252056121826171,0.7388146624586553,2,False,0,1,1,1,grand,75-90,0.0005035400390625,0.05,0.4814933820835292,0.2108861505760576,-0.8164036714195461,-0.2706072315074715,-0.48697888102356957,Q1
val,P2197,24,val:P2197:24,baseball-diamond,3,0,13360.0,119.0,121.0,117.0384521484375,114.07015228271484,87.51044707800084,1772.0,494.0,1767.0,609.0,1653.0,605.0,1656.0,488.0,2249,1689,GoogleEarth,0.276465441384,0.0035171213520067,1.0260217051202485,P2197__x1225_y0,1,1225,0,1024,1.0,13360.0,547.0,494.0,542.0,609.0,428.0,605.0,431.0,488.0,2,0.6999945640563965,0.4066483974456787,4,415.0,0.4052734375,0.4638671875,0.0127410888671875,0.706074119056493,2,False,0,1,1,1,grand,75-90,0.0005035400390625,0.05,0.4783132623998545,0.2216466981809442,-0.8058104985348529,-0.2566665642189102,-0.5184111314638903,Q1
val,P2197,25,val:P2197:25,baseball-diamond,3,0,10209.5,105.0,103.0,102.07839965820312,99.04544067382812,2.2679545359058344,257.0,636.0,358.0,640.0,355.0,739.0,253.0,738.0,2249,1689,GoogleEarth,0.276465441384,0.0026877283265952,1.030621893988669,P2197__x0_y665,10,0,665,1024,0.7322081876867134,7609.625897087157,356.5167541503906,74.01495361328125,252.99996948242188,73.00006103515625,253.72561645507807,0.0,357.2424011230469,6.103515625e-05,1,0.8735857009887695,0.7537479996681213,3,0.0,0.0,0.0358923524618148,0.0072571047755118,0.7083420978561461,39,False,0,1,1,1,grand,0-15,0.0005035400390625,0.05,0.3411356215727836,0.1190076733810081,-0.9156693991677928,-0.2221279481917754,-0.41201315448623493,Q2
val,P2197,26,val:P2197:26,tennis-court,4,0,3530.5,89.0,44.0,87.09190368652344,40.04996871948242,2.632434868986484,767.0,1581.0,854.0,1585.0,852.0,1625.0,765.0,1622.0,2249,1689,GoogleEarth,0.276465441384,0.0009294309081781,2.1745810663806417,P2197__x0_y665,11,0,665,1024,1.0,3530.5,767.0,916.0,854.0,920.0,852.0,960.0,765.0,957.0,1,0.0,0.5367940664291382,7,64.0,0.0625,0.083740234375,0.0033669471740722,1.1551756760421568,39,False,0,0,0,0,grand,0-15,0.0005035400390625,0.05,0.4869951957284497,0.0949461026443277,0.1205774287352988,-0.3920490930841219,-0.4499676952360947,Q1
val,P2197,27,val:P2197:27,small-vehicle,10,0,202.0,22.0,12.0,22.20360374450684,9.219544410705566,7.765166018425333,259.0,1021.0,259.0,1031.0,237.0,1028.0,239.0,1019.0,2249,1689,GoogleEarth,0.276465441384,5.317803241806568e-05,2.408318974929436,P2197__x0_y665,12,0,665,1024,1.0,202.0,259.0,356.0,259.0,366.0,237.0,363.0,239.0,354.0,1,0.0,0.0,-1,237.0,0.2314453125,0.24267578125,0.000192642211914,1.2262192005172423,39,False,1,0,0,0,tres petit,0-15,0.0005035400390625,0.4919735289738355,0.4309248694426605,0.1560590316725012,-0.5920760584054262,-0.2748658377701592,-0.4026131717551955,Q2
val,P2197,28,val:P2197:28,small-vehicle,10,0,250.5,22.0,15.0,21.3775577545166,11.180339813232422,10.7842978675626,165.0,1497.0,166.0,1484.0,187.0,1488.0,185.0,1499.0,2249,1689,GoogleEarth,0.276465441384,6.5946025350126e-05,1.912066905982171,P2197__x0_y665,13,0,665,1024,1.0,250.5,165.0,832.0,166.0,819.0,187.0,823.0,185.0,834.0,1,0.0,0.0,-1,165.0,0.1611328125,0.171630859375,0.0002388954162597,1.0688631060259124,39,False,1,0,0,0,tres petit,0-15,0.0005035400390625,0.5524746267971061,0.4211928780861326,0.0664649070503904,-0.4750319702179515,-0.3547279710357421,-0.37818868790753846,Q2
val,P2197,29,val:P2197:29,small-vehicle,10,0,229.5,24.0,13.0,23.0867919921875,9.05538558959961,4.969740728110304,263.0,1078.0,264.0,1069.0,287.0,1071.0,285.0,1082.0,2249,1689,GoogleEarth,0.276465441384,6.0417616039337e-05,2.549509544762334,P2197__x0_y665,14,0,665,1024,1.0,229.5,263.0,413.0,264.0,404.0,287.0,406.0,285.0,417.0,1,0.0,0.0,-1,263.0,0.2568359375,0.268310546875,0.0002188682556152,1.266809437537873,39,False,1,0,0,0,tres petit,0-15,0.0005035400390625,0.4732691987423005,0.4376021148307176,0.1746882689991863,-0.6320235818198768,-0.2629138458315313,-0.41754498657941946,Q2
val,P2197,3,val:P2197:3,tennis-court,4,0,3400.5,43.0,87.0,86.09297180175781,39.0128173828125,87.33699923393286,828.0,1461.0,868.0,1462.0,864.0,1548.0,825.0,1547.0,2249,1689,GoogleEarth,0.276465441384,0.0008952074219684,2.206786835130932,P2197__x0_y665,2,0,665,1024,1.0,3400.5,828.0,796.0,868.0,797.0,864.0,883.0,825.0,882.0,1,0.827019214630127,0.3673830032348633,10,141.0,0.1376953125,0.173583984375,0.0032429695129394,1.1652694498804068,39,False,0,1,1,1,grand,75-90,0.0005035400390625,0.05,0.7922669989691529,0.1616621760400373,-0.8492711398036914,-0.6306048229291155,-0.30627983394547975,Q2
val,P2197,30,val:P2197:30,small-vehicle,10,0,248.0,23.0,12.0,23.0867919921875,10.049875259399414,0.0,165.0,1507.0,166.0,1497.0,188.0,1497.0,188.0,1509.0,2249,1689,GoogleEarth,0.276465441384,6.528788138455589e-05,2.29722174616993,P2197__x0_y665,15,0,665,1024,1.0,248.0,165.0,842.0,166.0,832.0,188.0,832.0,188.0,844.0,1,0.0,0.0,-1,165.0,0.1611328125,0.172607421875,0.0002365112304687,1.1930802187796996,39,False,1,0,0,0,tres petit,0-15,0.0005035400390625,0.4850563445686399,0.4224310723602511,0.0948358810349644,-0.5231103765133125,-0.3275951913252867,-1.0,Q1
val,P2197,31,val:P2197:31,small-vehicle,10,0,252.0,25.0,11.0,25.01999282836914,10.049875259399414,2.2906100426385296,164.0,1518.0,163.0,1507.0,188.0,1508.0,187.0,1518.0,2249,1689,GoogleEarth,0.276465441384,6.634091172946808e-05,2.4895824259080754,P2197__x0_y665,16,0,665,1024,1.0,252.0,164.0,853.0,163.0,842.0,188.0,843.0,187.0,853.0,1,0.0,0.0,-1,163.0,0.1591796875,0.17138671875,0.0002403259277343,1.2497820803189137,39,False,1,0,0,0,tres petit,0-15,0.0005035400390625,0.4671992919084287,0.4335010263167558,0.1685060211996629,-0.625667686172205,-0.2649950051170929,-0.46725218407234487,Q1
val,P2197,32,val:P2197:32,small-vehicle,10,0,181.0,21.0,10.0,20.099750518798828,8.062257766723633,0.0,166.0,1528.0,165.0,1518.0,185.0,1518.0,186.0,1526.0,2249,1689,GoogleEarth,0.276465441384,4.764962310727668e-05,2.493067215210986,P2197__x0_y665,17,0,665,1024,1.0,181.0,166.0,863.0,165.0,853.0,185.0,853.0,186.0,861.0,1,0.0,0.0,-1,161.0,0.1572265625,0.16259765625,0.0001726150512695,1.2507802084712132,39,False,1,0,0,0,tres petit,0-15,0.0005035400390625,0.4619700200094896,0.4334624182654253,0.1884404381735807,-0.6529281861476182,-0.2450219800918446,-1.0,Q1
val,P2197,33,val:P2197:33,small-vehicle,10,0,256.0,24.0,14.0,24.08318901062012,10.0,4.763641690726178,164.0,1537.0,164.0,1527.0,188.0,1529.0,186.0,1541.0,2249,1689,GoogleEarth,0.276465441384,6.739394207438027e-05,2.408318901062012,P2197__x0_y665,18,0,665,1024,1.0,256.0,164.0,872.0,164.0,862.0,188.0,864.0,186.0,876.0,1,0.0,0.0,-1,148.0,0.14453125,0.15185546875,0.000244140625,1.2262191788445571,39,False,1,0,0,0,tres petit,0-15,0.0005035400390625,0.4792054346113285,0.4244605293877738,0.1575653156624001,-0.5957005741866912,-0.2668952137253736,-0.40047712042224987,Q2
val,P2197,34,val:P2197:34,small-vehicle,10,0,221.5,28.0,11.0,28.07133674621582,7.0,4.085616779974877,205.0,1654.0,205.0,1647.0,233.0,1649.0,232.0,1658.0,2249,1689,GoogleEarth,0.276465441384,5.831155534951262e-05,4.010190963745117,P2197__x0_y665,19,0,665,1024,1.0,221.5,205.0,989.0,205.0,982.0,233.0,984.0,232.0,993.0,1,0.0,0.0,-1,31.0,0.0302734375,0.0361328125,0.0002112388610839,1.6114740308863489,39,False,1,0,0,0,tres petit,0-15,0.0005035400390625,0.3268746837024369,0.3785362978682263,0.2498473321565351,-0.8930410082944018,-0.1286889657116912,-0.30009193640383097,Q2
val,P2197,35,val:P2197:35,small-vehicle,10,0,252.0,24.0,13.0,24.1867733001709,10.0,7.125016348901798,207.0,1647.0,207.0,1636.0,231.0,1639.0,231.0,1649.0,2249,1689,GoogleEarth,0.276465441384,6.634091172946808e-05,2.41867733001709,P2197__x0_y665,20,0,665,1024,1.0,252.0,207.0,982.0,207.0,971.0,231.0,974.0,231.0,984.0,1,0.0,0.0,-1,40.0,0.0390625,0.045166015625,0.0002403259277343,1.229253730660105,39,False,1,0,0,0,tres petit,0-15,0.0005035400390625,0.4737218129176254,0.3914124248878179,0.1495141120405115,-0.5575141615659092,-0.2418983128473064,-0.35407589043086946,Q2
val,P2197,36,val:P2197:36,small-vehicle,10,0,249.5,22.0,16.0,22.360679626464844,11.0,10.304846468766032,210.0,1634.0,210.0,1623.0,232.0,1627.0,231.0,1639.0,2249,1689,GoogleEarth,0.276465441384,6.568276776389796e-05,2.0327890569513496,P2197__x0_y665,21,0,665,1024,1.0,249.5,210.0,969.0,210.0,958.0,232.0,962.0,231.0,974.0,1,0.0,0.0,-1,50.0,0.048828125,0.056884765625,0.0002379417419433,1.1094826769806077,39,False,1,0,0,0,tres petit,0-15,0.0005035400390625,0.5267807883982005,0.4135146656454073,0.0630097550106305,-0.4701177674404062,-0.3505049106347767,-0.3527093908369515,Q2
val,P2197,37,val:P2197:37,small-vehicle,10,0,275.0,25.0,12.0,25.01999282836914,11.0,2.2906100426385194,188.0,1045.0,188.0,1034.0,213.0,1033.0,213.0,1044.0,2249,1689,GoogleEarth,0.276465441384,7.239583621271318e-05,2.2745448025790127,P2197__x0_y665,22,0,665,1024,1.0,275.0,188.0,380.0,188.0,369.0,213.0,368.0,213.0,379.0,1,0.0,0.0,-1,188.0,0.18359375,0.19580078125,0.0002622604370117,1.1861788678480631,39,False,1,0,0,0,tres petit,0-15,0.0005035400390625,0.4937565881193526,0.4260732250310796,0.0751395486337216,-0.5031130101859305,-0.3509336763973579,-0.4378954697147485,Q1
val,P2197,38,val:P2197:38,small-vehicle,10,0,213.5,23.0,10.0,23.0,9.05538558959961,0.0,331.0,1062.0,332.0,1071.0,309.0,1071.0,309.0,1061.0,2249,1689,GoogleEarth,0.276465441384,5.620549465968823e-05,2.5399249730918374,P2197__x0_y665,23,0,665,1024,1.0,213.5,331.0,397.0,332.0,406.0,309.0,406.0,309.0,396.0,1,0.0,0.0,-1,309.0,0.3017578125,0.312744140625,0.0002036094665527,1.2641055328792323,39,False,1,0,0,0,tres petit,0-15,0.0005035400390625,0.4688912167983893,0.4409614187061356,0.2028603330656078,-0.6707394584613016,-0.2381010856405278,-1.0,Q1
val,P2197,39,val:P2197:39,small-vehicle,10,0,205.5,26.0,11.0,26.305892944335938,7.071067810058594,8.746162262555202,332.0,1044.0,332.0,1053.0,306.0,1049.0,307.0,1042.0,2249,1689,GoogleEarth,0.276465441384,5.4099433969863854e-05,3.720215058172092,P2197__x0_y665,24,0,665,1024,1.0,205.5,332.0,379.0,332.0,388.0,306.0,384.0,307.0,377.0,1,0.0,0.0,-1,306.0,0.298828125,0.311767578125,0.0001959800720214,1.5518543617315477,39,False,1,0,0,0,tres petit,0-15,0.0005035400390625,0.3758575637523145,0.4362865058596685,0.2529748005847057,-0.8563719945483029,-0.1833117052749628,-0.35262522260307494,Q2
val,P2197,4,val:P2197:4,tennis-court,4,0,3421.5,43.0,86.0,86.05230712890625,40.0,87.97863505964398,696.0,1457.0,736.0,1458.0,733.0,1543.0,693.0,1543.0,2249,1689,GoogleEarth,0.276465441384,0.0009007358312792,2.1513076782226563,P2197__x0_y665,3,0,665,1024,1.0,3421.5,696.0,792.0,736.0,793.0,733.0,878.0,693.0,878.0,1,0.9101428985595704,0.3770942091941833,9,146.0,0.142578125,0.184326171875,0.0032629966735839,1.1478175026361568,39,False,0,1,1,1,grand,75-90,0.0005035400390625,0.05,0.7956689824320858,0.1633991199064655,-0.8473551441760562,-0.6322698625256202,-0.31855131101000395,Q2
val,P2197,40,val:P2197:40,small-vehicle,10,0,227.0,22.0,12.0,22.090721130371094,10.440306663513184,5.194428907734789,258.0,1069.0,258.0,1081.0,236.0,1079.0,239.0,1069.0,2249,1689,GoogleEarth,0.276465441384,5.975947207376688e-05,2.115907304483097,P2197__x0_y665,25,0,665,1024,1.0,227.0,258.0,404.0,258.0,416.0,236.0,414.0,239.0,404.0,1,0.0,0.0,-1,236.0,0.23046875,0.241943359375,0.0002164840698242,1.136520379325673,39,False,1,0,0,0,tres petit,0-15,0.0005035400390625,0.521972163644735,0.4295315496248635,0.0670919747175545,-0.4909751164371035,-0.362439574907309,-0.39443051642462845,Q2
val,P2197,41,val:P2197:41,small-vehicle,10,0,158.0,19.0,10.0,19.02629852294922,8.0,6.34019174590991,313.0,1039.0,314.0,1030.0,332.0,1032.0,332.0,1040.0,2249,1689,GoogleEarth,0.276465441384,4.159469862403157e-05,2.3782873153686523,P2197__x0_y665,26,0,665,1024,1.0,158.0,313.0,374.0,314.0,365.0,332.0,367.0,332.0,375.0,1,0.0,0.0,-1,313.0,0.3056640625,0.315185546875,0.0001506805419921,1.2173688696439149,39,False,1,0,0,0,tres petit,0-15,0.0005035400390625,0.4986637516048056,0.4390612803757786,0.0863654745789371,-0.5258896148535349,-0.3526958057968414,-0.3924275638206202,Q2
val,P2197,42,val:P2197:42,small-vehicle,10,0,297.0,12.0,27.0,27.01851272583008,11.0,87.87890360333854,260.0,968.0,249.0,968.0,248.0,941.0,259.0,941.0,2249,1689,GoogleEarth,0.276465441384,7.818750310973024e-05,2.456228429620916,P2197__x0_y665,27,0,665,1024,1.0,297.0,260.0,303.0,249.0,303.0,248.0,276.0,259.0,276.0,1,0.0,0.0,-1,248.0,0.2421875,0.248046875,0.0002832412719726,1.2401779452913595,39,False,1,0,0,0,tres petit,75-90,0.0005035400390625,0.6294753953782033,0.7385359265054826,0.2948995710069408,-0.9121210225279152,-0.4436363554985418,-0.2001181704808559,Q3
val,P2197,43,val:P2197:43,small-vehicle,10,0,226.5,21.0,13.0,21.21320343017578,10.049875259399414,2.8624052261117474,264.0,1043.0,265.0,1033.0,285.0,1034.0,285.0,1046.0,2249,1689,GoogleEarth,0.276465441384,5.962784328065286e-05,2.1107927096244867,P2197__x0_y665,28,0,665,1024,1.0,226.5,264.0,378.0,265.0,368.0,285.0,369.0,285.0,381.0,1,0.0,0.0,-1,264.0,0.2578125,0.268310546875,0.000216007232666,1.1348775842665615,39,False,1,0,0,0,tres petit,0-15,0.0005035400390625,0.5205035942267782,0.4329636487189135,0.0692549511246909,-0.4967624399561192,-0.3637086975942226,-0.45567877096597337,Q1
val,P2197,44,val:P2197:44,small-vehicle,10,0,206.5,20.0,14.0,20.39607810974121,10.049875259399414,8.972626614896393,264.0,1051.0,265.0,1041.0,284.0,1044.0,284.0,1055.0,2249,1689,GoogleEarth,0.276465441384,5.43626915560919e-05,2.029485698408568,P2197__x0_y665,29,0,665,1024,1.0,206.5,264.0,386.0,265.0,376.0,284.0,379.0,284.0,390.0,1,0.0,0.0,-1,264.0,0.2578125,0.267822265625,0.0001969337463378,1.1083928686155855,39,False,1,0,0,0,tres petit,0-15,0.0005035400390625,0.5417327312662895,0.4351688947330781,0.0654228379871659,-0.4905119514597895,-0.3697460567459122,-0.39148166692432707,Q2
val,P2197,45,val:P2197:45,small-vehicle,10,0,187.5,22.0,11.0,21.21320343017578,8.246211051940918,2.862405226111747,257.0,1043.0,255.0,1051.0,235.0,1050.0,236.0,1040.0,2249,1689,GoogleEarth,0.276465441384,4.936079741775899e-05,2.572478838651942,P2197__x0_y665,30,0,665,1024,1.0,187.5,257.0,378.0,255.0,386.0,235.0,385.0,236.0,375.0,1,0.0,0.0,-1,235.0,0.2294921875,0.239990234375,0.0001788139343261,1.2732597074039058,39,False,1,0,0,0,tres petit,0-15,0.0005035400390625,0.4646920265214824,0.436953600452916,0.1801632253926129,-0.6444949516618215,-0.2567903750603031,-0.47686326653098593,Q1
val,P2197,46,val:P2197:46,small-vehicle,10,0,189.0,21.0,11.0,21.21320343017578,8.0,8.13010235415598,190.0,1022.0,190.0,1012.0,211.0,1015.0,211.0,1023.0,2249,1689,GoogleEarth,0.276465441384,4.975568379710106e-05,2.6516504287719727,P2197__x0_y665,31,0,665,1024,1.0,189.0,190.0,357.0,190.0,347.0,211.0,350.0,211.0,358.0,1,0.0,0.0,-1,190.0,0.185546875,0.19580078125,0.0001802444458007,1.2951792376616214,39,False,1,0,0,0,tres petit,0-15,0.0005035400390625,0.4622164467676581,0.428016669895967,0.1793667266501172,-0.636707806405962,-0.2486499432458498,-0.40841864137525113,Q2
val,P2197,47,val:P2197:47,small-vehicle,10,0,191.0,22.0,11.0,22.090721130371094,9.0,5.194428907734806,191.0,1012.0,191.0,1003.0,213.0,1005.0,211.0,1014.0,2249,1689,GoogleEarth,0.276465441384,5.028219896955716e-05,2.4545245700412326,P2197__x0_y665,32,0,665,1024,1.0,191.0,191.0,347.0,191.0,338.0,213.0,340.0,211.0,349.0,1,0.0,0.0,-1,191.0,0.1865234375,0.19677734375,0.0001821517944335,1.239684841395361,39,False,1,0,0,0,tres petit,0-15,0.0005035400390625,0.4783986692575706,0.4313421176448976,0.1646075642681486,-0.6108148672363256,-0.266734553376749,-0.3934036175772244,Q2
val,P2197,48,val:P2197:48,small-vehicle,10,0,199.5,21.0,11.0,21.09502220153809,9.0,5.440332031005506,190.0,1002.0,190.0,992.0,211.0,994.0,211.0,1003.0,2249,1689,GoogleEarth,0.276465441384,5.251988845249557e-05,2.343891355726454,P2197__x0_y665,33,0,665,1024,1.0,199.5,190.0,337.0,190.0,327.0,211.0,329.0,211.0,338.0,1,0.0,0.0,-1,190.0,0.185546875,0.19580078125,0.000190258026123,1.207135205378414,39,False,1,0,0,0,tres petit,0-15,0.0005035400390625,0.4913606364644425,0.4262764893797015,0.0829027439100037,-0.5120945133898261,-0.3433737454696977,-0.3726779338980798,Q2
val,P2197,49,val:P2197:49,large-vehicle,9,0,480.0,12.0,41.0,40.0,12.04159450531006,90.0,354.0,1227.0,366.0,1228.0,366.0,1268.0,354.0,1267.0,2249,1689,GoogleEarth,0.276465441384,0.0001263636413894,3.321819214420561,P2197__x0_y665,34,0,665,1024,1.0,480.0,354.0,562.0,366.0,563.0,366.0,603.0,354.0,602.0,1,0.0,0.0,-1,354.0,0.345703125,0.3515625,0.000457763671875,1.4636764280614185,39,False,1,0,0,0,tres petit,75-90,0.0005035400390625,0.819167487491396,0.7517078979322634,0.3931068953856379,-0.8384868639709864,-0.3586010025466255,-0.26081401720130293,Q2
val,P2197,5,val:P2197:5,tennis-court,4,0,3504.0,42.0,87.0,87.00574493408203,40.0,89.34145682243638,761.0,1459.0,801.0,1459.0,800.0,1546.0,759.0,1545.0,2249,1689,GoogleEarth,0.276465441384,0.000922454582143,2.1751436233520507,P2197__x0_y665,4,0,665,1024,1.0,3504.0,761.0,794.0,801.0,794.0,800.0,881.0,759.0,880.0,1,0.9279876351356506,0.5585076212882996,6,143.0,0.1396484375,0.182373046875,0.0033416748046875,1.155352867022985,39,False,0,1,1,1,grand,75-90,0.0005035400390625,0.05,0.7979245443440847,0.1627077100990062,-0.8479278401986736,-0.6352168342450785,-0.3400724388712808,Q2
val,P2197,50,val:P2197:50,large-vehicle,9,0,443.0,16.0,31.0,31.0161247253418,14.0,86.18592516570963,380.0,1138.0,395.0,1139.0,393.0,1169.0,379.0,1169.0,2249,1689,GoogleEarth,0.276465441384,0.000116623110699,2.215437480381557,P2197__x0_y665,35,0,665,1024,1.0,443.0,380.0,473.0,395.0,474.0,393.0,504.0,379.0,504.0,1,0.0,0.0,-1,379.0,0.3701171875,0.377685546875,0.0004224777221679,1.1679634232010092,39,False,1,0,0,0,tres petit,75-90,0.0005035400390625,0.8754000130405233,0.7531237151494418,0.201532339930743,-0.7818088037411882,-0.5515913752186987,-0.37266578589717575,Q2
val,P2197,51,val:P2197:51,large-vehicle,9,0,330.5,15.0,26.0,26.0,11.045360565185549,80.90972307917768,358.0,1097.0,373.0,1097.0,369.0,1122.0,358.0,1123.0,2249,1689,GoogleEarth,0.276465441384,8.700663224836984e-05,2.35392949343372,P2197__x0_y665,36,0,665,1024,1.0,330.5,358.0,432.0,373.0,432.0,369.0,457.0,358.0,458.0,1,0.0,0.0,-1,358.0,0.349609375,0.35595703125,0.0003151893615722,1.210132641544317,39,False,1,0,0,0,tres petit,75-90,0.0005035400390625,0.8628187137596166,0.5903435369174588,0.184634574414205,-0.6196989600192843,-0.4057089625032537,-0.24783385333488003,Q3
val,P2197,52,val:P2197:52,large-vehicle,9,0,316.5,12.0,28.0,28.0,11.0,87.87890360333854,360.0,1008.0,371.0,1008.0,372.0,1035.0,360.0,1036.0,2249,1689,GoogleEarth,0.276465441384,8.332102604117717e-05,2.5454545454545454,P2197__x0_y665,37,0,665,1024,1.0,316.5,360.0,343.0,371.0,343.0,372.0,370.0,360.0,371.0,1,0.0,0.0,-1,343.0,0.3349609375,0.348388671875,0.0003018379211425,1.265666373331276,39,False,1,0,0,0,tres petit,75-90,0.0005035400390625,0.8582766375384068,0.7615733680157044,0.37378185789906,-0.8232942857381395,-0.3877915101166443,-0.2146115892053249,Q3
val,P2197,53,val:P2197:53,small-vehicle,10,0,203.0,24.0,10.0,24.020824432373047,9.05538558959961,2.726310993906253,337.0,1021.0,335.0,1030.0,314.0,1029.0,313.0,1020.0,2249,1689,GoogleEarth,0.276465441384,5.344129000429373e-05,2.652656167392994,P2197__x0_y665,38,0,665,1024,1.0,203.0,337.0,356.0,335.0,365.0,314.0,364.0,313.0,355.0,1,0.0,0.0,-1,313.0,0.3056640625,0.317138671875,0.0001935958862304,1.2954546200306762,39,False,1,0,0,0,tres petit,0-15,0.0005035400390625,0.4620878518210882,0.4445017581860862,0.1833758563365441,-0.6579678781401108,-0.2611259018495421,-0.47193662883534415,Q1
val,P2197,6,val:P2197:6,tennis-court,4,0,3547.5,43.0,87.0,87.02298736572266,41.0,88.66778014613037,832.0,1320.0,873.0,1321.0,871.0,1407.0,830.0,1407.0,2249,1689,GoogleEarth,0.276465441384,0.000933906287144,2.1225118869688453,P2197__x0_y665,5,0,665,1024,1.0,3547.5,832.0,655.0,873.0,656.0,871.0,742.0,830.0,742.0,1,0.0,0.8696298599243164,1,151.0,0.1474609375,0.16845703125,0.0033831596374511,1.1386377698858805,39,False,0,0,0,0,grand,75-90,0.0005035400390625,0.05,0.7976250834961686,0.1639273397461351,0.2059076072985651,-0.6336977437500334,-0.32068772703268095,Q2
val,P2197,7,val:P2197:7,tennis-court,4,0,3534.0,45.0,88.0,87.14356231689453,40.112342834472656,87.97863505964398,767.0,1317.0,807.0,1320.0,804.0,1405.0,762.0,1404.0,2249,1689,GoogleEarth,0.276465441384,0.0009303523097299,2.172487472908292,P2197__x0_y665,6,0,665,1024,1.0,3534.0,767.0,652.0,807.0,655.0,804.0,740.0,762.0,739.0,1,0.9212024211883544,0.9058674573898317,0,217.0,0.2119140625,0.2333984375,0.0033702850341796,1.1545159719487412,39,False,0,1,1,1,grand,75-90,0.0005035400390625,0.05,0.8040190655749038,0.1625348222632732,-0.8477799637591003,-0.6414842433116306,-0.32384409748178183,Q2
val,P2197,8,val:P2197:8,tennis-court,4,0,3551.0,44.0,88.0,87.05171203613281,41.01219177246094,88.02506598911802,700.0,1315.0,741.0,1316.0,738.0,1403.0,697.0,1401.0,2249,1689,GoogleEarth,0.276465441384,0.0009348276886957,2.1225813172605594,P2197__x0_y665,7,0,665,1024,1.0,3551.0,700.0,650.0,741.0,651.0,738.0,738.0,697.0,736.0,1,0.91715806722641,0.3430607616901397,11,283.0,0.2763671875,0.2978515625,0.0033864974975585,1.1386600050357645,39,False,0,1,1,1,grand,75-90,0.0005035400390625,0.05,0.7996836045565077,0.1606828332183618,-0.8498601349628746,-0.6390007713381458,-0.339145958709832,Q2
val,P2197,9,val:P2197:9,tennis-court,4,0,3552.5,45.0,88.0,87.09190368652344,41.01219177246094,87.3675651310135,634.0,1313.0,675.0,1314.0,671.0,1401.0,630.0,1399.0,2249,1689,GoogleEarth,0.276465441384,0.0009352225750751,2.123561310005488,P2197__x0_y665,8,0,665,1024,1.0,3552.5,634.0,648.0,675.0,649.0,671.0,736.0,630.0,734.0,1,0.9047507047653198,0.7928662896156311,2,288.0,0.28125,0.324462890625,0.0033879280090332,1.138973796382344,39,False,0,1,1,1,grand,75-90,0.0005035400390625,0.05,0.8065873578502054,0.1675482022704024,-0.8426314104743236,-0.639039155579803,-0.35916604318911177,Q2
val,P2239,0,val:P2239:0,plane,0,0,1357.5,42.0,34.0,41.01219177246094,33.060550689697266,1.3971810272963694,796.0,239.0,755.0,238.0,757.0,205.0,797.0,205.0,1011,571,GoogleEarth,0.274663821627,0.0023515411038991,1.2405175024879926,P2239__x0_y0,0,0,0,1024,1.0,1357.5,796.0,239.0,755.0,238.0,757.0,205.0,797.0,205.0,1,0.6981370449066162,0.2867213785648346,6,205.0,0.2001953125,0.216552734375,0.0012946128845214,0.8067068670805388,10,False,0,1,1,1,moyen,0-15,0.0005035400390625,0.1573988430689077,0.4903137914062322,0.0765036623474137,-1.018706294226854,-0.4138101290588185,-0.11621563325604252,Q4
val,P2239,1,val:P2239:1,plane,0,0,1125.0,43.0,30.0,42.04759216308594,26.01922416687012,2.726310993906265,712.0,290.0,754.0,292.0,752.0,320.0,711.0,316.0,1011,571,GoogleEarth,0.274663821627,0.0019487909700821,1.6160202123407084,P2239__x0_y0,1,0,0,1024,1.0,1125.0,712.0,290.0,754.0,292.0,752.0,320.0,711.0,316.0,1,0.0,0.9237005710601808,0,270.0,0.263671875,0.284912109375,0.001072883605957,0.961654159995038,10,False,0,0,0,0,moyen,0-15,0.0005035400390625,0.1316964484447701,0.4832114675790686,0.0576878108902401,0.1309769665247725,-0.4255236566888285,-0.21674093791401292,Q3
val,P2239,2,val:P2239:2,plane,0,0,1106.0,40.0,31.0,38.05259704589844,29.068883895874023,3.0127875041833403,642.0,282.0,680.0,284.0,678.0,313.0,640.0,311.0,1011,571,GoogleEarth,0.274663821627,0.0019158780559207,1.3090491255943797,P2239__x0_y0,2,0,0,1024,1.0,1106.0,642.0,282.0,680.0,284.0,678.0,313.0,640.0,311.0,1,0.7690602540969849,0.3316417336463928,4,282.0,0.275390625,0.29052734375,0.0010547637939453,0.8368358058473676,10,False,0,1,1,1,moyen,0-15,0.0005035400390625,0.1559370214272229,0.4940001673631027,0.0577761227527628,-1.035705179883552,-0.4362240446103398,-0.07021186712920381,Q4
val,P2239,3,val:P2239:3,plane,0,0,1132.5,43.0,30.0,42.10700607299805,27.166154861450195,4.085616779974877,590.0,281.0,632.0,284.0,629.0,311.0,589.0,309.0,1011,571,GoogleEarth,0.274663821627,0.0019617829098827,1.5499803445775644,P2239__x0_y0,3,0,0,1024,1.0,1132.5,590.0,281.0,632.0,284.0,629.0,311.0,589.0,309.0,1,0.7433881163597107,0.6054714918136597,2,281.0,0.2744140625,0.289306640625,0.00108003616333,0.9360856511318296,10,False,0,1,1,1,moyen,0-15,0.0005035400390625,0.1376274176000935,0.4847177803613844,0.05683859666714,-1.025396115650303,-0.4278791836942444,-0.21127950731546533,Q3
val,P2239,4,val:P2239:4,plane,0,0,1448.0,44.0,36.0,44.04542922973633,34.0,2.602562202499806,533.0,275.0,577.0,277.0,574.0,311.0,533.0,309.0,1011,571,GoogleEarth,0.274663821627,0.0025083105108257,1.295453800874598,P2239__x0_y0,4,0,0,1024,1.0,1448.0,533.0,275.0,577.0,277.0,574.0,311.0,533.0,309.0,1,0.7976159453392029,0.5829412341117859,3,275.0,0.2685546875,0.2861328125,0.0013809204101562,0.8309305585514833,10,False,0,1,1,1,moyen,0-15,0.0005035400390625,0.1565632736859871,0.4939560019958416,0.0595734976916024,-1.034361118249202,-0.4343825043042392,-0.06105804460484888,Q4
val,P2239,5,val:P2239:5,plane,0,0,1256.0,44.0,31.0,43.046485900878906,29.068883895874023,2.663000766067144,367.0,273.0,410.0,275.0,408.0,304.0,366.0,303.0,1011,571,GoogleEarth,0.274663821627,0.0021757168519317,1.4808441237397778,P2239__x0_y0,5,0,0,1024,1.0,1256.0,367.0,273.0,410.0,275.0,408.0,304.0,366.0,303.0,1,0.0,0.0,-1,273.0,0.2666015625,0.281982421875,0.0011978149414062,0.9085988747390376,10,False,0,0,0,0,moyen,0-15,0.0005035400390625,0.1412129499103404,0.4885469583069354,0.0587261753040008,0.1390594280527978,-0.4298207830029346,-0.1579682918757731,Q3
val,P2239,6,val:P2239:6,plane,0,0,1261.0,46.0,35.0,42.42640686035156,29.27456283569336,8.13010235415598,315.0,271.0,357.0,277.0,353.0,306.0,311.0,301.0,1011,571,GoogleEarth,0.274663821627,0.002184378145132,1.4492584261112402,P2239__x0_y0,6,0,0,1024,1.0,1261.0,315.0,271.0,357.0,277.0,353.0,306.0,311.0,301.0,1,0.0,0.0,-1,271.0,0.2646484375,0.281982421875,0.0012025833129882,0.8957852955189222,10,False,0,0,0,0,moyen,0-15,0.0005035400390625,0.1485921216033401,0.491115236674543,0.0546915344904638,0.1404035144014582,-0.4364237021840791,-0.16494170118401294,Q3
val,P2239,7,val:P2239:7,plane,0,0,1002.5,40.0,30.0,38.11823654174805,26.07680892944336,4.513988458001263,262.0,267.0,300.0,270.0,297.0,297.0,260.0,293.0,1011,571,GoogleEarth,0.274663821627,0.0017365892866732,1.4617676819616028,P2239__x0_y0,7,0,0,1024,1.0,1002.5,262.0,267.0,300.0,270.0,297.0,297.0,260.0,293.0,1,0.7466875314712524,0.3123848438262939,5,260.0,0.25390625,0.273193359375,0.0009560585021972,0.9008796617996186,10,False,0,1,1,1,moyen,0-15,0.0005035400390625,0.1439720545689791,0.487414074485304,0.0543264750969218,-1.031883384328093,-0.4330875993883822,-0.16844658008403884,Q3
val,P2239,8,val:P2239:8,plane,0,0,1270.0,42.0,32.0,41.01219177246094,31.0161247253418,1.3971810272963694,461.0,229.0,420.0,228.0,419.0,197.0,460.0,198.0,1011,571,GoogleEarth,0.274663821627,0.0021999684728927,1.3222861377956685,P2239__x0_y0,8,0,0,1024,1.0,1270.0,461.0,229.0,420.0,228.0,419.0,197.0,460.0,198.0,1,0.0,0.0,-1,197.0,0.1923828125,0.2080078125,0.0012111663818359,0.8425521047084629,10,False,0,0,0,0,moyen,0-15,0.0005035400390625,0.1498215217464226,0.4856687164820182,0.0767683129199676,0.1623546080675908,-0.4089004035620506,-0.13218179801174768,Q3
val,P2239,9,val:P2239:9,plane,0,0,16120.5,149.0,118.0,144.28097534179688,109.22454071044922,0.8069294551023631,206.0,194.0,199.0,303.0,57.0,301.0,62.0,185.0,1011,571,GoogleEarth,0.274663821627,0.0279248754072973,1.3209574918175315,P2239__x0_y0,9,0,0,1024,1.0,16120.5,206.0,194.0,199.0,303.0,57.0,301.0,62.0,185.0,1,0.7532974481582642,0.7479085922241211,1,57.0,0.0556640625,0.1279296875,0.0153737068176269,0.8419798125263658,10,False,0,1,1,1,grand,0-15,0.0005035400390625,0.1461341242765912,0.4802581085385917,0.0815819747098585,-1.0073687941614518,-0.3986761338287331,-0.19283179663460967,Q3
val,P2271,0,val:P2271:0,large-vehicle,9,1,73.0,15.0,6.0,15.033296585083008,5.0,4.085616779974885,522.0,2853.0,522.0,2848.0,536.0,2847.0,537.0,2852.0,6370,3286,GoogleEarth,0.568724078092,3.4875132692713773e-06,3.0066593170166014,P2271__x0_y2262,0,0,2262,1024,1.0,73.0,522.0,591.0,522.0,586.0,536.0,585.0,537.0,590.0,1,0.0,0.0,-1,433.0,0.4228515625,0.42578125,6.961822509765625e-05,1.387957806082012,24,False,1,0,0,0,tres petit,0-15,0.0005035400390625,0.9029857305006412,0.4938516751636058,0.1971780737124262,-0.5150359377010614,-0.2966736014511796,-0.42154509049377664,Q1
val,P2271,1,val:P2271:1,storage-tank,2,0,380.0,20.0,19.0,20.0,19.0,0.0,2681.0,1129.0,2701.0,1129.0,2701.0,1148.0,2681.0,1148.0,6370,3286,GoogleEarth,0.568724078092,1.8154178661960595e-05,1.0526315789473684,P2271__x2048_y1024,0,2048,1024,1024,1.0,380.0,633.0,105.0,653.0,105.0,653.0,124.0,633.0,124.0,1,0.8640422224998474,0.405599296092987,0,105.0,0.1025390625,0.11181640625,0.0003623962402343,0.7191226669632059,1,False,1,1,1,1,tres petit,0-15,0.0005035400390625,0.8497590638192808,0.1897038671572478,0.1695954425374992,0.957115111814461,-0.0201084246197486,-0.9753530952099921,Q1
val,P2271,10,val:P2271:10,large-vehicle,9,1,159.5,7.0,25.0,25.01999282836914,6.082762718200684,87.70938995736148,217.0,187.0,223.0,186.0,224.0,211.0,217.0,211.0,6370,3286,GoogleEarth,0.568724078092,7.619977622586091e-06,4.113261356308536,P2271__x0_y0,2,0,0,1024,1.0,159.5,217.0,187.0,223.0,186.0,224.0,211.0,217.0,211.0,1,0.0,0.0,-1,186.0,0.181640625,0.194091796875,0.0001521110534667,1.6318374308307029,8,False,1,0,0,0,tres petit,75-90,0.0005035400390625,0.8831215070449315,0.3954225442827703,0.283052850642588,-0.4328837433882504,-0.1123696936401822,0.3429010218161157,Q4
val,P2271,11,val:P2271:11,large-vehicle,9,0,228.0,36.0,7.0,35.0142822265625,6.082762718200684,0.0,114.0,124.0,113.0,130.0,78.0,130.0,79.0,123.0,6370,3286,GoogleEarth,0.568724078092,1.0892507197176357e-05,5.756312361452745,P2271__x0_y0,3,0,0,1024,1.0,228.0,114.0,124.0,113.0,130.0,78.0,130.0,79.0,123.0,1,0.0,0.0,-1,78.0,0.076171875,0.09375,0.0002174377441406,1.9104772325500536,8,False,1,0,0,0,tres petit,0-15,0.0005035400390625,0.845615370649043,0.2994339579761313,0.2418953040482553,-0.3435969641766492,-0.057538653927876,-1.0,Q1
val,P2271,12,val:P2271:12,plane,0,0,254.0,23.0,23.0,20.0,11.40175437927246,36.86989764584402,1524.0,1735.0,1508.0,1723.0,1517.0,1712.0,1531.0,1726.0,6370,3286,GoogleEarth,0.568724078092,1.213463521088945e-05,1.7541160188785077,P2271__x1024_y1024,0,1024,1024,1024,1.0,254.0,500.0,711.0,484.0,699.0,493.0,688.0,507.0,702.0,1,0.0,0.0,-1,313.0,0.3056640625,0.31640625,0.0002422332763671,1.0130965268259942,6,False,1,0,0,0,tres petit,30-45,0.0005035400390625,0.6055418072098917,0.3682919536987334,0.0604820409123404,-0.4076907801224055,-0.307809912786393,-0.5666116543294547,Q1
val,P2271,13,val:P2271:13,large-vehicle,9,0,138.0,8.0,22.0,21.09502220153809,6.082762718200684,84.55966796899449,550.0,2857.0,556.0,2856.0,558.0,2877.0,551.0,2878.0,6370,3286,GoogleEarth,0.568724078092,6.59283330355411e-06,3.468000179986984,P2271__x0_y2262,7,0,2262,1024,1.0,138.0,550.0,595.0,556.0,594.0,558.0,615.0,551.0,616.0,1,0.0,0.0,-1,408.0,0.3984375,0.4091796875,0.000131607055664,1.4969409214905218,24,False,1,0,0,0,tres petit,75-90,0.0005035400390625,0.8982768901619952,0.5858023399768613,0.2666416368944992,-0.6159975023085038,-0.319160703082362,-0.06368121002618489,Q4
val,P2271,14,val:P2271:14,plane,0,0,277.0,22.0,23.0,20.124610900878903,13.928388595581056,62.102728969052365,1535.0,1751.0,1526.0,1734.0,1539.0,1728.0,1548.0,1746.0,6370,3286,GoogleEarth,0.568724078092,1.3233440761481802e-05,1.4448628255004083,P2271__x1024_y1024,1,1024,1024,1024,1.0,277.0,511.0,727.0,502.0,710.0,515.0,704.0,524.0,722.0,1,0.0,0.5126956701278687,0,297.0,0.2900390625,0.301025390625,0.0002641677856445,0.8939890172631295,6,False,1,0,0,0,tres petit,60-75,0.0005035400390625,0.6517308122684685,0.4173107726104326,0.0704483830474657,-0.4549566851238247,-0.3468623895629669,-0.7211937363574593,Q1
val,P2271,15,val:P2271:15,helicopter,11,0,820.0,41.0,40.0,30.479501724243164,26.248809814453125,48.990913098429786,1603.0,1433.0,1623.0,1450.0,1603.0,1473.0,1582.0,1455.0,6370,3286,GoogleEarth,0.568724078092,3.917480658633602e-05,1.1611765234193794,P2271__x1024_y1024,2,1024,1024,1024,1.0,820.0,579.0,409.0,599.0,426.0,579.0,449.0,558.0,431.0,1,0.0,0.0,-1,409.0,0.3994140625,0.418701171875,0.0007820129394531,0.7706527601763117,6,False,0,0,0,0,petit,45-60,0.0005035400390625,0.546861004343269,0.2025181805400559,0.1637223223231602,0.4081270119866449,-0.0387958582168956,0.0987489921371906,Q4
val,P2271,16,val:P2271:16,helicopter,11,1,633.0,36.0,35.0,27.58622932434082,21.260292053222656,34.28687697720895,1737.0,1386.0,1723.0,1402.0,1701.0,1387.0,1717.0,1367.0,6370,3286,GoogleEarth,0.568724078092,3.0241039718476464e-05,1.2975470541647274,P2271__x1024_y1024,3,1024,1024,1024,1.0,633.0,713.0,362.0,699.0,378.0,677.0,363.0,693.0,343.0,1,0.0,0.0,-1,311.0,0.3037109375,0.32080078125,0.0006036758422851,0.831842055631986,6,False,0,0,0,0,petit,30-45,0.0005035400390625,0.5533429097750552,0.1682938978135614,0.1157740851840612,0.3242656487382025,-0.0525198126295002,0.1565067025368176,Q4
val,P2271,17,val:P2271:17,helicopter,11,0,990.0,45.0,44.0,33.30165100097656,29.068883895874023,46.21887523513129,1702.0,1317.0,1725.0,1337.0,1702.0,1361.0,1680.0,1342.0,6370,3286,GoogleEarth,0.568724078092,4.729641282984471e-05,1.1456116141322965,P2271__x1024_y1024,4,1024,1024,1024,1.0,990.0,678.0,293.0,701.0,313.0,678.0,337.0,656.0,318.0,1,0.0,0.0,-1,293.0,0.2861328125,0.307861328125,0.0009441375732421,0.7634246465303921,6,False,0,0,0,0,moyen,45-60,0.0005035400390625,0.5819338641994813,0.1810677239503569,0.1178283305407731,0.3698684535190989,-0.0632393934095837,0.14274123051361337,Q4
val,P2271,18,val:P2271:18,plane,0,1,469.0,31.0,32.0,28.319604873657227,16.970561981201172,47.86240522611175,499.0,1662.0,518.0,1641.0,530.0,1653.0,512.0,1673.0,6370,3286,GoogleEarth,0.568724078092,2.240607840120926e-05,1.6687487960049732,P2271__x0_y1024,0,0,1024,1024,1.0,469.0,499.0,638.0,518.0,617.0,530.0,629.0,512.0,649.0,1,0.0,0.0,-1,375.0,0.3662109375,0.381591796875,0.0004472732543945,0.9816097468490184,7,False,1,0,0,0,tres petit,45-60,0.0005035400390625,0.6023521726676465,0.3800631649220483,0.1079650483083653,-0.4513371950256007,-0.2720981166136829,-0.6238106988624182,Q1
val,P2271,19,val:P2271:19,plane,0,0,416.0,28.0,29.0,24.698177337646484,17.0,54.1623470457217,517.0,1643.0,530.0,1625.0,545.0,1633.0,532.0,1654.0,6370,3286,GoogleEarth,0.568724078092,1.9874048219409493e-05,1.4528339610380283,P2271__x0_y1024,1,0,1024,1024,1.0,416.0,517.0,619.0,530.0,601.0,545.0,609.0,532.0,630.0,1,0.0,0.0,-1,394.0,0.384765625,0.399658203125,0.000396728515625,0.8972440748639356,7,False,1,0,0,0,tres petit,45-60,0.0005035400390625,0.6247927696141516,0.4007505571270673,0.1196631112577884,-0.4726119273892681,-0.2810874458692789,-0.6525664951745512,Q1
val,P2271,2,val:P2271:2,large-vehicle,9,0,95.0,18.0,7.0,18.11077117919922,5.385164737701416,6.340191745909891,662.0,2720.0,662.0,2726.0,644.0,2724.0,646.0,2719.0,6370,3286,GoogleEarth,0.568724078092,4.538544665490149e-06,3.3630858221302167,P2271__x0_y2262,1,0,2262,1024,1.0,95.0,662.0,458.0,662.0,464.0,644.0,462.0,646.0,457.0,1,0.0,0.0,-1,362.0,0.353515625,0.36181640625,9.059906005859376e-05,1.4731795643881258,24,False,1,0,0,0,tres petit,0-15,0.0005035400390625,0.900136156290857,0.5149485374447049,0.2508776212293893,-0.5427816640017031,-0.2640709162153156,-0.40183036636201497,Q2
val,P2271,20,val:P2271:20,plane,0,0,1566.5,57.0,55.0,41.01219177246094,37.48332977294922,45.0,1032.0,1095.0,1061.0,1066.0,1089.0,1094.0,1059.0,1121.0,6370,3286,GoogleEarth,0.568724078092,7.483821282621386e-05,1.0941448377422012,P2271__x1024_y1024,5,1024,1024,1024,1.0,1566.5,8.0,71.0,37.0,42.0,65.0,70.0,35.0,97.0,1,0.7261114716529846,0.3108368813991546,1,8.0,0.0078125,0.035400390625,0.0014939308166503,0.7391452780325692,6,False,0,1,1,1,moyen,30-45,0.0005035400390625,0.7578278145791153,0.3995822172377011,0.0674292008759693,-2.811454186802916,-0.3321530163617318,-0.5401120364329078,Q1
val,P2271,21,val:P2271:21,plane,0,0,333.0,24.0,18.0,21.21320343017578,15.29705810546875,8.13010235415598,1104.0,754.0,1125.0,757.0,1122.0,772.0,1101.0,770.0,6370,3286,GoogleEarth,0.568724078092,1.590879340640231e-05,1.3867505296715836,P2271__x1024_y0,0,1024,0,1024,1.0,333.0,80.0,754.0,101.0,757.0,98.0,772.0,77.0,770.0,1,0.0,0.0,-1,77.0,0.0751953125,0.0869140625,0.0003175735473632,0.8699328298176667,4,False,1,0,0,0,tres petit,0-15,0.0005035400390625,0.6989740601431393,0.3536325085236417,0.0815180687722296,-0.3887397530792572,-0.2721144397514121,-0.5391579405248955,Q1
val,P2271,22,val:P2271:22,plane,0,0,652.5,29.0,23.0,29.017236709594727,22.0,0.0,1233.0,713.0,1262.0,713.0,1262.0,735.0,1233.0,736.0,6370,3286,GoogleEarth,0.568724078092,3.1172635728761286e-05,1.3189653049815784,P2271__x1024_y0,1,1024,0,1024,1.0,652.5,209.0,713.0,238.0,713.0,238.0,735.0,209.0,736.0,1,0.0,0.0,-1,209.0,0.2041015625,0.21826171875,0.000622272491455,0.8411210969633628,4,False,0,0,0,0,petit,0-15,0.0005035400390625,0.6709608512827431,0.3463509906801923,0.1186326798418406,0.8248950089760982,-0.2277183108383516,-0.9843460931304444,Q1
val,P2271,23,val:P2271:23,plane,0,0,325.5,22.0,17.0,22.022714614868164,15.033296585083008,5.710593137499642,1170.0,710.0,1190.0,712.0,1191.0,727.0,1169.0,726.0,6370,3286,GoogleEarth,0.568724078092,1.5550487248600457e-05,1.4649291650854877,P2271__x1024_y0,2,1024,0,1024,1.0,325.5,146.0,710.0,166.0,712.0,167.0,727.0,145.0,726.0,1,0.0,0.0,-1,145.0,0.1416015625,0.15234375,0.0003104209899902,0.902163070808123,4,False,1,0,0,0,tres petit,0-15,0.0005035400390625,0.6721075226901142,0.3460607938122156,0.0820483352398219,-0.3860886628550404,-0.2640124585723937,-0.5398001087799237,Q1
val,P2271,24,val:P2271:24,large-vehicle,9,0,112.0,17.0,16.0,17.029386520385742,6.4031243324279785,40.23635830927381,553.0,1559.0,549.0,1564.0,536.0,1553.0,541.0,1548.0,6370,3286,GoogleEarth,0.568724078092,5.350705289841017e-06,2.6595433160874493,P2271__x0_y1024,2,0,1024,1024,1.0,112.0,553.0,535.0,549.0,540.0,536.0,529.0,541.0,524.0,1,0.0,0.0,-1,471.0,0.4599609375,0.468017578125,0.0001068115234375,1.297338362602687,7,False,1,0,0,0,tres petit,30-45,0.0005035400390625,0.8880704079721239,0.2989069400753867,0.1876573407901903,-0.3225586791797725,-0.1112495992851963,-0.012655417793950805,Q4
val,P2271,25,val:P2271:25,large-vehicle,9,0,92.0,15.0,16.0,16.278820037841797,5.0,47.48955292199915,548.0,1562.0,544.0,1567.0,533.0,1555.0,536.0,1551.0,6370,3286,GoogleEarth,0.568724078092,4.395222202369407e-06,3.25576400756836,P2271__x0_y1024,3,0,1024,1024,1.0,92.0,548.0,538.0,544.0,543.0,533.0,531.0,536.0,527.0,1,0.0,0.0,-1,476.0,0.46484375,0.472412109375,8.7738037109375e-05,1.4482743011524315,7,False,1,0,0,0,tres petit,45-60,0.0005035400390625,0.8668252718819928,0.3185097690461753,0.2028049782879096,-0.3496677183129654,-0.1157047907582656,0.014924739087426963,Q4
val,P2271,26,val:P2271:26,large-vehicle,9,0,110.0,17.0,15.0,16.278820037841797,6.4031243324279785,42.51044707800082,720.0,1488.0,715.0,1494.0,703.0,1483.0,708.0,1479.0,6370,3286,GoogleEarth,0.568724078092,5.255156981093856e-06,2.542324526700091,P2271__x0_y1024,4,0,1024,1024,1.0,110.0,720.0,464.0,715.0,470.0,703.0,459.0,708.0,455.0,1,0.0,0.0,-1,304.0,0.296875,0.30517578125,0.0001049041748046,1.264783157608534,7,False,1,0,0,0,tres petit,30-45,0.0005035400390625,0.9101415044349176,0.2896068861383288,0.1470259888011437,-0.3041227983324904,-0.1425808973371851,0.012519395431651528,Q4
val,P2271,27,val:P2271:27,large-vehicle,9,1,68.0,13.0,12.0,12.727922439575195,5.656854152679443,45.0,738.0,1331.0,733.0,1328.0,742.0,1319.0,746.0,1323.0,6370,3286,GoogleEarth,0.568724078092,3.248642497403475e-06,2.250000105367123,P2271__x0_y1024,5,0,1024,1024,1.0,68.0,738.0,307.0,733.0,304.0,742.0,295.0,746.0,299.0,1,0.0,0.0,-1,278.0,0.271484375,0.277587890625,6.4849853515625e-05,1.1786550287622988,7,False,1,0,0,0,tres petit,30-45,0.0005035400390625,0.921641959084313,0.2938340740491162,0.0929038145565573,-0.301732760551496,-0.2009302594925589,-0.01815185636793157,Q4
val,P2271,28,val:P2271:28,large-vehicle,9,0,97.5,8.0,18.0,18.11077117919922,5.0,79.99202019855866,589.0,2852.0,594.0,2852.0,597.0,2869.0,591.0,2870.0,6370,3286,GoogleEarth,0.568724078092,4.6579800514241e-06,3.622154235839844,P2271__x0_y2262,8,0,2262,1024,1.0,97.5,589.0,590.0,594.0,590.0,597.0,607.0,591.0,608.0,1,0.0,0.0,-1,416.0,0.40625,0.415283203125,9.298324584960938e-05,1.5308608812304842,24,False,1,0,0,0,tres petit,75-90,0.0005035400390625,0.8930247569099339,0.5097954159685235,0.2580215357708786,-0.5407037601079074,-0.2517738801976448,0.05809364031294788,Q4
val,P2271,29,val:P2271:29,large-vehicle,9,0,84.0,17.0,8.0,17.262676239013672,5.0,10.619655276155129,617.0,2873.0,617.0,2868.0,633.0,2865.0,634.0,2870.0,6370,3286,GoogleEarth,0.568724078092,4.013028967380763e-06,3.4525352478027345,P2271__x0_y2262,9,0,2262,1024,1.0,84.0,617.0,611.0,617.0,606.0,633.0,603.0,634.0,608.0,1,0.0,0.0,-1,390.0,0.380859375,0.389404296875,8.0108642578125e-05,1.4934736525574723,24,False,1,0,0,0,tres petit,0-15,0.0005035400390625,0.8949175043835365,0.527508633666099,0.2559210572210188,-0.5575592508926707,-0.2715875764450802,-0.4135381734804606,Q2
val,P2271,3,val:P2271:3,large-vehicle,9,0,108.0,18.0,7.0,18.027755737304688,6.0,3.179830119864249,664.0,2714.0,664.0,2720.0,646.0,2719.0,646.0,2713.0,6370,3286,GoogleEarth,0.568724078092,5.159608672346696e-06,3.004625956217448,P2271__x0_y2262,2,0,2262,1024,1.0,108.0,664.0,452.0,664.0,458.0,646.0,457.0,646.0,451.0,1,0.0,0.0,-1,360.0,0.3515625,0.3603515625,0.0001029968261718,1.3874501819559282,24,False,1,0,0,0,tres petit,0-15,0.0005035400390625,0.9097662550039938,0.4870637318933273,0.2034911997610099,-0.5072466886991782,-0.2835725321323173,-0.40573036399318674,Q2
val,P2271,30,val:P2271:30,large-vehicle,9,0,127.0,12.0,20.0,18.027755737304688,6.7082037925720215,70.5599651718238,766.0,2774.0,760.0,2777.0,754.0,2760.0,761.0,2757.0,6370,3286,GoogleEarth,0.568724078092,6.067317605444725e-06,2.687419210082255,P2271__x0_y2262,10,0,2262,1024,1.0,127.0,766.0,512.0,760.0,515.0,754.0,498.0,761.0,495.0,1,0.0,0.0,-1,258.0,0.251953125,0.257568359375,0.0001211166381835,1.3049268122956938,24,False,1,0,0,0,tres petit,60-75,0.0005035400390625,0.9311570027623852,0.4540207487424488,0.1261294823988241,-0.4633458481430919,-0.3278912663436247,-0.006792454388650676,Q4
val,P2271,31,val:P2271:31,large-vehicle,9,0,97.5,10.0,18.0,17.72004508972168,5.385164737701416,73.61045966596522,671.0,2801.0,665.0,2800.0,670.0,2783.0,675.0,2785.0,6370,3286,GoogleEarth,0.568724078092,4.6579800514241e-06,3.290529807874594,P2271__x0_y2262,11,0,2262,1024,1.0,97.5,671.0,539.0,665.0,538.0,670.0,521.0,675.0,523.0,1,0.0,0.0,-1,349.0,0.3408203125,0.345458984375,9.298324584960938e-05,1.4564102236536998,24,False,1,0,0,0,tres petit,60-75,0.0005035400390625,0.9088776615626644,0.498540153176824,0.2273187951373152,-0.5213307014097466,-0.2712213580395088,-0.0037005104261873868,Q4
val,P2271,32,val:P2271:32,large-vehicle,9,0,148.0,19.0,8.0,19.0,8.0,0.0,483.0,3077.0,483.0,3085.0,465.0,3085.0,464.0,3077.0,6370,3286,GoogleEarth,0.568724078092,7.070574847289915e-06,2.375,P2271__x0_y2262,12,0,2262,1024,1.0,148.0,483.0,815.0,483.0,823.0,465.0,823.0,464.0,815.0,1,0.0,0.0,-1,201.0,0.1962890625,0.2001953125,0.0001411437988281,1.2163953243244932,24,False,1,0,0,0,tres petit,0-15,0.0005035400390625,0.9387447606654732,0.4743347896498352,0.1288929308763728,-0.4827453477271595,-0.3454418587734623,-1.0,Q1
val,P2271,33,val:P2271:33,large-vehicle,9,0,164.5,24.0,8.0,24.020824432373047,6.082762718200684,2.3859440303888,516.0,3028.0,517.0,3034.0,493.0,3035.0,493.0,3027.0,6370,3286,GoogleEarth,0.568724078092,7.858848394453994e-06,3.9489990889334816,P2271__x0_y2262,13,0,2262,1024,1.0,164.5,516.0,766.0,517.0,772.0,493.0,773.0,493.0,765.0,1,0.0,0.0,-1,251.0,0.2451171875,0.2490234375,0.0001568794250488,1.5991853518786998,24,False,1,0,0,0,tres petit,0-15,0.0005035400390625,0.8972600578138064,0.5090316839102949,0.2225513521860147,-0.534514722922152,-0.2864803317242801,-0.45032824662414933,Q1
val,P2271,34,val:P2271:34,large-vehicle,9,1,99.0,18.0,6.0,18.027755737304688,5.0,3.179830119864249,514.0,3022.0,514.0,3027.0,496.0,3028.0,496.0,3022.0,6370,3286,GoogleEarth,0.568724078092,4.729641282984471e-06,3.6055511474609374,P2271__x0_y2262,14,0,2262,1024,1.0,99.0,514.0,760.0,514.0,765.0,496.0,766.0,496.0,760.0,1,0.0,0.0,-1,258.0,0.251953125,0.255126953125,9.441375732421876e-05,1.5272623471191369,24,False,1,0,0,0,tres petit,0-15,0.0005035400390625,0.9050983812393356,0.5097162920073677,0.2228689650663412,-0.5330846086398078,-0.2868473269410264,-0.404905366530684,Q2
val,P2271,35,val:P2271:35,large-vehicle,9,0,75.0,15.0,6.0,15.033296585083008,5.0,3.814074834290352,513.0,3016.0,513.0,3021.0,498.0,3020.0,498.0,3015.0,6370,3286,GoogleEarth,0.568724078092,3.5830615780185384e-06,3.0066593170166014,P2271__x0_y2262,15,0,2262,1024,1.0,75.0,513.0,754.0,513.0,759.0,498.0,758.0,498.0,753.0,1,0.0,0.0,-1,265.0,0.2587890625,0.26171875,7.152557373046875e-05,1.387957806082012,24,False,1,0,0,0,tres petit,0-15,0.0005035400390625,0.9191879104211054,0.4819857053711052,0.1363041673825206,-0.4939691360272445,-0.3456815379885846,-0.39187268429196814,Q2
val,P2271,36,val:P2271:36,large-vehicle,9,1,91.5,17.0,10.0,15.81138801574707,5.385164737701416,18.434948822922,575.0,3016.0,577.0,3021.0,562.0,3026.0,560.0,3020.0,6370,3286,GoogleEarth,0.568724078092,4.371335125182616e-06,2.936101082489065,P2271__x0_y2262,16,0,2262,1024,1.0,91.5,575.0,754.0,577.0,759.0,562.0,764.0,560.0,758.0,1,0.0,0.0,-1,260.0,0.25390625,0.259033203125,8.726119995117188e-05,1.3701906603869356,24,False,1,0,0,0,tres petit,15-30,0.0005035400390625,0.922078629520282,0.4857096057646456,0.1273401510275394,-0.4964706393332496,-0.3583694547371062,-0.08178572774276362,Q4
val,P2271,37,val:P2271:37,large-vehicle,9,0,85.5,19.0,5.0,19.02629852294922,4.0,0.0,518.0,2992.0,518.0,2997.0,499.0,2997.0,499.0,2993.0,6370,3286,GoogleEarth,0.568724078092,4.0846901989411335e-06,4.756574630737305,P2271__x0_y2262,17,0,2262,1024,1.0,85.5,518.0,730.0,518.0,735.0,499.0,735.0,499.0,731.0,1,0.0,0.0,-1,289.0,0.2822265625,0.284423828125,8.153915405273438e-05,1.750342615650566,24,False,1,0,0,0,tres petit,0-15,0.0005035400390625,0.8724094534158654,0.5147828200012624,0.2539474920676438,-0.551922834004682,-0.2608353279336186,-1.0,Q1
val,P2271,38,val:P2271:38,large-vehicle,9,0,85.5,19.0,5.0,19.02629852294922,4.0,3.0127875041833363,518.0,2987.0,518.0,2991.0,499.0,2992.0,499.0,2987.0,6370,3286,GoogleEarth,0.568724078092,4.0846901989411335e-06,4.756574630737305,P2271__x0_y2262,18,0,2262,1024,1.0,85.5,518.0,725.0,518.0,729.0,499.0,730.0,499.0,725.0,1,0.0,0.0,-1,294.0,0.287109375,0.289794921875,8.153915405273438e-05,1.750342615650566,24,False,1,0,0,0,tres petit,0-15,0.0005035400390625,0.8719720873319723,0.5099623110321555,0.2450555330007845,-0.5459427613626681,-0.2649067780313709,-0.48685712748074894,Q1
val,P2271,39,val:P2271:39,large-vehicle,9,0,200.5,7.0,34.0,34.01470184326172,6.0,88.3153156821037,560.0,2970.0,554.0,2970.0,553.0,2936.0,559.0,2937.0,6370,3286,GoogleEarth,0.568724078092,9.578717951902892e-06,5.669116973876953,P2271__x0_y2262,19,0,2262,1024,1.0,200.5,560.0,708.0,554.0,708.0,553.0,674.0,559.0,675.0,1,0.0,0.0,-1,316.0,0.30859375,0.324951171875,0.0001912117004394,1.8974874634389092,24,False,1,0,0,0,tres petit,75-90,0.0005035400390625,0.8527683876958944,0.5916080499065777,0.2933687612209098,-0.6422585622114685,-0.2982392886856678,0.23125173625008752,Q4
val,P2271,4,val:P2271:4,large-vehicle,9,0,238.0,7.0,35.0,34.0,7.071067810058594,90.0,162.0,3095.0,155.0,3094.0,155.0,3060.0,162.0,3061.0,6370,3286,GoogleEarth,0.568724078092,1.1370248740912162e-05,4.808326113297203,P2271__x0_y2262,3,0,2262,1024,1.0,238.0,162.0,833.0,155.0,832.0,155.0,798.0,162.0,799.0,1,0.0,0.0,-1,155.0,0.1513671875,0.15478515625,0.0002269744873046,1.759292424929878,24,False,1,0,0,0,tres petit,75-90,0.0005035400390625,0.8955183677195602,0.5873934356698329,0.2730830843362873,-0.6192544978524988,-0.3143103513335455,0.2889847734503815,Q4
val,P2271,40,val:P2271:40,large-vehicle,9,0,260.0,8.0,38.0,37.01351165771485,7.071067810058594,88.45184230102204,583.0,2967.0,576.0,2968.0,575.0,2931.0,582.0,2930.0,6370,3286,GoogleEarth,0.568724078092,1.2421280137130932e-05,5.23450101907708,P2271__x0_y2262,20,0,2262,1024,1.0,260.0,583.0,705.0,576.0,706.0,575.0,669.0,582.0,668.0,1,0.0,0.0,-1,318.0,0.310546875,0.3291015625,0.0002479553222656,1.8300985469121984,24,False,1,0,0,0,tres petit,75-90,0.0005035400390625,0.8629928216828789,0.5880197550315954,0.2933687612209098,-0.6345944485532478,-0.2946509938106856,0.25158806341859596,Q4
val,P2271,41,val:P2271:41,large-vehicle,9,0,120.0,19.0,8.0,19.02629852294922,5.099019527435303,3.0127875041833363,912.0,3090.0,911.0,3085.0,930.0,3084.0,930.0,3092.0,6370,3286,GoogleEarth,0.568724078092,5.732898524829661e-06,3.7313641221764526,P2271__x0_y2262,21,0,2262,1024,1.0,120.0,912.0,828.0,911.0,823.0,930.0,822.0,930.0,830.0,1,0.0,0.0,-1,94.0,0.091796875,0.100830078125,0.0001144409179687,1.5542135588482946,24,False,1,0,0,0,tres petit,0-15,0.0005035400390625,0.9174599990168067,0.4860067037841742,0.2160137012079867,-0.505440544092414,-0.2699930025761875,-0.4077231921180703,Q2
val,P2271,42,val:P2271:42,large-vehicle,9,0,114.0,13.0,20.0,19.697715759277344,5.385164737701416,66.03751102542182,861.0,3097.0,866.0,3095.0,874.0,3113.0,868.0,3115.0,6370,3286,GoogleEarth,0.568724078092,5.446253598588178e-06,3.6577740363955966,P2271__x0_y2262,22,0,2262,1024,1.0,114.0,861.0,835.0,866.0,833.0,874.0,851.0,868.0,853.0,1,0.0,0.0,-1,150.0,0.146484375,0.153076171875,0.0001087188720703,1.5385376594214826,24,False,1,0,0,0,tres petit,60-75,0.0005035400390625,0.9183753230869302,0.4993546930130081,0.2027866471188484,-0.5173782549895246,-0.2965680458941596,0.2548345582911029,Q4
val,P2271,43,val:P2271:43,large-vehicle,9,0,92.5,11.0,18.0,16.76305389404297,4.4721360206604,64.98310652189998,857.0,3101.0,861.0,3099.0,868.0,3114.0,862.0,3117.0,6370,3286,GoogleEarth,0.568724078092,4.4191092795561975e-06,3.74833274672347,P2271__x0_y2262,23,0,2262,1024,1.0,92.5,857.0,839.0,861.0,837.0,868.0,852.0,862.0,855.0,1,0.0,0.0,-1,156.0,0.15234375,0.158203125,8.821487426757812e-05,1.5577935557415936,24,False,1,0,0,0,tres petit,60-75,0.0005035400390625,0.91589883725026,0.4968518640073812,0.2027866471188484,-0.5154724715670743,-0.2940652168885327,0.28904621829145083,Q4
val,P2271,44,val:P2271:44,large-vehicle,9,0,129.5,20.0,19.0,22.627416610717773,5.830951690673828,45.0,855.0,1010.0,859.0,1005.0,875.0,1021.0,870.0,1024.0,6370,3286,GoogleEarth,0.568724078092,6.186752991378676e-06,3.880570070046822,P2271__x0_y0,4,0,0,1024,1.0,129.5,855.0,1010.0,859.0,1005.0,875.0,1021.0,870.0,1024.0,1,0.0,0.0,-1,0.0,0.0,0.0087890625,0.0001235008239746,1.585262030674953,8,False,1,0,0,0,tres petit,30-45,0.0005035400390625,0.9066102576245616,0.3012552024662959,0.2046463515382972,-0.3223357824481622,-0.0966088509279987,0.32506996241137615,Q4
val,P2271,45,val:P2271:45,large-vehicle,9,1,175.0,20.0,21.0,20.51828384399414,8.602325439453125,43.02506598911802,1114.0,847.0,1109.0,854.0,1094.0,840.0,1099.0,833.0,6370,3286,GoogleEarth,0.568724078092,8.36047701537659e-06,2.3852020001348087,P2271__x1024_y0,3,1024,0,1024,1.0,175.0,90.0,847.0,85.0,854.0,70.0,840.0,75.0,833.0,1,0.0,0.0,-1,70.0,0.068359375,0.078125,0.000166893005371,1.2194135796605048,4,False,1,0,0,0,tres petit,30-45,0.0005035400390625,0.9313564293024909,0.2972365090802304,0.1325450486365181,-0.3070054494455206,-0.1646914604437123,-0.020512874058424415,Q4
val,P2271,46,val:P2271:46,large-vehicle,9,0,102.0,17.0,6.0,17.0,6.0,0.0,920.0,105.0,920.0,99.0,937.0,99.0,937.0,105.0,6370,3286,GoogleEarth,0.568724078092,4.872963746105212e-06,2.833333333333333,P2271__x0_y0,5,0,0,1024,1.0,102.0,920.0,105.0,920.0,99.0,937.0,99.0,937.0,105.0,1,0.0,0.0,-1,87.0,0.0849609375,0.09326171875,9.72747802734375e-05,1.3437347467010947,8,False,1,0,0,0,tres petit,0-15,0.0005035400390625,0.9204480716665384,0.2921769741769952,0.1639899303309013,-0.3063501965310526,-0.1281870438460939,-1.0,Q1
val,P2271,47,val:P2271:47,large-vehicle,9,0,103.0,18.0,7.0,17.029386520385742,6.082762718200684,3.3664606634298195,954.0,75.0,953.0,81.0,936.0,80.0,937.0,74.0,6370,3286,GoogleEarth,0.568724078092,4.920737900478792e-06,2.7996138119001186,P2271__x0_y0,6,0,0,1024,1.0,103.0,954.0,75.0,953.0,81.0,936.0,80.0,937.0,74.0,1,0.0,0.0,-1,70.0,0.068359375,0.07568359375,9.822845458984376e-05,1.3348994331204822,8,False,1,0,0,0,tres petit,0-15,0.0005035400390625,0.9230529346206512,0.2847934868581835,0.1328956563985502,-0.2958718664158341,-0.1518978304596333,-0.26508263524477765,Q2
val,P2271,48,val:P2271:48,large-vehicle,9,0,75.0,13.0,14.0,15.0,5.385164737701416,53.13010235415598,734.0,1328.0,729.0,1326.0,738.0,1314.0,742.0,1318.0,6370,3286,GoogleEarth,0.568724078092,3.5830615780185384e-06,2.785430108569445,P2271__x0_y1024,6,0,1024,1024,1.0,75.0,734.0,304.0,729.0,302.0,738.0,290.0,742.0,294.0,1,0.0,0.0,-1,282.0,0.275390625,0.281494140625,7.152557373046875e-05,1.3311595154583942,7,False,1,0,0,0,tres petit,45-60,0.0005035400390625,0.9060356334641564,0.2904253161012185,0.1287769477437894,-0.3037806896342654,-0.1616483683574291,0.026932083382363747,Q4
val,P2271,49,val:P2271:49,roundabout,12,0,8464.0,92.0,92.0,92.0,92.0,0.0,384.0,131.0,476.0,131.0,476.0,223.0,384.0,223.0,6370,3286,GoogleEarth,0.568724078092,0.0004043604426179,1.0,P2271__x0_y0,7,0,0,1024,1.0,8464.0,384.0,131.0,476.0,131.0,476.0,223.0,384.0,223.0,1,0.0,0.0,-1,131.0,0.1279296875,0.1728515625,0.0080718994140625,0.6931471805599453,8,False,0,0,0,0,grand,0-15,0.0005035400390625,0.5829344496153748,0.1635013767770034,0.1166498630419832,0.3451764939156227,-0.0468515137350202,-0.9663156431133341,Q1
val,P2271,5,val:P2271:5,large-vehicle,9,0,218.5,8.0,34.0,34.058773040771484,6.082762718200684,86.63353933657021,155.0,3063.0,148.0,3063.0,150.0,3029.0,156.0,3030.0,6370,3286,GoogleEarth,0.568724078092,1.043865273062734e-05,5.599227623800237,P2271__x0_y2262,4,0,2262,1024,1.0,218.5,155.0,801.0,148.0,801.0,150.0,767.0,156.0,768.0,1,0.0,0.0,-1,148.0,0.14453125,0.148681640625,0.0002083778381347,1.886952615487288,24,False,1,0,0,0,tres petit,75-90,0.0005035400390625,0.8791689166402825,0.600863306818001,0.2776160743790096,-0.6390182624702976,-0.3232472324389914,0.2695524244551635,Q4
val,P2271,6,val:P2271:6,large-vehicle,9,0,185.0,6.0,37.0,37.01351165771485,5.0,88.45184230102204,156.0,2979.0,151.0,2979.0,152.0,2942.0,157.0,2942.0,6370,3286,GoogleEarth,0.568724078092,8.838218559112395e-06,7.402702331542969,P2271__x0_y2262,5,0,2262,1024,1.0,185.0,156.0,717.0,151.0,717.0,152.0,680.0,157.0,680.0,1,0.0,0.0,-1,151.0,0.1474609375,0.150390625,0.0001764297485351,2.128553360249012,24,False,1,0,0,0,tres petit,75-90,0.0005035400390625,0.8409811486179539,0.567383081803697,0.2791225702520375,-0.6201616138661883,-0.2882605115516595,0.2773081568263807,Q4
val,P2271,7,val:P2271:7,large-vehicle,9,0,217.5,7.0,34.0,34.0,6.082762718200684,90.0,163.0,3003.0,157.0,3004.0,157.0,2970.0,164.0,2970.0,6370,3286,GoogleEarth,0.568724078092,1.039087857625376e-05,5.589565395715024,P2271__x0_y2262,6,0,2262,1024,1.0,217.5,163.0,741.0,157.0,742.0,157.0,708.0,164.0,708.0,1,0.0,0.0,-1,157.0,0.1533203125,0.156494140625,0.0002074241638183,1.8854873972827804,24,False,1,0,0,0,tres petit,75-90,0.0005035400390625,0.8786721422244371,0.589038264797281,0.2730830843362873,-0.6267458283185132,-0.3159551804609937,0.22217120926077333,Q4
val,P2271,8,val:P2271:8,large-vehicle,9,0,192.0,6.0,32.0,32.0,6.0,90.0,194.0,1027.0,188.0,1027.0,188.0,995.0,194.0,995.0,6370,3286,GoogleEarth,0.568724078092,9.172637639727458e-06,5.333333333333333,P2271__x0_y0,0,0,0,1024,0.90625,174.0,194.0,1024.0,188.0,1024.0,188.0,995.0,194.0,995.0,1,0.0,0.0,-1,0.0,0.0,0.01416015625,0.0001659393310546,1.8458266904983307,8,False,1,0,0,0,tres petit,75-90,0.0005035400390625,0.8767897134988009,0.3690232543386306,0.2775623278079259,-0.408027514316415,-0.0914609265307047,0.28420732687772093,Q4
val,P2271,9,val:P2271:9,large-vehicle,9,1,84.0,7.0,14.0,14.03566837310791,6.0,85.91438322002512,220.0,661.0,226.0,661.0,225.0,675.0,219.0,675.0,6370,3286,GoogleEarth,0.568724078092,4.013028967380763e-06,2.339278062184652,P2271__x0_y0,1,0,0,1024,1.0,84.0,220.0,661.0,226.0,661.0,225.0,675.0,219.0,675.0,1,0.0,0.0,-1,219.0,0.2138671875,0.21728515625,8.0108642578125e-05,1.2057546345785255,8,False,1,0,0,0,tres petit,75-90,0.0005035400390625,0.9278517344691444,0.3855701933045291,0.1766065394372181,-0.3993028350924889,-0.208963653867311,-0.05974067586121406,Q4
val,P2331,0,val:P2331:0,harbor,7,0,4128.5,76.0,61.0,74.24284362792969,55.08175659179688,3.1363583683325875,2695.0,292.0,2768.0,296.0,2766.0,353.0,2692.0,347.0,3274,1959,GoogleEarth,0.553728736607,0.0006436935803395,1.3478663031415814,P2331__x2250_y0,0,2250,0,1024,1.0,4128.5,445.0,292.0,518.0,296.0,516.0,353.0,442.0,347.0,1,0.0,0.0,-1,292.0,0.28515625,0.314453125,0.0039372444152832,0.8535069596042818,3,False,0,0,0,0,grand,0-15,0.0005035400390625,0.2197214879429005,0.1793967202390529,0.1816572399076843,0.2321742203113641,0.0022605196686314,-0.056685361167214364,Q4
val,P2331,15,val:P2331:15,swimming-pool,14,0,1072.5,52.0,47.0,49.81967544555664,22.20360374450684,38.480198248343015,929.0,91.0,968.0,60.0,981.0,78.0,945.0,107.0,3274,1959,GoogleEarth,0.553728736607,0.0001672184485682,2.243765292284232,P2331__x0_y0,0,0,0,1024,1.0,1072.5,929.0,91.0,968.0,60.0,981.0,78.0,945.0,107.0,1,0.0,0.0,-1,43.0,0.0419921875,0.066650390625,0.0010228157043457,1.176734782305298,4,False,0,0,0,0,moyen,30-45,0.0005035400390625,0.9112349161501236,0.1962541669906734,0.0779081136741527,2.092592735662574,-0.1183460533165206,0.003931086835475899,Q4
val,P2331,16,val:P2331:16,bridge,8,0,10657.0,195.0,155.0,204.1298675537109,52.35456085205078,34.60076188761278,382.0,749.0,540.0,640.0,577.0,682.0,407.0,795.0,3274,1959,GoogleEarth,0.553728736607,0.0016615822903423,3.8989892042178207,P2331__x0_y0,1,0,0,1024,1.0,10657.0,382.0,749.0,540.0,640.0,577.0,682.0,407.0,795.0,1,0.0,0.0,-1,229.0,0.2236328125,0.30029296875,0.0101633071899414,1.589028898983428,4,False,0,0,0,0,grand,30-45,0.0005035400390625,0.6750417488046779,0.2228313555588824,0.1512013299937429,0.6140930011289746,-0.0716300255651395,0.2908598186373226,Q4
val,P2331,17,val:P2331:17,bridge,8,0,18524.0,315.0,422.0,492.7768249511719,36.055511474609375,55.04625992236195,535.0,709.0,569.0,689.0,850.0,1091.0,820.0,1111.0,3274,1959,GoogleEarth,0.553728736607,0.0028881627424511,13.66717055999025,P2331__x0_y0,2,0,0,1024,0.8151519650183545,13173.858503639698,770.9351196289062,1024.0,534.9999389648438,709.0,567.2315063476562,686.469970703125,803.1666870117188,1023.9998779296876,1,0.0,0.0,-1,0.0,0.0,0.1593091189861297,0.0125635705028912,2.6856117010229568,4,False,0,0,0,0,grand,45-60,0.0005035400390625,0.5899182630486814,0.2111827023592765,0.1556839529601993,0.4594783474335632,-0.0554987493990771,0.2946808326452635,Q4
val,P2331,18,val:P2331:18,bridge,8,0,2854.0,108.0,188.0,207.96633911132807,13.34166431427002,62.81888891452277,134.0,64.0,147.0,67.0,52.0,252.0,39.0,245.0,3274,1959,GoogleEarth,0.553728736607,0.0004449803750245,15.58773584858456,P2331__x0_y0,3,0,0,1024,1.0,2854.0,134.0,64.0,147.0,67.0,52.0,252.0,39.0,245.0,1,0.0,0.0,-1,39.0,0.0380859375,0.0908203125,0.0027217864990234,2.8086636180099687,4,False,0,0,0,0,moyen,60-75,0.0005035400390625,0.5894678074467781,0.2344058746291078,0.162676153250346,0.4992507738931629,-0.0717297213787618,0.29202325938653106,Q4
val,P2331,19,val:P2331:19,baseball-diamond,3,0,13932.5,163.0,155.0,130.6139373779297,106.0235824584961,28.207490879015296,1834.0,1764.0,1724.0,1705.0,1769.0,1609.0,1887.0,1665.0,3274,1959,GoogleEarth,0.553728736607,0.002172280685014,1.2319328808669496,P2331__x1024_y935,3,1024,935,1024,1.0,13932.5,810.0,829.0,700.0,770.0,745.0,674.0,863.0,730.0,1,0.6720501780509949,0.6086826920509338,7,161.0,0.1572265625,0.23876953125,0.01328706741333,0.8028679727707445,5,False,0,1,1,1,grand,15-30,0.0005035400390625,0.0641440117775485,0.133650342563105,0.1117664894639032,-0.9476135255485114,-0.0218838530992017,0.1892079470943384,Q4
val,P2331,2,val:P2331:2,tennis-court,4,0,2299.5,37.0,63.0,63.0079345703125,36.0,90.0,2444.0,807.0,2481.0,807.0,2481.0,870.0,2445.0,870.0,3274,1959,GoogleEarth,0.553728736607,0.0003585257086086,1.750220404730903,P2331__x2250_y0,1,2250,0,1024,1.0,2299.5,194.0,807.0,231.0,807.0,231.0,870.0,195.0,870.0,1,0.0,0.0,-1,154.0,0.150390625,0.18115234375,0.0021929740905761,1.0116810556417404,3,False,0,0,0,0,moyen,75-90,0.0005035400390625,0.4357330878207758,0.3331625424393403,0.2142826081116745,0.4715543712258028,-0.1188799343276657,-0.14145447332159092,Q3
val,P2331,20,val:P2331:20,roundabout,12,0,3286.0,53.0,62.0,62.0,53.0,90.0,1442.0,1445.0,1495.0,1445.0,1495.0,1507.0,1442.0,1507.0,3274,1959,GoogleEarth,0.553728736607,0.0005123354983639,1.169811320754717,P2331__x1024_y935,4,1024,935,1024,1.0,3286.0,418.0,510.0,471.0,510.0,471.0,572.0,418.0,572.0,1,0.0,0.0,-1,418.0,0.408203125,0.43408203125,0.0031337738037109,0.7746402148111282,5,False,0,0,0,0,grand,75-90,0.0005035400390625,0.5677130048295846,0.2327791735821021,0.1745637825250613,0.4802675524104961,-0.0582153910570407,-0.11059338786055677,Q4
val,P2331,22,val:P2331:22,soccer-ball-field,13,0,5709.0,119.0,102.0,112.37882232666016,49.658836364746094,31.5042667192042,2570.0,788.0,2663.0,845.0,2642.0,890.0,2544.0,835.0,3274,1959,GoogleEarth,0.553728736607,0.0008901166646865,2.2630176329794223,P2331__x2250_y0,2,2250,0,1024,1.0,5709.0,320.0,788.0,413.0,845.0,392.0,890.0,294.0,835.0,1,0.0,0.0,-1,134.0,0.130859375,0.18017578125,0.0054445266723632,1.1826524215130465,3,False,0,0,0,0,grand,30-45,0.0005035400390625,0.1551751113373347,0.1698894764223072,0.1571697407714017,0.1883745724148022,-0.0127197356509054,0.026354078921897745,Q4
val,P2331,3,val:P2331:3,tennis-court,4,0,945.0,21.0,45.0,45.0,21.0,90.0,1696.0,1792.0,1717.0,1792.0,1717.0,1837.0,1696.0,1837.0,3274,1959,GoogleEarth,0.553728736607,0.0001473393323049,2.142857142857143,P2331__x1024_y935,0,1024,935,1024,1.0,945.0,672.0,857.0,693.0,857.0,693.0,902.0,672.0,902.0,1,0.8200411200523376,0.6117113828659058,6,122.0,0.119140625,0.14111328125,0.0009012222290039,1.1451323043030026,5,False,0,1,1,1,petit,75-90,0.0005035400390625,0.4280696310019699,0.3598257699309906,0.1513498439312232,-1.3277979007893497,-0.2084759259997673,-0.13930665454410737,Q3
val,P2331,4,val:P2331:4,tennis-court,4,0,860.0,20.0,43.0,43.0,20.0,90.0,1725.0,1794.0,1745.0,1794.0,1745.0,1837.0,1725.0,1837.0,3274,1959,GoogleEarth,0.553728736607,0.0001340865881293,2.15,P2331__x1024_y935,1,1024,935,1024,1.0,860.0,701.0,859.0,721.0,859.0,721.0,902.0,701.0,902.0,1,0.8813962936401367,0.5987473726272583,8,122.0,0.119140625,0.14013671875,0.0008201599121093,1.1474024528375415,5,False,0,1,1,1,petit,75-90,0.0005035400390625,0.4278812220122897,0.3612530754837292,0.1513498439312232,-1.326361822132086,-0.2099032315525059,-0.13930665454410737,Q3
val,P2331,5,val:P2331:5,tennis-court,4,0,855.0,19.0,45.0,45.0,19.0,90.0,1754.0,1794.0,1773.0,1794.0,1773.0,1839.0,1754.0,1839.0,3274,1959,GoogleEarth,0.553728736607,0.0001333070149425,2.3684210526315788,P2331__x1024_y935,2,1024,935,1024,1.0,855.0,730.0,859.0,749.0,859.0,749.0,904.0,730.0,904.0,1,0.8229649662971497,0.6320555210113525,5,120.0,0.1171875,0.13916015625,0.0008153915405273,1.2144441041932312,5,False,0,1,1,1,petit,75-90,0.0005035400390625,0.4204891544130916,0.3601709896224445,0.1573984805071747,-1.3068571267716638,-0.2027725091152697,-0.11805330009147923,Q4
val,P2375,0,val:P2375:0,roundabout,12,0,5585.0,80.0,74.0,78.10249328613281,70.06425476074219,2.9356734464211627,749.0,871.0,827.0,867.0,829.0,941.0,752.0,941.0,1565,2194,GoogleEarth,0.55152882474,0.0016265679561744,1.1147266684394186,P2375__x0_y0,0,0,0,1024,1.0,5585.0,749.0,871.0,827.0,867.0,829.0,941.0,752.0,941.0,2,0.0,0.0,-1,83.0,0.0810546875,0.1162109375,0.0053262710571289,0.7489255693662907,4,False,0,0,0,0,grand,0-15,0.0005035400390625,0.4374938731972247,0.216038452704673,0.1780054404042252,0.3460311648003644,-0.0380330123004478,-0.08877414750399246,Q4
val,P2375,1,val:P2375:1,tennis-court,4,0,1776.0,57.0,48.0,47.53945541381836,37.64305877685547,14.620873988631644,840.0,360.0,886.0,348.0,897.0,384.0,852.0,396.0,1565,2194,GoogleEarth,0.55152882474,0.0005172398729034,1.2629009692232451,P2375__x541_y0,1,541,0,1024,1.0,1776.0,299.0,360.0,345.0,348.0,356.0,384.0,311.0,396.0,2,0.0,0.0,-1,299.0,0.2919921875,0.320068359375,0.0016937255859375,0.8166476048557074,4,False,0,0,0,0,moyen,0-15,0.0005035400390625,0.3059876152684001,0.2448410800447016,0.1459543137194609,0.253903883281669,-0.0988867663252406,-0.007115510036116673,Q4
val,P2375,2,val:P2375:2,soccer-ball-field,13,0,16416.0,156.0,180.0,154.6932373046875,103.12128448486328,67.57957256402631,778.0,524.0,875.0,489.0,934.0,632.0,831.0,669.0,1565,2194,GoogleEarth,0.55152882474,0.0047809739603507,1.500109682278,P2375__x541_y0,2,541,0,1024,1.0,16416.0,237.0,524.0,334.0,489.0,393.0,632.0,290.0,669.0,2,0.0,0.0,-1,237.0,0.2314453125,0.30615234375,0.015655517578125,0.916334603822967,4,False,0,0,0,0,grand,60-75,0.0005035400390625,0.3090481397526625,0.1706587733591668,0.1486853165886884,0.2250173730943934,-0.0219734567704784,0.09385985353808556,Q4
val,P2375,3,val:P2375:3,ground-track-field,6,0,22888.0,185.0,208.0,180.1360626220703,126.49110412597656,68.84830861653519,762.0,512.0,882.0,472.0,947.0,640.0,825.0,680.0,1565,2194,GoogleEarth,0.55152882474,0.0066658706143097,1.4241006422290932,P2375__x541_y0,3,541,0,1024,1.0,22888.0,221.0,512.0,341.0,472.0,406.0,640.0,284.0,680.0,2,0.0,0.0,-1,221.0,0.2158203125,0.3056640625,0.0218276977539062,0.8854605864165833,4,False,0,0,0,0,grand,60-75,0.0005035400390625,0.1961893645929741,0.1691283436951316,0.1466888929345209,0.1879687427183049,-0.0224394507606107,0.10660509209540582,Q4
val,P2385,0,val:P2385:0,bridge,8,0,2343.5,121.0,247.0,268.8959045410156,8.5440034866333,65.15044936973827,1256.0,1483.0,1264.0,1479.0,1377.0,1723.0,1369.0,1726.0,2071,2008,GoogleEarth,1.04999408771,0.0005635353323547,31.471886096686507,P2385__x1024_y984,0,1024,984,1024,1.0,2343.5,232.0,499.0,240.0,495.0,353.0,739.0,345.0,742.0,2,0.0,0.0,-1,232.0,0.2265625,0.28564453125,0.002234935760498,3.4803746717910538,2,False,0,0,0,0,moyen,60-75,0.0005035400390625,0.95,0.2184374408148955,0.2246051005353342,4.374916476018346,0.0061676597204387,0.3649518072137636,Q4
val,P2385,1,val:P2385:1,bridge,8,0,6661.0,98.0,358.0,363.6839294433594,17.262676239013672,77.45410437620062,1619.0,1270.0,1636.0,1273.0,1557.0,1628.0,1538.0,1624.0,2071,2008,GoogleEarth,1.04999408771,0.001601753295846,21.067644692393245,P2385__x1024_y984,1,1024,984,1024,1.0,6661.0,595.0,286.0,612.0,289.0,533.0,644.0,514.0,640.0,2,0.0,0.0,-1,286.0,0.279296875,0.44970703125,0.006352424621582,3.094112494700237,2,False,0,0,0,0,grand,75-90,0.0005035400390625,0.95,0.2452363434592724,0.2246094149350066,4.88409994066118,-0.0206269285242658,0.30934429004221814,Q4
val,P2393,0,val:P2393:0,bridge,8,0,55796.0,1099.0,460.0,1157.7857666015625,43.46262741088867,21.32242055930724,947.0,574.0,2023.0,994.0,2006.0,1034.0,924.0,622.0,2101,1751,GoogleEarth,0.514515194303,0.0151666919916028,26.63865107960553,P2393__x1024_y0,0,1024,0,1024,0.9077475731907304,42506.6672907956,980.0240478515624,1024.0,0.0,652.6707153320312,0.0001220703125,604.0558471679688,999.0001220703124,994.0000610351562,2,0.0,0.0,-1,0.0,0.0,0.2005061954259872,0.0405375168712574,3.319215194510491,1,False,0,0,0,0,grand,15-30,0.0005035400390625,0.1238587366379266,0.19400658098044,0.2369487376815411,0.2643751482668288,0.0429421567011011,-0.3768624931566286,Q2
val,P2478,0,val:P2478:0,roundabout,12,0,2548.0,52.0,49.0,52.0,49.0,0.0,1643.0,629.0,1695.0,629.0,1695.0,678.0,1643.0,678.0,1751,1622,GoogleEarth,0.929489372709,0.000897144559283,1.0612244897959184,P2478__x727_y0,0,727,0,1024,1.0,2548.0,916.0,629.0,968.0,629.0,968.0,678.0,916.0,678.0,2,0.7194745540618896,0.2879623472690582,0,56.0,0.0546875,0.080078125,0.0024299621582031,0.7233002187306329,1,False,0,1,1,1,moyen,0-15,0.0005035400390625,0.95,0.1972790200731854,0.1767203061309471,-16.074978312478514,-0.0205587139422383,-0.8146038407228532,Q1
val,P2571,0,val:P2571:0,tennis-court,4,0,5217.0,92.0,109.0,93.91485595703124,55.009090423583984,63.43494882292201,423.0,1164.0,473.0,1138.0,515.0,1222.0,466.0,1247.0,1045,1424,GoogleEarth,0.121828543773,0.0035058599000053,1.7072606588086257,P2571__x0_y400,0,0,400,1024,1.0,5217.0,423.0,764.0,473.0,738.0,515.0,822.0,466.0,847.0,2,0.0,0.972569227218628,2,177.0,0.1728515625,0.225830078125,0.0049753189086914,0.9959372966535632,9,False,0,0,0,0,grand,60-75,0.0005035400390625,0.05,0.4050975919001448,0.1087007357004274,0.1300216615899088,-0.2963968561997173,-0.42145121986019324,Q1
val,P2571,1,val:P2571:1,tennis-court,4,0,18706.0,175.0,220.0,201.258544921875,93.471923828125,62.79120310874664,861.0,639.0,945.0,598.0,1036.0,775.0,953.0,818.0,1045,1424,GoogleEarth,0.121828543773,0.0125705607225417,2.1531443526501786,P2571__x21_y0,0,21,0,1024,1.0,18706.0,840.0,639.0,924.0,598.0,1015.0,775.0,932.0,818.0,4,0.882862389087677,0.955128252506256,2,9.0,0.0087890625,0.093994140625,0.0178394317626953,1.1484001621505726,8,False,0,1,1,1,grand,60-75,0.0005035400390625,0.05,0.4097859446004018,0.1049946145827506,-0.9260692830698598,-0.3047913300176512,-0.35198867518310273,Q2
val,P2571,2,val:P2571:2,tennis-court,4,0,19538.5,178.0,225.0,204.8243103027344,94.81033325195312,63.30984906644747,622.0,754.0,708.0,710.0,800.0,893.0,715.0,935.0,1045,1424,GoogleEarth,0.121828543773,0.013130006451266,2.1603585102736145,P2571__x21_y400,2,21,400,1024,1.0,19538.5,601.0,354.0,687.0,310.0,779.0,493.0,694.0,535.0,4,0.8175554275512695,0.461034208536148,15,245.0,0.2392578125,0.325927734375,0.0186333656311035,1.1506854737817915,9,False,0,1,1,1,grand,60-75,0.0005035400390625,0.05,0.4144740777264614,0.1645587646011545,-0.8662583892027159,-0.2499153131253069,-0.4126566468011868,Q2
val,P2571,3,val:P2571:3,tennis-court,4,0,19331.0,177.0,220.0,201.24612426757807,96.17691802978516,63.43494882292201,488.0,822.0,575.0,781.0,665.0,961.0,577.0,1001.0,1045,1424,GoogleEarth,0.121828543773,0.0129905650233858,2.0924576123894294,P2571__x21_y400,3,21,400,1024,1.0,19331.0,467.0,422.0,554.0,381.0,644.0,561.0,556.0,601.0,4,0.8717734217643738,0.8781300783157349,6,380.0,0.37109375,0.457763671875,0.0184354782104492,1.1289661186067153,9,False,0,1,1,1,grand,60-75,0.0005035400390625,0.05,0.4332735677704316,0.1914830057767247,-0.8383447011827263,-0.2417905619937069,-0.4390501461829327,Q1
val,P2571,4,val:P2571:4,tennis-court,4,0,18937.5,174.0,220.0,198.5648498535156,94.81033325195312,63.30561319719919,337.0,897.0,422.0,855.0,511.0,1032.0,425.0,1075.0,1045,1424,GoogleEarth,0.121828543773,0.0127261303155744,2.094337642774029,P2571__x0_y400,4,0,400,1024,1.0,18937.5,337.0,497.0,422.0,455.0,511.0,632.0,425.0,675.0,4,0.8298336267471313,0.738427996635437,10,337.0,0.3291015625,0.413818359375,0.0180602073669433,1.1295738744366497,9,False,0,1,1,1,grand,60-75,0.0005035400390625,0.05,0.432724960772895,0.1914830057767247,-0.8383735752352282,-0.2412419549961703,-0.4390501461829327,Q1
val,P2571,5,val:P2571:5,tennis-court,4,0,19331.5,178.0,221.0,201.71762084960932,95.7131118774414,63.04782106877106,642.0,377.0,730.0,335.0,820.0,512.0,735.0,556.0,1045,1424,GoogleEarth,0.121828543773,0.0129909010268265,2.107523377861797,P2571__x21_y0,4,21,0,1024,1.0,19331.5,621.0,377.0,709.0,335.0,799.0,512.0,714.0,556.0,4,0.8866792321205139,0.9669172763824464,1,225.0,0.2197265625,0.305908203125,0.0184359550476074,1.1338260674192573,8,False,0,1,1,1,grand,60-75,0.0005035400390625,0.05,0.4150793909003696,0.1477793322145711,-0.8830059630011989,-0.2673000586857985,-0.3827108762802407,Q2
val,P2571,6,val:P2571:6,tennis-court,4,0,19422.5,177.0,221.0,200.3521881103516,97.04637908935548,63.43494882292201,507.0,443.0,595.0,401.0,684.0,579.0,597.0,622.0,1045,1424,GoogleEarth,0.121828543773,0.0130520536530294,2.064499366080184,P2571__x21_y0,5,21,0,1024,1.0,19422.5,486.0,443.0,574.0,401.0,663.0,579.0,576.0,622.0,4,0.865960419178009,0.9551241397857666,3,361.0,0.3525390625,0.438720703125,0.0185227394104003,1.119884217084494,8,False,0,1,1,1,grand,60-75,0.0005035400390625,0.05,0.4289112111553365,0.1910444148132109,-0.839012889862824,-0.2378667963421255,-0.4114394293563624,Q2
val,P2571,7,val:P2571:7,tennis-court,4,0,19884.5,179.0,226.0,204.8414001464844,96.17691802978516,63.56170919024968,350.0,518.0,439.0,474.0,529.0,655.0,444.0,700.0,1045,1424,GoogleEarth,0.121828543773,0.0133625208322133,2.129839511836372,P2571__x0_y0,6,0,0,1024,1.0,19884.5,350.0,518.0,439.0,474.0,529.0,655.0,444.0,700.0,4,0.8646677732467651,0.8715882301330566,9,324.0,0.31640625,0.427001953125,0.01896333694458,1.1409817290638131,8,False,0,1,1,1,grand,60-75,0.0005035400390625,0.05,0.4344644466811166,0.1910566225319607,-0.8387084065900856,-0.2434078241491559,-0.4211537809780835,Q1
val,P2571,8,val:P2571:8,tennis-court,4,0,19798.0,178.0,224.0,203.93136596679688,96.60227966308594,63.94650468950905,215.0,586.0,305.0,544.0,393.0,724.0,307.0,768.0,1045,1424,GoogleEarth,0.121828543773,0.0133043922369765,2.111040926549935,P2571__x0_y0,7,0,0,1024,1.0,19798.0,215.0,586.0,305.0,544.0,393.0,724.0,307.0,768.0,4,0.8824008703231812,0.9851055145263672,2,215.0,0.2099609375,0.2978515625,0.0188808441162109,1.134957373261284,8,False,0,1,1,1,grand,60-75,0.0005035400390625,0.05,0.4152669739159959,0.1478084001864242,-0.8829670222390498,-0.2674585737295716,-0.3788143168713592,Q2
val,P2582,19,val:P2582:19,soccer-ball-field,13,0,134745.0,455.0,512.0,429.1596374511719,314.1973876953125,67.67795950811977,775.0,652.0,1068.0,767.0,905.0,1164.0,613.0,1048.0,1698,1749,GoogleEarth,0.232331160124,0.0453717116494635,1.3658918064186518,P2582__x0_y0,0,0,0,1024,0.7729976645701139,92963.29891806096,913.9771728515624,1024.0,622.8182373046875,1024.0,776.448486328125,648.4592895507812,1024.0,767.5697631835938,1,0.0,0.0,-1,0.0,0.0,0.1542897820472717,0.0886567105465516,0.8611550360316018,2,False,0,0,0,0,grand,60-75,0.0005035400390625,0.05,0.4696211432476366,0.1668209131503947,0.1915378154265861,-0.3028002300972419,-0.3570276150704497,Q2
val,P2582,42,val:P2582:42,soccer-ball-field,13,0,136154.0,448.0,538.0,463.6992492675781,294.53863525390625,67.69379494509236,322.0,447.0,597.0,556.0,421.0,985.0,149.0,872.0,1698,1749,GoogleEarth,0.232331160124,0.0458461540533678,1.5743240232910274,P2582__x0_y0,1,0,0,1024,1.0,136154.0,322.0,447.0,597.0,556.0,421.0,985.0,149.0,872.0,1,0.0,0.0,-1,39.0,0.0380859375,0.3017578125,0.1298465728759765,0.9455869844257604,2,False,0,0,0,0,grand,60-75,0.0005035400390625,0.05,0.4737024136645139,0.1721381657304389,0.1970698717127817,-0.301564247934075,-0.32642554669707574,Q2
val,P2754,0,val:P2754:0,large-vehicle,9,0,327.0,33.0,14.0,33.241539001464844,10.0,6.911227119024681,2254.0,691.0,2254.0,681.0,2287.0,685.0,2286.0,695.0,3457,3722,GoogleEarth,0.28659911825,2.5413940237914896e-05,3.3241539001464844,P2754__x2048_y0,0,2048,0,1024,1.0,327.0,206.0,691.0,206.0,681.0,239.0,685.0,238.0,695.0,1,0.0,0.0,-1,206.0,0.201171875,0.217041015625,0.0003118515014648,1.4642164912218592,6,False,1,0,0,0,tres petit,0-15,0.0005035400390625,0.5319892575357354,0.5941184559991566,0.2542468720336948,-0.8177888885580573,-0.3398715839654618,-0.3126308717022455,Q2
val,P2754,1,val:P2754:1,ground-track-field,6,0,54552.0,356.0,177.0,349.5726013183594,157.71493530273438,3.1891359147333715,2427.0,2185.0,2768.0,2204.0,2761.0,2362.0,2412.0,2342.0,3457,3722,GoogleEarth,0.28659911825,0.0042396980668462,2.216483813960634,P2754__x2048_y2048,0,2048,2048,1024,1.0,54552.0,379.0,137.0,720.0,156.0,713.0,314.0,364.0,294.0,2,0.0,0.0,-1,137.0,0.1337890625,0.219970703125,0.0520248413085937,1.1682887796661847,3,False,0,0,0,0,grand,0-15,0.0005035400390625,0.05,0.3099192414286977,0.1721512623157665,0.1884628013383295,-0.1377679791129312,-0.13929470351719583,Q3
val,P2754,100,val:P2754:100,storage-tank,2,0,960.0,30.0,32.0,32.0,30.0,90.0,874.0,3114.0,904.0,3114.0,904.0,3146.0,874.0,3146.0,3457,3722,GoogleEarth,0.28659911825,7.460973280855749e-05,1.0666666666666669,P2754__x0_y2698,13,0,2698,1024,1.0,960.0,874.0,416.0,904.0,416.0,904.0,448.0,874.0,448.0,1,0.0,0.0,-1,120.0,0.1171875,0.1318359375,0.00091552734375,0.7259370033829363,14,False,0,0,0,0,petit,75-90,0.0005035400390625,0.1100024453086297,0.4464841539652919,0.2230883939141158,0.2782732070283144,-0.223395760051176,0.23968693435005278,Q4
val,P2754,101,val:P2754:101,storage-tank,2,1,42.0,6.0,7.0,7.0,6.0,90.0,897.0,1359.0,903.0,1359.0,903.0,1366.0,897.0,1366.0,3457,3722,GoogleEarth,0.28659911825,3.26417581037439e-06,1.1666666666666667,P2754__x0_y1024,5,0,1024,1024,1.0,42.0,897.0,335.0,903.0,335.0,903.0,342.0,897.0,342.0,1,0.0,0.0,-1,121.0,0.1181640625,0.12109375,4.00543212890625e-05,0.7731898882334818,10,False,1,0,0,0,tres petit,75-90,0.0005035400390625,0.1046363127414985,0.4560531003399501,0.223006549921536,-2.36430045337721,-0.2330465504184141,-0.5350703315603483,Q1
val,P2754,102,val:P2754:102,storage-tank,2,1,64.0,8.0,8.0,8.0,8.0,0.0,907.0,1361.0,915.0,1361.0,915.0,1369.0,907.0,1369.0,3457,3722,GoogleEarth,0.28659911825,4.973982187237166e-06,1.0,P2754__x0_y1024,6,0,1024,1024,1.0,64.0,907.0,337.0,915.0,337.0,915.0,345.0,907.0,345.0,1,0.0,0.0,-1,109.0,0.1064453125,0.1103515625,6.103515625e-05,0.6931471805599453,10,False,1,0,0,0,tres petit,0-15,0.0005035400390625,0.0744582293360981,0.3406450954839198,0.1522228618688219,-2.232828382218241,-0.1884222336150979,0.7194727714564081,Q4
val,P2754,103,val:P2754:103,storage-tank,2,1,81.0,9.0,9.0,9.0,9.0,0.0,916.0,1363.0,925.0,1363.0,925.0,1372.0,916.0,1372.0,3457,3722,GoogleEarth,0.28659911825,6.295196205722038e-06,1.0,P2754__x0_y1024,7,0,1024,1024,1.0,81.0,916.0,339.0,925.0,339.0,925.0,348.0,916.0,348.0,1,0.0,0.0,-1,99.0,0.0966796875,0.10107421875,7.724761962890625e-05,0.6931471805599453,10,False,1,0,0,0,tres petit,0-15,0.0005035400390625,0.0746313528623791,0.3425762453939557,0.1510660728107706,-2.215673838614241,-0.1915101725831851,0.6757104705674831,Q4
val,P2754,104,val:P2754:104,storage-tank,2,1,90.0,9.0,10.0,10.0,9.0,90.0,930.0,1367.0,939.0,1367.0,939.0,1377.0,930.0,1377.0,3457,3722,GoogleEarth,0.28659911825,6.994662450802265e-06,1.1111111111111112,P2754__x0_y1024,8,0,1024,1024,1.0,90.0,930.0,343.0,939.0,343.0,939.0,353.0,930.0,353.0,1,0.0,0.0,-1,85.0,0.0830078125,0.08740234375,8.58306884765625e-05,0.7472144018302211,10,False,1,0,0,0,tres petit,75-90,0.0005035400390625,0.1066146125696971,0.4667948018432906,0.2207521652518689,-2.3166046349062084,-0.2460426365914216,-0.604377563960107,Q1
val,P2754,122,val:P2754:122,large-vehicle,9,0,140.0,20.0,14.0,18.3847770690918,7.6157732009887695,22.38013505195957,134.0,1958.0,131.0,1965.0,114.0,1958.0,117.0,1951.0,3457,3722,GoogleEarth,0.28659911825,1.08805860345813e-05,2.414039465711094,P2754__x0_y1024,9,0,1024,1024,1.0,140.0,134.0,934.0,131.0,941.0,114.0,934.0,117.0,927.0,1,0.0,0.0,-1,83.0,0.0810546875,0.087890625,0.0001335144042968,1.227896184267675,10,False,1,0,0,0,tres petit,15-30,0.0005035400390625,0.59364027487864,0.4996011237066194,0.2162289402585618,-0.6476145527899394,-0.2833721834480576,-0.3971006116713118,Q2
val,P2754,21,val:P2754:21,large-vehicle,9,0,340.0,29.0,40.0,43.046485900878906,7.6157732009887695,57.84770485871766,957.0,2776.0,950.0,2771.0,972.0,2736.0,979.0,2739.0,3457,3722,GoogleEarth,0.28659911825,2.6424280369697443e-05,5.652280440190906,P2754__x0_y2048,0,0,2048,1024,1.0,340.0,957.0,728.0,950.0,723.0,972.0,688.0,979.0,691.0,2,0.0,0.0,-1,45.0,0.0439453125,0.05810546875,0.0003242492675781,1.8949597192199723,17,False,1,0,0,0,tres petit,45-60,0.0005035400390625,0.5772416679179887,0.5412287785115335,0.3148644362309934,-0.7718281466636423,-0.2263643422805401,-0.3090605830243884,Q2
val,P2754,22,val:P2754:22,large-vehicle,9,0,233.5,22.0,26.0,25.80697631835937,9.219544410705566,55.00797980144132,1006.0,2752.0,1013.0,2758.0,999.0,2778.0,991.0,2773.0,3457,3722,GoogleEarth,0.28659911825,1.8147263136248096e-05,2.7991596079729044,P2754__x0_y2048,1,0,2048,1024,1.0,233.5,1006.0,704.0,1013.0,710.0,999.0,730.0,991.0,725.0,2,0.0,0.0,-1,11.0,0.0107421875,0.021240234375,0.0002226829528808,1.3347798864771867,17,False,1,0,0,0,tres petit,45-60,0.0005035400390625,0.6372616754462874,0.5310160265833672,0.2370214589029141,-0.6659319805759064,-0.293994567680453,-0.394920291929367,Q2
val,P2754,23,val:P2754:23,large-vehicle,9,0,123.5,14.0,20.0,17.8885440826416,6.4031243324279785,59.03624346792648,1020.0,2731.0,1026.0,2736.0,1017.0,2751.0,1012.0,2747.0,3457,3722,GoogleEarth,0.28659911825,9.598231251934218e-06,2.7937211826493624,P2754__x0_y2048,2,0,2048,1024,0.9595131816169028,114.54263699054718,1017.933349609375,703.467041015625,1011.4000244140624,700.200439453125,1020.0,683.000244140625,1024.0,686.266845703125,2,0.0,0.0,-1,0.0,0.0,0.0055338442325592,0.0001092363710313,1.3333473797900637,17,False,1,0,0,0,tres petit,45-60,0.0005035400390625,0.6426475396316973,0.5325429279366507,0.2370214589029141,-0.6643417698766398,-0.2955214690337365,-0.39577413831786695,Q2
val,P2754,24,val:P2754:24,large-vehicle,9,0,170.0,22.0,13.0,20.615528106689453,8.246211051940918,14.036243467926482,678.0,2804.0,676.0,2812.0,656.0,2807.0,658.0,2799.0,3457,3722,GoogleEarth,0.28659911825,1.321214018484872e-05,2.5000000578250003,P2754__x0_y2048,3,0,2048,1024,1.0,170.0,678.0,756.0,676.0,764.0,656.0,759.0,658.0,751.0,2,0.0,0.0,-1,260.0,0.25390625,0.26025390625,0.000162124633789,1.2527629850167965,17,False,1,0,0,0,tres petit,0-15,0.0005035400390625,0.5862030451663466,0.571855945414356,0.1799784421218618,-0.698901568769311,-0.3918775032924941,-0.33906547747336874,Q2
val,P2754,25,val:P2754:25,large-vehicle,9,0,205.5,27.0,16.0,25.63201141357422,7.6157732009887695,18.43494882292201,357.0,2762.0,360.0,2755.0,384.0,2763.0,381.0,2771.0,3457,3722,GoogleEarth,0.28659911825,1.5971145929331837e-05,3.365647943697479,P2754__x0_y2048,4,0,2048,1024,1.0,205.5,357.0,714.0,360.0,707.0,384.0,715.0,381.0,723.0,2,0.0,0.0,-1,301.0,0.2939453125,0.302001953125,0.0001959800720214,1.4737666189849503,17,False,1,0,0,0,tres petit,15-30,0.0005035400390625,0.5637837529774569,0.6296714407629187,0.2512956304616157,-0.8241063393108252,-0.378375810301303,-0.32247477002058345,Q2
val,P2754,26,val:P2754:26,storage-tank,2,1,156.0,12.0,13.0,13.0,12.0,90.0,445.0,1290.0,457.0,1290.0,457.0,1303.0,445.0,1303.0,3457,3722,GoogleEarth,0.28659911825,1.2124081581390592e-05,1.0833333333333333,P2754__x0_y1024,0,0,1024,1024,1.0,156.0,445.0,266.0,457.0,266.0,457.0,279.0,445.0,279.0,1,0.0,0.0,-1,266.0,0.259765625,0.26611328125,0.0001487731933593,0.7339691750802004,10,False,1,0,0,0,tres petit,75-90,0.0005035400390625,0.1026513236517469,0.4534874330557397,0.2176989329604061,-2.3565495893431225,-0.2357885000953336,-0.10391939258687302,Q4
val,P2754,27,val:P2754:27,storage-tank,2,0,210.0,14.0,15.0,15.0,14.0,90.0,459.0,1293.0,473.0,1293.0,473.0,1308.0,459.0,1308.0,3457,3722,GoogleEarth,0.28659911825,1.632087905187195e-05,1.0714285714285714,P2754__x0_y1024,1,0,1024,1024,1.0,210.0,459.0,269.0,473.0,269.0,473.0,284.0,459.0,284.0,1,0.0,0.0,-1,269.0,0.2626953125,0.27001953125,0.0002002716064453,0.7282385003712154,10,False,1,0,0,0,tres petit,75-90,0.0005035400390625,0.1027944616800679,0.4544101358258573,0.219182395200422,-2.367467081326432,-0.2352277406254352,0.2698922561290559,Q4
val,P2754,28,val:P2754:28,storage-tank,2,1,168.0,12.0,14.0,14.0,12.0,90.0,476.0,1297.0,488.0,1297.0,488.0,1311.0,476.0,1311.0,3457,3722,GoogleEarth,0.28659911825,1.305670324149756e-05,1.1666666666666667,P2754__x0_y1024,2,0,1024,1024,1.0,168.0,476.0,273.0,488.0,273.0,488.0,287.0,476.0,287.0,1,0.0,0.0,-1,273.0,0.2666015625,0.2734375,0.0001602172851562,0.7731898882334818,10,False,1,0,0,0,tres petit,75-90,0.0005035400390625,0.1008380292388028,0.4544783358373646,0.2191341207745091,-2.408473960147018,-0.2353442150628554,-0.1643652530804649,Q3
val,P2754,30,val:P2754:30,large-vehicle,9,0,123.0,18.0,13.0,17.0880069732666,7.280109882354736,23.198590513648185,3055.0,1776.0,3057.0,1783.0,3043.0,1789.0,3039.0,1782.0,3457,3722,GoogleEarth,0.28659911825,9.559372016096428e-06,2.3472182768400085,P2754__x2433_y1024,0,2433,1024,1024,1.0,123.0,622.0,752.0,624.0,759.0,610.0,765.0,606.0,758.0,2,0.0,0.0,-1,259.0,0.2529296875,0.25927734375,0.0001173019409179,1.2081296357705051,8,False,1,0,0,0,tres petit,15-30,0.0005035400390625,0.5809621796171283,0.5316510122981744,0.1772729967950816,-0.6595149125587839,-0.3543780155030928,-0.2930463487121374,Q2
val,P2754,31,val:P2754:31,storage-tank,2,0,625.0,25.0,25.0,25.0,25.0,0.0,514.0,1299.0,539.0,1299.0,539.0,1324.0,514.0,1324.0,3457,3722,GoogleEarth,0.28659911825,4.857404479723795e-05,1.0,P2754__x0_y1024,3,0,1024,1024,1.0,625.0,514.0,275.0,539.0,275.0,539.0,300.0,514.0,300.0,1,0.0,0.0,-1,275.0,0.2685546875,0.28076171875,0.0005960464477539,0.6931471805599453,10,False,0,0,0,0,petit,0-15,0.0005035400390625,0.0713432704821612,0.3451897032487492,0.1441266928582254,0.1706456008505455,-0.2010630103905238,0.8630997412701591,Q4
val,P2754,32,val:P2754:32,large-vehicle,9,0,112.0,7.0,16.0,16.0,7.0,90.0,2579.0,51.0,2586.0,51.0,2586.0,67.0,2579.0,67.0,3457,3722,GoogleEarth,0.28659911825,8.70446882766504e-06,2.2857142857142856,P2754__x2048_y0,1,2048,0,1024,1.0,112.0,531.0,51.0,538.0,51.0,538.0,67.0,531.0,67.0,2,0.0,0.0,-1,51.0,0.0498046875,0.0576171875,0.0001068115234375,1.1895840668738364,6,False,1,0,0,0,tres petit,75-90,0.0005035400390625,0.6631527121114039,0.5469979279470983,0.2186813961659132,-0.6580767697656702,-0.328316531781185,-0.8373580714779304,Q1
val,P2754,33,val:P2754:33,large-vehicle,9,0,170.0,14.0,23.0,21.840330123901367,7.280109882354736,70.70995378081126,252.0,2948.0,260.0,2951.0,253.0,2971.0,246.0,2969.0,3457,3722,GoogleEarth,0.28659911825,1.321214018484872e-05,3.000000065498621,P2754__x0_y2698,5,0,2698,1024,1.0,170.0,252.0,250.0,260.0,253.0,253.0,273.0,246.0,271.0,2,0.0,0.0,-1,246.0,0.240234375,0.246826171875,0.000162124633789,1.386294377494546,14,False,1,0,0,0,tres petit,60-75,0.0005035400390625,0.627842949784648,0.5824152041303318,0.2527357629361418,-0.7322255923022511,-0.3296794411941899,-0.19760929200882252,Q3
val,P2754,34,val:P2754:34,large-vehicle,9,0,177.0,15.0,25.0,25.29822158813477,7.071067810058594,70.01689347810003,158.0,3060.0,151.0,3057.0,159.0,3035.0,166.0,3036.0,3457,3722,GoogleEarth,0.28659911825,1.3756169486577788e-05,3.577708808300218,P2754__x0_y2698,6,0,2698,1024,1.0,177.0,158.0,362.0,151.0,359.0,159.0,337.0,166.0,338.0,2,0.0,0.0,-1,151.0,0.1474609375,0.15478515625,0.0001688003540039,1.5211986127577553,14,False,1,0,0,0,tres petit,60-75,0.0005035400390625,0.6185175527335054,0.5925936584776136,0.3051831956885112,-0.7808211903258883,-0.2874104627891023,-0.2619930034182165,Q2
val,P2754,35,val:P2754:35,large-vehicle,9,0,99.0,16.0,15.0,15.62049961090088,5.656854152679443,45.0,425.0,2067.0,430.0,2062.0,441.0,2073.0,437.0,2077.0,3457,3722,GoogleEarth,0.28659911825,7.69412869588249e-06,2.761340347355787,P2754__x0_y2048,7,0,2048,1024,1.0,99.0,425.0,19.0,430.0,14.0,441.0,25.0,437.0,29.0,1,0.0,0.0,-1,14.0,0.013671875,0.021240234375,9.441375732421876e-05,1.324775369240139,17,False,1,0,0,0,tres petit,30-45,0.0005035400390625,0.6276517727612639,0.5222648543043755,0.2349251264948281,-0.6616318698699589,-0.2873397278095474,-0.40844482142510774,Q2
val,P2754,36,val:P2754:36,large-vehicle,9,0,129.5,19.0,15.0,19.23538398742676,7.211102485656738,27.89727103094763,550.0,2121.0,552.0,2114.0,569.0,2123.0,565.0,2129.0,3457,3722,GoogleEarth,0.28659911825,1.0064542081987704e-05,2.6674678422178784,P2754__x0_y2048,8,0,2048,1024,1.0,129.5,550.0,73.0,552.0,66.0,569.0,75.0,565.0,81.0,1,0.0,0.0,-1,66.0,0.064453125,0.072021484375,0.0001235008239746,1.2995014626851409,17,False,1,0,0,0,tres petit,15-30,0.0005035400390625,0.6086146460899589,0.520308263075403,0.2657427524679908,-0.6912009977342066,-0.2545655106074121,-0.42234198199429596,Q1
val,P2754,37,val:P2754:37,large-vehicle,9,0,412.5,44.0,28.0,45.18849563598633,8.5440034866333,26.56505117707799,720.0,2204.0,724.0,2195.0,764.0,2215.0,761.0,2223.0,3457,3722,GoogleEarth,0.28659911825,3.205886956617704e-05,5.288913529434023,P2754__x0_y2048,9,0,2048,1024,1.0,412.5,720.0,156.0,724.0,147.0,764.0,167.0,761.0,175.0,1,0.0,0.0,-1,147.0,0.1435546875,0.157470703125,0.0003933906555175,1.8387883259731257,17,False,1,0,0,0,tres petit,15-30,0.0005035400390625,0.5415771053061226,0.5648065441429421,0.3446567517945261,-0.8565444043394663,-0.2201497923484159,-0.25280115691245747,Q3
val,P2754,38,val:P2754:38,large-vehicle,9,0,334.0,41.0,19.0,40.52159881591797,8.246211051940918,15.751173663453017,446.0,2815.0,444.0,2823.0,405.0,2812.0,407.0,2804.0,3457,3722,GoogleEarth,0.28659911825,2.595796953964396e-05,4.913965766905804,P2754__x0_y2048,10,0,2048,1024,1.0,334.0,446.0,767.0,444.0,775.0,405.0,764.0,407.0,756.0,2,0.0,0.0,-1,249.0,0.2431640625,0.25244140625,0.0003185272216796,1.7773166329295629,17,False,1,0,0,0,tres petit,15-30,0.0005035400390625,0.5298151440105086,0.605041763338476,0.2916359339792251,-0.8638542966711644,-0.3134058293592509,-0.2259887261095682,Q3
val,P2754,39,val:P2754:39,large-vehicle,9,0,344.5,36.0,20.0,35.44009017944336,9.219544410705566,16.389540334034763,697.0,2885.0,695.0,2894.0,661.0,2884.0,664.0,2874.0,3457,3722,GoogleEarth,0.28659911825,2.677401349223756e-05,3.844017513304776,P2754__x0_y2048,11,0,2048,1024,1.0,344.5,697.0,837.0,695.0,846.0,661.0,836.0,664.0,826.0,2,0.0,0.0,-1,178.0,0.173828125,0.183349609375,0.0003285408020019,1.5777444411477235,17,False,1,0,0,0,tres petit,15-30,0.0005035400390625,0.5577161855709255,0.6246211673135251,0.2963676299833171,-0.8596486046616861,-0.328253537330208,-0.3052705894390443,Q2
val,P2754,40,val:P2754:40,large-vehicle,9,0,202.5,27.0,15.0,25.29822158813477,7.6157732009887695,16.26020470831196,715.0,2863.0,718.0,2856.0,742.0,2863.0,739.0,2871.0,3457,3722,GoogleEarth,0.28659911825,1.5737990514305094e-05,3.321819192941598,P2754__x0_y2048,12,0,2048,1024,1.0,202.5,715.0,815.0,718.0,808.0,742.0,815.0,739.0,823.0,2,0.0,0.0,-1,201.0,0.1962890625,0.203857421875,0.0001931190490722,1.4636764230915291,17,False,1,0,0,0,tres petit,15-30,0.0005035400390625,0.5689825820983004,0.6201869385351382,0.2545353186893869,-0.8130033081007919,-0.3656516198457512,-0.340682622989074,Q2
val,P2754,41,val:P2754:41,large-vehicle,9,0,194.0,13.0,24.0,22.360679626464844,8.246211051940918,79.69515353123397,1146.0,1630.0,1138.0,1628.0,1142.0,1606.0,1151.0,1609.0,3457,3722,GoogleEarth,0.28659911825,1.507738350506266e-05,2.711630770255606,P2754__x1024_y1024,0,1024,1024,1024,1.0,194.0,122.0,606.0,114.0,604.0,118.0,582.0,127.0,585.0,1,0.0,0.0,-1,114.0,0.111328125,0.117431640625,0.0001850128173828,1.3114713407566294,2,False,1,0,0,0,tres petit,75-90,0.0005035400390625,0.627386445971551,0.5309810229549604,0.29103664435193,-0.7038317421581033,-0.2399443786030303,-0.5316103560797317,Q1
val,P2754,42,val:P2754:42,large-vehicle,9,0,134.5,12.0,21.0,19.92485809326172,6.324555397033691,72.47443162627712,1133.0,1628.0,1126.0,1626.0,1132.0,1607.0,1138.0,1609.0,3457,3722,GoogleEarth,0.28659911825,1.0453134440365609e-05,3.150396643312946,P2754__x1024_y1024,1,1024,1024,1024,1.0,134.5,109.0,604.0,102.0,602.0,108.0,583.0,114.0,585.0,1,0.0,0.0,-1,102.0,0.099609375,0.105712890625,0.0001282691955566,1.4232039063773598,2,False,1,0,0,0,tres petit,60-75,0.0005035400390625,0.608305574606448,0.5507198444521578,0.3052853761293436,-0.747296343132777,-0.2454344683228141,-0.497649927796285,Q1
val,P2754,44,val:P2754:44,large-vehicle,9,0,387.0,41.0,14.0,41.30375289916992,9.05538558959961,6.952957468173906,2041.0,1889.0,2040.0,1880.0,2081.0,1875.0,2081.0,1885.0,3457,3722,GoogleEarth,0.28659911825,3.007704853844974e-05,4.561236237870264,P2754__x2048_y1024,1,2048,1024,1024,0.8218293892320736,333.31571021676064,0.000244140625,864.3001708984375,0.0,854.3992919921875,33.000244140625,851.0001220703125,33.990478515625,860.9010009765625,1,0.0,0.0,-1,0.0,0.0,0.0163552165031433,0.0003178746320884,1.715820428488213,9,False,1,0,0,0,tres petit,0-15,0.0005035400390625,0.5240048379669149,0.5378225020593075,0.2852807732980175,-0.7969656589007095,-0.2525417287612899,-0.34362929803178366,Q2
val,P2754,48,val:P2754:48,large-vehicle,9,0,104.0,7.0,16.0,16.031219482421875,6.0,90.0,2577.0,617.0,2583.0,617.0,2583.0,633.0,2576.0,633.0,3457,3722,GoogleEarth,0.28659911825,8.082721054260394e-06,2.671869913736979,P2754__x2048_y0,2,2048,0,1024,1.0,104.0,529.0,617.0,535.0,617.0,535.0,633.0,528.0,633.0,2,0.0,0.0,-1,391.0,0.3818359375,0.3896484375,9.918212890625e-05,1.3007010455884922,6,False,1,0,0,0,tres petit,75-90,0.0005035400390625,0.6311056932443824,0.5779957232395401,0.2859128017564208,-0.7451176584803454,-0.2920829214831192,-0.32097622257800745,Q2
val,P2754,49,val:P2754:49,large-vehicle,9,1,97.5,14.0,15.0,14.21267032623291,7.211102485656738,50.71059313749964,2614.0,625.0,2619.0,619.0,2628.0,630.0,2622.0,634.0,3457,3722,GoogleEarth,0.28659911825,7.57755098836912e-06,1.9709427725514448,P2754__x2048_y0,3,2048,0,1024,1.0,97.5,566.0,625.0,571.0,619.0,580.0,630.0,574.0,634.0,2,0.0,0.0,-1,390.0,0.380859375,0.3876953125,9.298324584960938e-05,1.0888793342792855,6,False,1,0,0,0,tres petit,45-60,0.0005035400390625,0.611532987178151,0.5575633480978374,0.1682092965414945,-0.6644157408982001,-0.3893540515563428,-0.17945185066141725,Q3
val,P2754,50,val:P2754:50,large-vehicle,9,0,109.0,15.0,8.0,15.033296585083008,7.071067810058594,3.8140748342903534,2640.0,641.0,2640.0,633.0,2655.0,634.0,2654.0,641.0,3457,3722,GoogleEarth,0.28659911825,8.471313412638297e-06,2.12602919232342,P2754__x2048_y0,4,2048,0,1024,1.0,109.0,592.0,641.0,592.0,633.0,607.0,634.0,606.0,641.0,2,0.0,0.0,-1,383.0,0.3740234375,0.377685546875,0.0001039505004882,1.1397635705108375,6,False,1,0,0,0,tres petit,0-15,0.0005035400390625,0.5543397712375995,0.5512919005573249,0.1502728430196101,-0.672103419181326,-0.4010190575377148,-0.2622183477876934,Q2
val,P2754,51,val:P2754:51,large-vehicle,9,0,108.5,13.0,19.0,17.0,6.4031243324279785,60.255118703057775,2436.0,1056.0,2431.0,1051.0,2439.0,1037.0,2444.0,1041.0,3457,3722,GoogleEarth,0.28659911825,8.432454176800508e-06,2.6549539127180792,P2754__x2048_y1024,2,2048,1024,1024,1.0,108.5,388.0,32.0,383.0,27.0,391.0,13.0,396.0,17.0,2,0.0,0.0,-1,13.0,0.0126953125,0.021728515625,0.00010347366333,1.2960834837427844,9,False,1,0,0,0,tres petit,60-75,0.0005035400390625,0.6295366464193959,0.5143587079767824,0.2372971292049499,-0.6540009206745168,-0.2770615787718324,-0.38971982061454663,Q2
val,P2754,52,val:P2754:52,tennis-court,4,0,2246.0,67.0,36.0,66.0302963256836,34.01470184326172,1.7357045889283889,2468.0,2368.0,2534.0,2370.0,2533.0,2404.0,2467.0,2402.0,3457,3722,GoogleEarth,0.28659911825,0.0001745556873833,1.9412281380547844,P2754__x2048_y2048,1,2048,2048,1024,1.0,2246.0,420.0,320.0,486.0,322.0,485.0,356.0,419.0,354.0,2,0.0,0.0,-1,320.0,0.3125,0.330078125,0.0021419525146484,1.07882722815626,3,False,0,0,0,0,moyen,0-15,0.0005035400390625,0.05,0.4564375114105238,0.1897258180859314,0.2137488450022748,-0.2667116933245923,-0.10425688272179982,Q4
val,P2754,53,val:P2754:53,tennis-court,4,0,1599.0,56.0,33.0,56.14267349243164,29.0,4.085616779974877,2645.0,2378.0,2701.0,2382.0,2699.0,2411.0,2645.0,2407.0,3457,3722,GoogleEarth,0.28659911825,0.0001242718362092,1.935954258359712,P2754__x2048_y2048,2,2048,2048,1024,1.0,1599.0,597.0,330.0,653.0,334.0,651.0,363.0,597.0,359.0,2,0.0,0.0,-1,330.0,0.322265625,0.33837890625,0.0015249252319335,1.0770325310531514,3,False,0,0,0,0,moyen,0-15,0.0005035400390625,0.05,0.4576251574543923,0.1879023154820513,0.2119878500849141,-0.269722841972341,-0.12789078581578642,Q4
val,P2754,54,val:P2754:54,basketball-court,5,0,5218.0,74.0,110.0,98.71676635742188,52.88667297363281,76.52684188726886,2878.0,1441.0,2929.0,1455.0,2906.0,1551.0,2855.0,1537.0,3457,3722,GoogleEarth,0.28659911825,0.0004055349852031,1.8665716863421928,P2754__x2433_y1024,2,2433,1024,1024,1.0,5218.0,445.0,417.0,496.0,431.0,473.0,527.0,422.0,513.0,2,0.0,0.0,-1,417.0,0.4072265625,0.4482421875,0.0049762725830078,1.0531167813711253,8,False,0,0,0,0,grand,75-90,0.0005035400390625,0.05,0.3864013899198245,0.1476867907105386,0.1680237059694768,-0.2387145992092859,-0.23561520337897068,Q3
val,P2754,55,val:P2754:55,basketball-court,5,0,4996.5,74.0,107.0,98.23441314697266,50.44799423217773,75.8219355852931,2906.0,1335.0,2955.0,1347.0,2931.0,1442.0,2881.0,1430.0,3457,3722,GoogleEarth,0.28659911825,0.000388320343727,1.9472412063573152,P2754__x2433_y1024,3,2433,1024,1024,1.0,4996.5,473.0,311.0,522.0,323.0,498.0,418.0,448.0,406.0,2,0.0,0.0,-1,311.0,0.3037109375,0.35595703125,0.0047650337219238,1.0808695485084292,8,False,0,0,0,0,grand,75-90,0.0005035400390625,0.05,0.3717737760708495,0.1466295149457873,0.1661965557916215,-0.2251442611250621,-0.25689470884600546,Q3
val,P2754,56,val:P2754:56,basketball-court,5,0,4274.0,72.0,99.0,89.84430694580078,47.80167388916016,73.17859010995917,2795.0,1378.0,2841.0,1391.0,2815.0,1477.0,2769.0,1462.0,3457,3722,GoogleEarth,0.28659911825,0.0003321687479414,1.8795221931794008,P2754__x2433_y1024,4,2433,1024,1024,1.0,4274.0,362.0,354.0,408.0,367.0,382.0,453.0,336.0,438.0,2,0.0,0.0,-1,336.0,0.328125,0.36328125,0.0040760040283203,1.057624375238032,8,False,0,0,0,0,grand,60-75,0.0005035400390625,0.05,0.3672104051546833,0.1477340976444075,0.1670609610736013,-0.2194763075102757,-0.160376911428013,Q3
val,P2754,57,val:P2754:57,large-vehicle,9,0,397.0,42.0,18.0,41.0,9.219544410705566,11.309932474020211,2438.0,1497.0,2478.0,1505.0,2476.0,1515.0,2436.0,1506.0,3457,3722,GoogleEarth,0.28659911825,3.085423325520554e-05,4.447074407753983,P2754__x2048_y1024,6,2048,1024,1024,1.0,397.0,390.0,473.0,430.0,481.0,428.0,491.0,388.0,482.0,2,0.0,0.0,-1,388.0,0.37890625,0.3994140625,0.0003786087036132,1.6950786586265734,9,False,1,0,0,0,tres petit,0-15,0.0005035400390625,0.5054759467219597,0.624882615286066,0.2896532959116037,-0.908260138724071,-0.3352293193744622,-0.2078458194921043,Q3
val,P2754,58,val:P2754:58,tennis-court,4,0,936.5,33.0,51.0,47.12748718261719,19.92485809326172,72.34987578006987,2716.0,1069.0,2735.0,1076.0,2721.0,1120.0,2702.0,1114.0,3457,3722,GoogleEarth,0.28659911825,7.278334872418134e-05,2.3652608697150512,P2754__x2048_y1024,7,2048,1024,1024,1.0,936.5,668.0,45.0,687.0,52.0,673.0,96.0,654.0,90.0,2,0.0,0.0,-1,45.0,0.0439453125,0.069091796875,0.0008931159973144,1.213505484524235,9,False,0,0,0,0,petit,60-75,0.0005035400390625,0.0511572679191748,0.4857318241992002,0.1455613024382458,0.1717497446608409,-0.3401705217609543,-0.3046499644335229,Q2
val,P2754,59,val:P2754:59,tennis-court,4,0,890.0,32.0,50.0,46.173583984375,19.697715759277344,72.80145877993414,2745.0,1077.0,2763.0,1085.0,2750.0,1127.0,2731.0,1121.0,3457,3722,GoogleEarth,0.28659911825,6.916943979126684e-05,2.344108552923346,P2754__x2048_y1024,8,2048,1024,1024,1.0,890.0,697.0,53.0,715.0,61.0,702.0,103.0,683.0,97.0,2,0.0,0.0,-1,53.0,0.0517578125,0.07666015625,0.0008487701416015,1.207200156694184,9,False,0,0,0,0,petit,60-75,0.0005035400390625,0.0512979795506356,0.4857318241992002,0.1426513892372843,0.1689157595535415,-0.3430804349619158,-0.3021033980175818,Q2
val,P2754,60,val:P2754:60,storage-tank,2,0,210.0,14.0,15.0,15.0,14.0,90.0,491.0,1301.0,505.0,1301.0,505.0,1316.0,491.0,1316.0,3457,3722,GoogleEarth,0.28659911825,1.632087905187195e-05,1.0714285714285714,P2754__x0_y1024,4,0,1024,1024,1.0,210.0,491.0,277.0,505.0,277.0,505.0,292.0,491.0,292.0,1,0.0,0.0,-1,277.0,0.2705078125,0.27783203125,0.0002002716064453,0.7282385003712154,10,False,1,0,0,0,tres petit,75-90,0.0005035400390625,0.1025997253165582,0.4557974968260468,0.2191341207745091,-2.372479238115486,-0.2366633760515377,0.2691003407211372,Q4
val,P2754,61,val:P2754:61,storage-tank,2,0,225.0,15.0,15.0,15.0,15.0,0.0,196.0,2065.0,211.0,2065.0,211.0,2080.0,196.0,2080.0,3457,3722,GoogleEarth,0.28659911825,1.748665612700566e-05,1.0,P2754__x0_y2048,13,0,2048,1024,1.0,225.0,196.0,17.0,211.0,17.0,211.0,32.0,196.0,32.0,1,0.0,0.0,-1,17.0,0.0166015625,0.02392578125,0.0002145767211914,0.6931471805599453,17,False,1,0,0,0,tres petit,0-15,0.0005035400390625,0.0808173337996274,0.3414233172729293,0.1496261846661333,-2.0432091704884905,-0.1917971326067959,0.6574580132891951,Q4
val,P2754,62,val:P2754:62,large-vehicle,9,0,340.0,35.0,15.0,33.37664031982422,10.198039054870604,8.615648184164113,2257.0,676.0,2259.0,666.0,2292.0,671.0,2290.0,681.0,3457,3722,GoogleEarth,0.28659911825,2.6424280369697443e-05,3.272848842825667,P2754__x2048_y0,5,2048,0,1024,1.0,340.0,209.0,676.0,211.0,666.0,244.0,671.0,242.0,681.0,1,0.0,0.0,-1,209.0,0.2041015625,0.22119140625,0.0003242492675781,1.452280781083141,6,False,1,0,0,0,tres petit,0-15,0.0005035400390625,0.5350079644679515,0.595177870188948,0.2498464017290891,-0.8123271364169771,-0.3453314684598588,-0.31329286210431323,Q2
val,P2754,93,val:P2754:93,storage-tank,2,0,255.0,17.0,15.0,17.0,15.0,0.0,199.0,2081.0,216.0,2081.0,216.0,2096.0,199.0,2096.0,3457,3722,GoogleEarth,0.28659911825,1.981821027727308e-05,1.1333333333333333,P2754__x0_y2048,14,0,2048,1024,1.0,255.0,199.0,33.0,216.0,33.0,216.0,48.0,199.0,48.0,1,0.0,0.0,-1,33.0,0.0322265625,0.03955078125,0.0002431869506835,0.7576857016975165,17,False,1,0,0,0,tres petit,0-15,0.0005035400390625,0.0783551037484743,0.3427085885511562,0.1492555743811459,-2.098313926105847,-0.1934530141700102,-0.1368081512689401,Q3
val,P2754,95,val:P2754:95,storage-tank,2,0,304.0,16.0,19.0,19.0,16.0,90.0,168.0,2121.0,184.0,2121.0,184.0,2140.0,168.0,2140.0,3457,3722,GoogleEarth,0.28659911825,2.362641538937654e-05,1.1875,P2754__x0_y2048,15,0,2048,1024,1.0,304.0,168.0,73.0,184.0,73.0,184.0,92.0,168.0,92.0,1,0.0,0.0,-1,73.0,0.0712890625,0.08056640625,0.0002899169921875,0.7827593392496325,17,False,1,0,0,0,tres petit,75-90,0.0005035400390625,0.1115837714456712,0.4878474444135661,0.2201414562870734,-2.2405865731339425,-0.2677059881264927,-0.7441522863708341,Q1
val,P2754,96,val:P2754:96,storage-tank,2,0,240.0,15.0,16.0,16.0,15.0,90.0,173.0,2140.0,188.0,2140.0,188.0,2156.0,173.0,2156.0,3457,3722,GoogleEarth,0.28659911825,1.8652433202139373e-05,1.0666666666666669,P2754__x0_y2048,16,0,2048,1024,1.0,240.0,173.0,92.0,188.0,92.0,188.0,108.0,173.0,108.0,1,0.0,0.0,-1,92.0,0.08984375,0.09765625,0.0002288818359375,0.7259370033829363,17,False,1,0,0,0,tres petit,75-90,0.0005035400390625,0.1137080527196301,0.487563475580171,0.2215180029340535,-2.2141748938776145,-0.2660454726461174,0.0034059553715852092,Q4
val,P2754,97,val:P2754:97,storage-tank,2,1,182.0,13.0,14.0,14.0,13.0,90.0,843.0,3138.0,856.0,3138.0,856.0,3152.0,843.0,3152.0,3457,3722,GoogleEarth,0.28659911825,1.4144761844955693e-05,1.0769230769230769,P2754__x0_y2698,10,0,2698,1024,1.0,182.0,843.0,440.0,856.0,440.0,856.0,454.0,843.0,454.0,1,0.0,0.0,-1,168.0,0.1640625,0.17041015625,0.0001735687255859,0.7308875085427923,14,False,1,0,0,0,tres petit,75-90,0.0005035400390625,0.1087663533665894,0.4448016721054874,0.2193704478018421,-2.242327451967629,-0.2254312243036453,0.17847085516127417,Q4
val,P2754,98,val:P2754:98,storage-tank,2,1,182.0,13.0,14.0,14.0,13.0,90.0,856.0,3146.0,869.0,3146.0,869.0,3160.0,856.0,3160.0,3457,3722,GoogleEarth,0.28659911825,1.4144761844955693e-05,1.0769230769230769,P2754__x0_y2698,11,0,2698,1024,1.0,182.0,856.0,448.0,869.0,448.0,869.0,462.0,856.0,462.0,1,0.0,0.0,-1,155.0,0.1513671875,0.15771484375,0.0001735687255859,0.7308875085427923,14,False,1,0,0,0,tres petit,75-90,0.0005035400390625,0.1090996822098264,0.445706404503657,0.2202803363496253,-2.244500110239418,-0.2254260681540316,0.16236400975129642,Q4
val,P2754,99,val:P2754:99,storage-tank,2,0,210.0,14.0,15.0,15.0,14.0,90.0,867.0,3153.0,881.0,3153.0,881.0,3168.0,867.0,3168.0,3457,3722,GoogleEarth,0.28659911825,1.632087905187195e-05,1.0714285714285714,P2754__x0_y2698,12,0,2698,1024,1.0,210.0,867.0,455.0,881.0,455.0,881.0,470.0,867.0,470.0,1,0.0,0.0,-1,143.0,0.1396484375,0.146484375,0.0002002716064453,0.7282385003712154,14,False,1,0,0,0,tres petit,75-90,0.0005035400390625,0.1095128780343656,0.4452935378658616,0.2224999509661096,-2.254517663188644,-0.2227935868997519,0.17823286126910362,Q4
val,P2768,0,val:P2768:0,baseball-diamond,3,0,10645.0,118.0,135.0,119.85408020019533,89.62700653076172,79.90894276111109,484.0,1851.0,505.0,1969.0,417.0,1986.0,387.0,1889.0,1461,2357,GoogleEarth,0.581286820883,0.0030912623704944,1.33725408043232,P2768__x0_y1333,0,0,1333,1024,1.0,10645.0,484.0,518.0,505.0,636.0,417.0,653.0,387.0,556.0,2,0.0,0.0,-1,371.0,0.3623046875,0.423095703125,0.0101518630981445,0.8489767704139787,15,False,0,0,0,0,grand,75-90,0.0005035400390625,0.0902846874546617,0.198139794349147,0.077315062715206,0.0969794447020181,-0.120824731633941,-0.057274579818266495,Q4
val,P2768,1,val:P2768:1,tennis-court,4,0,798.0,19.0,42.0,42.0,19.0,90.0,631.0,1872.0,650.0,1872.0,650.0,1914.0,631.0,1914.0,1461,2357,GoogleEarth,0.581286820883,0.0002317357793945,2.210526315789474,P2768__x0_y1333,1,0,1333,1024,1.0,798.0,631.0,539.0,650.0,539.0,650.0,581.0,631.0,581.0,2,0.0,0.3570414781570434,0,374.0,0.365234375,0.37451171875,0.0007610321044921,1.1664348850068709,15,False,0,0,0,0,petit,75-90,0.0005035400390625,0.214890827474154,0.4863736131394673,0.118298109365496,0.2514225611571907,-0.3680755037739713,-0.23397578652884254,Q3
val,P2768,10,val:P2768:10,tennis-court,4,0,512.0,16.0,32.0,32.0,16.0,90.0,896.0,2061.0,912.0,2061.0,912.0,2093.0,896.0,2093.0,1461,2357,GoogleEarth,0.581286820883,0.0001486826053257,2.0,P2768__x0_y1333,10,0,1333,1024,1.0,512.0,896.0,728.0,912.0,728.0,912.0,760.0,896.0,760.0,1,0.0,0.0,-1,112.0,0.109375,0.1171875,0.00048828125,1.0986122886681098,15,False,1,0,0,0,tres petit,75-90,0.0005035400390625,0.2186287945980002,0.5094751526972434,0.1076856112750858,-0.8943395345421891,-0.4017895414221576,-0.19458661103520966,Q3
val,P2768,11,val:P2768:11,tennis-court,4,0,512.0,16.0,32.0,32.0,16.0,90.0,896.0,2002.0,912.0,2002.0,912.0,2034.0,896.0,2034.0,1461,2357,GoogleEarth,0.581286820883,0.0001486826053257,2.0,P2768__x0_y1333,11,0,1333,1024,1.0,512.0,896.0,669.0,912.0,669.0,912.0,701.0,896.0,701.0,2,0.0,0.0,-1,112.0,0.109375,0.1171875,0.00048828125,1.0986122886681098,15,False,1,0,0,0,tres petit,75-90,0.0005035400390625,0.2186287945980002,0.5094751526972434,0.1076856112750858,-0.8943395345421891,-0.4017895414221576,-0.19458661103520966,Q3
val,P2768,12,val:P2768:12,tennis-court,4,0,495.0,15.0,33.0,33.0,15.0,90.0,896.0,1910.0,911.0,1910.0,911.0,1943.0,896.0,1943.0,1461,2357,GoogleEarth,0.581286820883,0.0001437458781958,2.2,P2768__x0_y1333,12,0,1333,1024,1.0,495.0,896.0,577.0,911.0,577.0,911.0,610.0,896.0,610.0,2,0.0,0.0,-1,113.0,0.1103515625,0.11767578125,0.000472068786621,1.1631508098056809,15,False,1,0,0,0,tres petit,75-90,0.0005035400390625,0.2020544749224418,0.5075643574312712,0.1074142588545772,-0.9317604917432296,-0.4001500985766939,-0.1969166404677208,Q3
val,P2768,13,val:P2768:13,tennis-court,4,0,528.0,16.0,33.0,33.0,16.0,90.0,896.0,1851.0,912.0,1851.0,912.0,1884.0,896.0,1884.0,1461,2357,GoogleEarth,0.581286820883,0.0001533289367422,2.0625,P2768__x0_y1024,12,0,1024,1024,1.0,528.0,896.0,827.0,912.0,827.0,912.0,860.0,896.0,860.0,2,0.0,0.0,-1,112.0,0.109375,0.1171875,0.0005035400390625,1.119231575870845,14,False,1,0,0,0,tres petit,75-90,0.0005035400390625,0.2112140858176137,0.5074487680090032,0.1076856112750858,-0.9096042066725744,-0.3997631567339174,-0.20205409346546047,Q3
val,P2768,14,val:P2768:14,ground-track-field,6,1,51480.0,165.0,312.0,312.0,165.0,90.0,714.0,1819.0,879.0,1819.0,879.0,2131.0,714.0,2131.0,1461,2357,GoogleEarth,0.581286820883,0.0149495713323674,1.8909090909090909,P2768__x0_y1333,14,0,1333,1024,1.0,51480.0,714.0,486.0,879.0,486.0,879.0,798.0,714.0,798.0,2,0.0,0.0,-1,145.0,0.1416015625,0.22216796875,0.0490951538085937,1.0615710169877606,15,False,0,0,0,0,grand,75-90,0.0005035400390625,0.2531502425425392,0.3520190259039093,0.1053579234285785,0.2246773727520107,-0.2466611024753307,-0.21106487998673237,Q3
val,P2768,2,val:P2768:2,tennis-court,4,0,615.0,15.0,41.0,41.0,15.0,90.0,633.0,1810.0,648.0,1810.0,648.0,1851.0,633.0,1851.0,1461,2357,GoogleEarth,0.581286820883,0.000178593363819,2.7333333333333334,P2768__x0_y1333,2,0,1333,1024,1.0,615.0,633.0,477.0,648.0,477.0,648.0,518.0,633.0,518.0,2,0.0,0.3005326390266418,1,376.0,0.3671875,0.37451171875,0.0005865097045898,1.3173014896329391,15,False,0,0,0,0,petit,75-90,0.0005035400390625,0.1780784178871902,0.4817783370185809,0.1522786687704661,0.2566612837251066,-0.3294996682481148,-0.18057525854000298,Q3
val,P2768,3,val:P2768:3,basketball-court,5,1,1150.0,25.0,46.0,46.0,25.0,90.0,892.0,1753.0,917.0,1753.0,917.0,1799.0,892.0,1799.0,1461,2357,GoogleEarth,0.581286820883,0.0003339550705559,1.84,P2768__x0_y1024,3,0,1024,1024,1.0,1150.0,892.0,729.0,917.0,729.0,917.0,775.0,892.0,775.0,2,0.0,0.0,-1,107.0,0.1044921875,0.11669921875,0.0010967254638671,1.043804052173115,14,False,0,0,0,0,moyen,75-90,0.0005035400390625,0.5106953637568589,0.3755794391949247,0.108564620916723,0.5005631104301931,-0.2670148182782016,-0.20791641838700597,Q3
val,P2768,4,val:P2768:4,basketball-court,5,1,1296.0,27.0,48.0,48.0,27.0,90.0,859.0,1754.0,886.0,1754.0,886.0,1802.0,859.0,1802.0,1461,2357,GoogleEarth,0.581286820883,0.0003763528447309,1.7777777777777777,P2768__x0_y1024,4,0,1024,1024,1.0,1296.0,859.0,730.0,886.0,730.0,886.0,778.0,859.0,778.0,2,0.0,0.0,-1,138.0,0.134765625,0.14794921875,0.0012359619140625,1.0216512475319812,14,False,0,0,0,0,moyen,75-90,0.0005035400390625,0.5217848051033753,0.3665615806985384,0.1094307121472516,0.5093892767941108,-0.2571308685512868,-0.21361304728286037,Q3
val,P2768,5,val:P2768:5,basketball-court,5,1,1250.0,25.0,50.0,50.0,25.0,90.0,827.0,1754.0,852.0,1754.0,852.0,1804.0,827.0,1804.0,1461,2357,GoogleEarth,0.581286820883,0.0003629946419086,2.0,P2768__x0_y1024,5,0,1024,1024,1.0,1250.0,827.0,730.0,852.0,730.0,852.0,780.0,827.0,780.0,2,0.0,0.0,-1,172.0,0.16796875,0.18017578125,0.0011920928955078,1.0986122886681098,14,False,0,0,0,0,moyen,75-90,0.0005035400390625,0.4945914849222795,0.3834395359928819,0.1066453916016273,0.4818783444050956,-0.2767941443912546,-0.2070142767592658,Q3
val,P2768,6,val:P2768:6,basketball-court,5,0,1274.0,26.0,49.0,49.0,26.0,90.0,755.0,1756.0,781.0,1756.0,781.0,1805.0,755.0,1805.0,1461,2357,GoogleEarth,0.581286820883,0.0003699641390333,1.8846153846153848,P2768__x0_y1024,6,0,1024,1024,1.0,1274.0,755.0,732.0,781.0,732.0,781.0,781.0,755.0,781.0,2,0.0,0.0,-1,243.0,0.2373046875,0.25,0.0012149810791015,1.0593915755148284,14,False,0,0,0,0,moyen,75-90,0.0005035400390625,0.5154111860229373,0.3437494476817956,0.1052929917326045,0.4709066943485096,-0.2384564559491911,-0.21345100853874213,Q3
val,P2768,7,val:P2768:7,basketball-court,5,0,1152.0,24.0,48.0,48.0,24.0,90.0,725.0,1756.0,749.0,1756.0,749.0,1804.0,725.0,1804.0,1461,2357,GoogleEarth,0.581286820883,0.000334535861983,2.0,P2768__x0_y1333,7,0,1333,1024,1.0,1152.0,725.0,423.0,749.0,423.0,749.0,471.0,725.0,471.0,2,0.0,0.0,-1,275.0,0.2685546875,0.2802734375,0.0010986328125,1.0986122886681098,15,False,0,0,0,0,moyen,75-90,0.0005035400390625,0.5056689516547613,0.3795536654701449,0.1042943289925897,0.4925533808111762,-0.2752593364775552,-0.21673271838082636,Q3
val,P2768,8,val:P2768:8,basketball-court,5,0,1300.0,26.0,50.0,50.0,26.0,90.0,693.0,1755.0,719.0,1755.0,719.0,1805.0,693.0,1805.0,1461,2357,GoogleEarth,0.581286820883,0.000377514427585,1.9230769230769231,P2768__x0_y1333,8,0,1333,1024,1.0,1300.0,693.0,422.0,719.0,422.0,719.0,472.0,693.0,472.0,2,0.0,0.0,-1,305.0,0.2978515625,0.310546875,0.0012397766113281,1.0726368022648491,15,False,0,0,0,0,moyen,75-90,0.0005035400390625,0.5181645679054956,0.3505132294461217,0.1065862452818951,0.4835272587138151,-0.2439269841642265,-0.21869415807336517,Q3
val,P2768,9,val:P2768:9,swimming-pool,14,0,3192.0,84.0,38.0,84.0,38.0,0.0,561.0,2020.0,645.0,2020.0,645.0,2058.0,561.0,2058.0,1461,2357,GoogleEarth,0.581286820883,0.000926943117578,2.210526315789474,P2768__x0_y1333,9,0,1333,1024,1.0,3192.0,561.0,687.0,645.0,687.0,645.0,725.0,561.0,725.0,2,0.0,0.0,-1,299.0,0.2919921875,0.310546875,0.0030441284179687,1.1664348850068709,15,False,0,0,0,0,grand,0-15,0.0005035400390625,0.8703198009771551,0.1751396735884536,0.0618621295165771,1.237273078985083,-0.1132775440718764,-1.0,Q1
